relative_path,bytes,sha256
00_HANDOFF/00_START_HERE.md,1815,979ebf70eac4ea26e90397806195c67e7a1ce0dcc6f58faf21c5a5bffe1ddf49
00_HANDOFF/DETAILED_HANDOFF.md,10012,71e5611ff2ec29345ab27ef686354a6dd9864abfab6b353427bd066d24539394
00_HANDOFF/PROJECT_STATE.json,1973,fb55dbd69ab932c4c4e4542aaa1427285f47df87ece80ed2b2f0de6185322a54
00_HANDOFF/verify_migration.py,1078,00254701dddf99e10849f0e0210393e961d9fcf39a7e7f71ab20d5f8249c8a17
MIGRATION_MANIFEST.json,1780,ce582c1d7b2c466255a2dede7259810bb97efdbe12b8334737724a575a339b3d
workspace_mirror/outputs/.SPRINGFISH_COMPLETE_RESEARCH_MIGRATION_HAMBA_FULL_2026_08_21.zip.BJofM3,312737792,d2cc1b22eeec7c80faf55b95a4a4c4eedc5a7d60e0101f6af72954c0f2b29c75
workspace_mirror/outputs/SPRINGFISH_V34_2_4_MIROFISH_BRIDGE_EXECUTION_MIGRATION_DELTA_2026_08_12/00_HANDOFF/DETAILED_HANDOFF_V34_2_4.md,3772,43cc1bdb604441de1f00387e525c6f507f2861181a45f49aa44e639fe7eb47ae
workspace_mirror/outputs/SPRINGFISH_V34_2_4_MIROFISH_BRIDGE_EXECUTION_MIGRATION_DELTA_2026_08_12/00_HANDOFF/PROJECT_STATE.json,7866,f92a04afd94a6759a91427527f2eac0f595360104da5d75f79f09d6e9a33ab3f
workspace_mirror/outputs/SPRINGFISH_V34_2_4_MIROFISH_BRIDGE_EXECUTION_MIGRATION_DELTA_2026_08_12/00_HANDOFF/SPRINGFISH_CURRENT_HANDOFF_POINTER_2026_08_12_V34_2_4.md,2516,2901457a23ef037bbf17d7ce087d9c794a10d049645e545888671322904a8cdc
workspace_mirror/outputs/SPRINGFISH_V34_2_4_MIROFISH_BRIDGE_EXECUTION_MIGRATION_DELTA_2026_08_12/00_START_HERE.md,1598,b6b4439507732bc9db8bfbd624c8406f0049fd87f2848c11f0d2552ca7db2c92
workspace_mirror/outputs/SPRINGFISH_V34_2_4_MIROFISH_BRIDGE_EXECUTION_MIGRATION_DELTA_2026_08_12/01_MASTER_SYNTHESIS/THE_SPRING_LOADED_DOOR_MASTER_SYNTHESIS_V34_2_4_MIROFISH_BRIDGE_EXECUTION_AUGUST_2026.md,1566425,92cd02eb90a1330ec0443c01648bab990ef06dc8d9925851ed43eea07b596b50
workspace_mirror/outputs/SPRINGFISH_V34_2_4_MIROFISH_BRIDGE_EXECUTION_MIGRATION_DELTA_2026_08_12/02_ENGINE_CANDIDATE/CANDIDATE_RELEASE.json,1160,7cd571e2b71b8a1eecd3b81a4cdfbaa19c9d12680051f481184dd46ddfe573f8
workspace_mirror/outputs/SPRINGFISH_V34_2_4_MIROFISH_BRIDGE_EXECUTION_MIGRATION_DELTA_2026_08_12/02_ENGINE_CANDIDATE/CANDIDATE_RELEASE_MIROFISH_BRIDGE.json,911,50b1efbdff257b05490d768928e9a94e1727f49ec78e381680faaaebe426c109
workspace_mirror/outputs/SPRINGFISH_V34_2_4_MIROFISH_BRIDGE_EXECUTION_MIGRATION_DELTA_2026_08_12/02_ENGINE_CANDIDATE/CANONICAL_INTEGRATION_BOUNDARIES.md,189,8f80c0a2520bbc917cb706bdb3fb5ca19471efbebe3cb7845a43fc0e17938c2e
workspace_mirror/outputs/SPRINGFISH_V34_2_4_MIROFISH_BRIDGE_EXECUTION_MIGRATION_DELTA_2026_08_12/02_ENGINE_CANDIDATE/CHECKSUMS.sha256,24520,fac7f7507379a9d1324b1a1ce6feced00e36ac37b570d8dfca4280361de61840
workspace_mirror/outputs/SPRINGFISH_V34_2_4_MIROFISH_BRIDGE_EXECUTION_MIGRATION_DELTA_2026_08_12/02_ENGINE_CANDIDATE/EXECUTION_REPORT.md,1385,6be49a79f5e06620cb4f27dcf13ac71b14e34eccb106cdf1ae6f6f5874b45d63
workspace_mirror/outputs/SPRINGFISH_V34_2_4_MIROFISH_BRIDGE_EXECUTION_MIGRATION_DELTA_2026_08_12/02_ENGINE_CANDIDATE/MANIFEST.json,41882,a96f3a384748d501f3adbbc0bc2e3ecd56241279f2f90bb981ac6f5b73cb38e2
workspace_mirror/outputs/SPRINGFISH_V34_2_4_MIROFISH_BRIDGE_EXECUTION_MIGRATION_DELTA_2026_08_12/02_ENGINE_CANDIDATE/MIROFISH_BRIDGE_CHECKPOINT_README.md,3343,c6eb3f779fc76b637d80de65043e893f733548e4a6d6407f10f4c55e3ef28734
workspace_mirror/outputs/SPRINGFISH_V34_2_4_MIROFISH_BRIDGE_EXECUTION_MIGRATION_DELTA_2026_08_12/02_ENGINE_CANDIDATE/MIROFISH_BRIDGE_SOURCE_CONTRACT.md,1573,890ef2c43682dd1e0b82dc80e4b600df0b73dc995567078e4d1606644b17b57b
workspace_mirror/outputs/SPRINGFISH_V34_2_4_MIROFISH_BRIDGE_EXECUTION_MIGRATION_DELTA_2026_08_12/02_ENGINE_CANDIDATE/README.md,1218,981dbf4ae2ddad08fa1dfab28a35fbc9d8f66b92f764d97039f5fe8f25e6bda1
workspace_mirror/outputs/SPRINGFISH_V34_2_4_MIROFISH_BRIDGE_EXECUTION_MIGRATION_DELTA_2026_08_12/02_ENGINE_CANDIDATE/RQ621_BRIDGE_PREREGISTRATION.md,566,4cb97e99837c8b38b41c5d61c52878663001815ac1d9a7a330147567cfa3aac2
workspace_mirror/outputs/SPRINGFISH_V34_2_4_MIROFISH_BRIDGE_EXECUTION_MIGRATION_DELTA_2026_08_12/02_ENGINE_CANDIDATE/RQ621_SHADOW_ACTIVATION.md,877,966d00b0d3f117fdc74d05a837d9ec6c224eef0769c46f4e7040a18a4f88a5e5
workspace_mirror/outputs/SPRINGFISH_V34_2_4_MIROFISH_BRIDGE_EXECUTION_MIGRATION_DELTA_2026_08_12/02_ENGINE_CANDIDATE/adapters/architected_extraction/CASE_REGISTER.json,888,e2fb64ee7c5c2b2aace216dac426fdcea66952cbfdc9fc9c19ae8a4b6e675bdd
workspace_mirror/outputs/SPRINGFISH_V34_2_4_MIROFISH_BRIDGE_EXECUTION_MIGRATION_DELTA_2026_08_12/02_ENGINE_CANDIDATE/adapters/architected_extraction/EVIDENCE_FIREWALL.json,1203,09d38cb5b0691a32c335fa8251b967439483725f2461f1c5fb2f274fc18fb49a
workspace_mirror/outputs/SPRINGFISH_V34_2_4_MIROFISH_BRIDGE_EXECUTION_MIGRATION_DELTA_2026_08_12/02_ENGINE_CANDIDATE/adapters/architected_extraction/EVIDENCE_GAPS.csv,1882,4326530aa227dad3c5f658498c4beccdc57e70fe913fe3ea11ecb172161ecca8
workspace_mirror/outputs/SPRINGFISH_V34_2_4_MIROFISH_BRIDGE_EXECUTION_MIGRATION_DELTA_2026_08_12/02_ENGINE_CANDIDATE/adapters/architected_extraction/EVIDENTIARY_CONDITION_REGISTER.csv,1553,6168ba8b2870c0f5bd3a19999ddf56890b352dca7d991d0acba2edff28e56740
workspace_mirror/outputs/SPRINGFISH_V34_2_4_MIROFISH_BRIDGE_EXECUTION_MIGRATION_DELTA_2026_08_12/02_ENGINE_CANDIDATE/adapters/architected_extraction/MODEL_SPECIFICATION.md,2599,1e633810d8485fc1f830e05268b2fec8e5f41e865aa618e6059ca6dca13fdf2e
workspace_mirror/outputs/SPRINGFISH_V34_2_4_MIROFISH_BRIDGE_EXECUTION_MIGRATION_DELTA_2026_08_12/02_ENGINE_CANDIDATE/adapters/architected_extraction/MODULE_EVIDENCE_REGISTER.csv,1061,fc5d9f428be02e3f0f4eb0bbe6c8e535ac60d7ea6008a8d9b588fa2e4dfea727
workspace_mirror/outputs/SPRINGFISH_V34_2_4_MIROFISH_BRIDGE_EXECUTION_MIGRATION_DELTA_2026_08_12/02_ENGINE_CANDIDATE/adapters/architected_extraction/PARAMETER_REGISTER.csv,4898,400fa3e9472309fe12f677e74fa977d8baf2db862f7167ffe8fc993cdc7f1dee
workspace_mirror/outputs/SPRINGFISH_V34_2_4_MIROFISH_BRIDGE_EXECUTION_MIGRATION_DELTA_2026_08_12/02_ENGINE_CANDIDATE/adapters/architected_extraction/PRE_REGISTRATION.md,2693,9b4d77185e5b2104a550ac5d120925c87851bfa2cb08c6d49e1ae996a22dfd77
workspace_mirror/outputs/SPRINGFISH_V34_2_4_MIROFISH_BRIDGE_EXECUTION_MIGRATION_DELTA_2026_08_12/02_ENGINE_CANDIDATE/adapters/architected_extraction/README.md,1577,a843f1b41da5da46fa17072d01f70e1c2103ab6ea2e57950d8c9e270717afadf
workspace_mirror/outputs/SPRINGFISH_V34_2_4_MIROFISH_BRIDGE_EXECUTION_MIGRATION_DELTA_2026_08_12/02_ENGINE_CANDIDATE/adapters/architected_extraction/SCENARIOS.json,6525,704143b24f4f8e89e757db669755cf0e84abe32a2d27a2c8c2a69ab9dbec700b
workspace_mirror/outputs/SPRINGFISH_V34_2_4_MIROFISH_BRIDGE_EXECUTION_MIGRATION_DELTA_2026_08_12/02_ENGINE_CANDIDATE/adapters/architected_extraction/SCIENTIFIC_SUMMARY.json,847,ef641ac320b17e41f4c5623e1d401da32190742213868c61d721f1f89188159e
workspace_mirror/outputs/SPRINGFISH_V34_2_4_MIROFISH_BRIDGE_EXECUTION_MIGRATION_DELTA_2026_08_12/02_ENGINE_CANDIDATE/adapters/architected_extraction/SOURCE_CONTRACT.md,2223,a5d91b779ee9a94bad4793cf50cc312b2b37088c851ed5ae3f580643f4979a39
workspace_mirror/outputs/SPRINGFISH_V34_2_4_MIROFISH_BRIDGE_EXECUTION_MIGRATION_DELTA_2026_08_12/02_ENGINE_CANDIDATE/adapters/architected_extraction/STRESS_SCENARIOS.json,1716,bc69ba138ce09bb9fb1ddee76326e1878d7c51888275088ce1c369b07980d2da
workspace_mirror/outputs/SPRINGFISH_V34_2_4_MIROFISH_BRIDGE_EXECUTION_MIGRATION_DELTA_2026_08_12/02_ENGINE_CANDIDATE/adapters/architected_extraction/cases/bangladesh_data_centre_hypothetical.json,3163,ec9d2bbb87538160ef82dadcefa0670baa56735185ce86a1304a0211b21ee234
workspace_mirror/outputs/SPRINGFISH_V34_2_4_MIROFISH_BRIDGE_EXECUTION_MIGRATION_DELTA_2026_08_12/02_ENGINE_CANDIDATE/adapters/architected_extraction/cases/synthetic_conversion_project.json,3081,01ba159bfc2f17a26096131ea6a0de4be2ee6e537d44ab0ee2f2c38ac7c09b17
workspace_mirror/outputs/SPRINGFISH_V34_2_4_MIROFISH_BRIDGE_EXECUTION_MIGRATION_DELTA_2026_08_12/02_ENGINE_CANDIDATE/adapters/architected_extraction/reference/V34_2_CANDIDATE_DELTA.json,251220,eef14915e5b41b68ccbe22a5503e652abe69f677f1cc355122c782707e6986af
workspace_mirror/outputs/SPRINGFISH_V34_2_4_MIROFISH_BRIDGE_EXECUTION_MIGRATION_DELTA_2026_08_12/02_ENGINE_CANDIDATE/adapters/architected_extraction_intake/ADMISSION_RULES.json,1639,31e0d4fd65ce13212f22fee6ebd69fe79a945beed71ad325ec7f55367ebdbf68
workspace_mirror/outputs/SPRINGFISH_V34_2_4_MIROFISH_BRIDGE_EXECUTION_MIGRATION_DELTA_2026_08_12/02_ENGINE_CANDIDATE/adapters/architected_extraction_intake/PROJECT_INTAKE_SCHEMA.json,3057,f4f17b63ea6adc0ee3d0388cf8fe26f13c2e19a52214c47f5e33f03dcbdc3abb
workspace_mirror/outputs/SPRINGFISH_V34_2_4_MIROFISH_BRIDGE_EXECUTION_MIGRATION_DELTA_2026_08_12/02_ENGINE_CANDIDATE/adapters/architected_extraction_intake/README.md,1977,84e0380d90f2d21991e80397c50fdcb581f83ecd41d7c026994067301086b135
workspace_mirror/outputs/SPRINGFISH_V34_2_4_MIROFISH_BRIDGE_EXECUTION_MIGRATION_DELTA_2026_08_12/02_ENGINE_CANDIDATE/adapters/architected_extraction_intake/reference/BANGLADESH_PROJECT_INTAKE_UNPOPULATED.json,1134,98d3b2802d970a81ef3d6bde792f7913d3ea2b4e2569982b779abfde83f29161
workspace_mirror/outputs/SPRINGFISH_V34_2_4_MIROFISH_BRIDGE_EXECUTION_MIGRATION_DELTA_2026_08_12/02_ENGINE_CANDIDATE/adapters/architected_extraction_intake/reference/SYNTHETIC_ADMISSIBLE_PACKET.json,4548,c1458008b016fc3b3eee2cb30ea1a72695892094f41e94e7b73e13de9735e332
workspace_mirror/outputs/SPRINGFISH_V34_2_4_MIROFISH_BRIDGE_EXECUTION_MIGRATION_DELTA_2026_08_12/02_ENGINE_CANDIDATE/adapters/architected_extraction_intake/templates/BENEFIT_CHANNEL_REGISTER_TEMPLATE.csv,84,9ca6ebaf761204447f421c05588cda96bf7436aa030a8e89d50da153a7d3eaac
workspace_mirror/outputs/SPRINGFISH_V34_2_4_MIROFISH_BRIDGE_EXECUTION_MIGRATION_DELTA_2026_08_12/02_ENGINE_CANDIDATE/adapters/architected_extraction_intake/templates/EVIDENCE_ITEM_REGISTER_TEMPLATE.csv,91,e23ef9ba9127a13a9cc2f6af1fef952ac8557e411f5d47411736f07c07a8149a
workspace_mirror/outputs/SPRINGFISH_V34_2_4_MIROFISH_BRIDGE_EXECUTION_MIGRATION_DELTA_2026_08_12/02_ENGINE_CANDIDATE/adapters/architected_extraction_intake/templates/LIABILITY_GATE_EVIDENCE_REGISTER_TEMPLATE.csv,242,df1e10bc3ccf01ef913419b21c25e9d7c9e6867d5cd489f6c6a74a543244871a
workspace_mirror/outputs/SPRINGFISH_V34_2_4_MIROFISH_BRIDGE_EXECUTION_MIGRATION_DELTA_2026_08_12/02_ENGINE_CANDIDATE/adapters/architected_extraction_intake/templates/OVERLAP_RECONCILIATION_TEMPLATE.csv,59,bd4f94964a6a6a41e331b119b02afc634948a6c38346699c764b7d2a5b584d39
workspace_mirror/outputs/SPRINGFISH_V34_2_4_MIROFISH_BRIDGE_EXECUTION_MIGRATION_DELTA_2026_08_12/02_ENGINE_CANDIDATE/adapters/architected_extraction_intake/templates/PROJECT_INTAKE_TEMPLATE.json,980,3e86af359ed6ba792cd025f41289b2ee09687ac90dedbe688a7e6ce9d9fc78f1
workspace_mirror/outputs/SPRINGFISH_V34_2_4_MIROFISH_BRIDGE_EXECUTION_MIGRATION_DELTA_2026_08_12/02_ENGINE_CANDIDATE/adapters/architected_extraction_intake/templates/RIVAL_EXPLANATION_REGISTER_TEMPLATE.csv,55,9823d602e4aeac479ea9994d95ab22e446ea5a06d66dd4c8b3abf0103b3c2df1
workspace_mirror/outputs/SPRINGFISH_V34_2_4_MIROFISH_BRIDGE_EXECUTION_MIGRATION_DELTA_2026_08_12/02_ENGINE_CANDIDATE/adapters/architected_extraction_intake/templates/SOURCE_REGISTER_TEMPLATE.csv,114,77dd60e6a5cdd1c06f493d1cb27684d855e8c76895fde6dfc04663d59160aa77
workspace_mirror/outputs/SPRINGFISH_V34_2_4_MIROFISH_BRIDGE_EXECUTION_MIGRATION_DELTA_2026_08_12/02_ENGINE_CANDIDATE/adapters/rq621_bridge/BRIDGE_VALIDATION_SUMMARY.json,954,1ea01f1375277234e073e4cdca02df3f808ed838c32e13596b808cd22aca7d6a
workspace_mirror/outputs/SPRINGFISH_V34_2_4_MIROFISH_BRIDGE_EXECUTION_MIGRATION_DELTA_2026_08_12/02_ENGINE_CANDIDATE/adapters/rq621_bridge/CANDIDATE_MAPPING_REGISTER.csv,2915,46e3d48b5f95ee76e656f9e17921970345c2b6a7d5ac16e4bdc112ef55036128
workspace_mirror/outputs/SPRINGFISH_V34_2_4_MIROFISH_BRIDGE_EXECUTION_MIGRATION_DELTA_2026_08_12/02_ENGINE_CANDIDATE/adapters/rq621_bridge/ENGINE_OBSERVABLE_REGISTER.csv,825,abad655ba800cb0f18bc853d8b4f00e1b9bd941387a1556bf520cb03d2d3aa63
workspace_mirror/outputs/SPRINGFISH_V34_2_4_MIROFISH_BRIDGE_EXECUTION_MIGRATION_DELTA_2026_08_12/02_ENGINE_CANDIDATE/adapters/rq621_bridge/PREREGISTRATION_CONTRACT.json,1429,3091b5ce8c192ad44ea1fff2d1fba161707b1867151f5014131c276f1130a5ec
workspace_mirror/outputs/SPRINGFISH_V34_2_4_MIROFISH_BRIDGE_EXECUTION_MIGRATION_DELTA_2026_08_12/02_ENGINE_CANDIDATE/adapters/rq621_bridge/SEMANTIC_FIREWALL.csv,570,1aa8accb6aee1cf145dec79f7ca7ec985484d5d49683a259db1177d3ae7dd835
workspace_mirror/outputs/SPRINGFISH_V34_2_4_MIROFISH_BRIDGE_EXECUTION_MIGRATION_DELTA_2026_08_12/02_ENGINE_CANDIDATE/adapters/rq621_c1_evidence/ACCESS_GAPS.csv,2025,1bd448eed36bbbe7a709f6dcddf0c323de8cab1f17ca931920734f06655c4ff3
workspace_mirror/outputs/SPRINGFISH_V34_2_4_MIROFISH_BRIDGE_EXECUTION_MIGRATION_DELTA_2026_08_12/02_ENGINE_CANDIDATE/adapters/rq621_c1_evidence/CLAIM_REGISTER.csv,2275,3c9785199223e0b91679bd4ce3c8db6b433b459efab91dc3e5c625e61a836d96
workspace_mirror/outputs/SPRINGFISH_V34_2_4_MIROFISH_BRIDGE_EXECUTION_MIGRATION_DELTA_2026_08_12/02_ENGINE_CANDIDATE/adapters/rq621_c1_evidence/DEVELOPMENT_OBSERVATIONS.csv,4532,acb0e043dd1dad563b9af60cf7c8c138b1b251cab7236a13ea92fd8d978b676e
workspace_mirror/outputs/SPRINGFISH_V34_2_4_MIROFISH_BRIDGE_EXECUTION_MIGRATION_DELTA_2026_08_12/02_ENGINE_CANDIDATE/adapters/rq621_c1_evidence/ENTITY_SEPARATION_REGISTER.csv,775,fe4a76e0c52cc768090773e512a122d3004bb813ed8ec5aa28dd01501e27734f
workspace_mirror/outputs/SPRINGFISH_V34_2_4_MIROFISH_BRIDGE_EXECUTION_MIGRATION_DELTA_2026_08_12/02_ENGINE_CANDIDATE/adapters/rq621_c1_evidence/FINANCE_STAGE_REGISTER.csv,633,fe1746c6f6e4abded0e0ff074088f2c25a26b369c9f4569626cd5a0457eda016
workspace_mirror/outputs/SPRINGFISH_V34_2_4_MIROFISH_BRIDGE_EXECUTION_MIGRATION_DELTA_2026_08_12/02_ENGINE_CANDIDATE/adapters/rq621_c1_evidence/PINK_SHEET_FERTILIZER_EXTRACT.csv,351,021b4e3fc7958e97993f1faacd2b4cd0f0720ee09e0a0b964d9c627a5d67dc8a
workspace_mirror/outputs/SPRINGFISH_V34_2_4_MIROFISH_BRIDGE_EXECUTION_MIGRATION_DELTA_2026_08_12/02_ENGINE_CANDIDATE/adapters/rq621_c1_evidence/PROSPECTIVE_HOLDOUT.json,1206,6b2d172f89dc0c5ba9a413228d82984d4b2119fbaba57d71a154aced97826f14
workspace_mirror/outputs/SPRINGFISH_V34_2_4_MIROFISH_BRIDGE_EXECUTION_MIGRATION_DELTA_2026_08_12/02_ENGINE_CANDIDATE/adapters/rq621_c1_evidence/SCIENTIFIC_SUMMARY.json,1037,f49b562dcc2aef3cb2a0cb417e07ff434a76875374528f00ee84c4d493512996
workspace_mirror/outputs/SPRINGFISH_V34_2_4_MIROFISH_BRIDGE_EXECUTION_MIGRATION_DELTA_2026_08_12/02_ENGINE_CANDIDATE/adapters/rq621_c1_evidence/SOURCE_REGISTER.csv,7533,2e57dccf54bb5b47f114faa1f970fe07d99782b3d314100c3073523aec0c1c83
workspace_mirror/outputs/SPRINGFISH_V34_2_4_MIROFISH_BRIDGE_EXECUTION_MIGRATION_DELTA_2026_08_12/02_ENGINE_CANDIDATE/adapters/rq621_c1_evidence/STATE_EVIDENCE_MATRIX.csv,3127,821e7144895da33b6085d162ce48e3e570c44e06bc22867d023276dd632bffd2
workspace_mirror/outputs/SPRINGFISH_V34_2_4_MIROFISH_BRIDGE_EXECUTION_MIGRATION_DELTA_2026_08_12/02_ENGINE_CANDIDATE/adapters/rq621_shadow/CONSTRAINT_SWITCH_RESULTS.csv,508,ca591488fb60ebe0083fe499fc0558b57bd5bb174cf70c1d640a453d4aa50ba0
workspace_mirror/outputs/SPRINGFISH_V34_2_4_MIROFISH_BRIDGE_EXECUTION_MIGRATION_DELTA_2026_08_12/02_ENGINE_CANDIDATE/adapters/rq621_shadow/DOMINANT_FEEDBACK_CHANNELS.csv,8143,fa8ca376e572d63eab5ee453ca18effc43ce88cfc9832cae9b5c01ae13425b98
workspace_mirror/outputs/SPRINGFISH_V34_2_4_MIROFISH_BRIDGE_EXECUTION_MIGRATION_DELTA_2026_08_12/02_ENGINE_CANDIDATE/adapters/rq621_shadow/EIGENVALUES.csv,9127,95c156793030354c267e91cc6fed00b3ab3e2ba6e974a2cad3e84bc676b06313
workspace_mirror/outputs/SPRINGFISH_V34_2_4_MIROFISH_BRIDGE_EXECUTION_MIGRATION_DELTA_2026_08_12/02_ENGINE_CANDIDATE/adapters/rq621_shadow/FINITE_DIFFERENCE_VALIDATION.csv,3590,c54e4abdd30f6c37a3fe7885905e21cd92766f4553bea22dfb3b91fb73bc14f0
workspace_mirror/outputs/SPRINGFISH_V34_2_4_MIROFISH_BRIDGE_EXECUTION_MIGRATION_DELTA_2026_08_12/02_ENGINE_CANDIDATE/adapters/rq621_shadow/FIXED_POINTS.csv,2263,d4f31655ef2b5fdbbe44936e541c6fbb45497d7e9b48b949fbc3d15c02ef4be3
workspace_mirror/outputs/SPRINGFISH_V34_2_4_MIROFISH_BRIDGE_EXECUTION_MIGRATION_DELTA_2026_08_12/02_ENGINE_CANDIDATE/adapters/rq621_shadow/JACOBIAN_MATRICES_LONG.csv,83336,708e47978fd273d6d61e88ab4c70f434dd60a9664bdef4b6e11de7c6cd2a7ee7
workspace_mirror/outputs/SPRINGFISH_V34_2_4_MIROFISH_BRIDGE_EXECUTION_MIGRATION_DELTA_2026_08_12/02_ENGINE_CANDIDATE/adapters/rq621_shadow/LOCAL_GLOBAL_BOUNDARY.csv,635,8c9927bcc093034c3e0dd1ff3932578896f6c99651d3762f343af20cb4ffc1b6
workspace_mirror/outputs/SPRINGFISH_V34_2_4_MIROFISH_BRIDGE_EXECUTION_MIGRATION_DELTA_2026_08_12/02_ENGINE_CANDIDATE/adapters/rq621_shadow/PARAMETER_REGISTER.csv,5324,910d8cf2b7c694d7d8e1382b657bafdbe7e8959be30f24834fe76002d67c228d
workspace_mirror/outputs/SPRINGFISH_V34_2_4_MIROFISH_BRIDGE_EXECUTION_MIGRATION_DELTA_2026_08_12/02_ENGINE_CANDIDATE/adapters/rq621_shadow/PERTURBATION_TRAJECTORIES.csv,64959,125f72a99c6674412199dd09e9e9cde178ac46451d87dc364d0d3ad78da9d506
workspace_mirror/outputs/SPRINGFISH_V34_2_4_MIROFISH_BRIDGE_EXECUTION_MIGRATION_DELTA_2026_08_12/02_ENGINE_CANDIDATE/adapters/rq621_shadow/SCIENTIFIC_SUMMARY.json,323,2e41dac2a548bb1f1ce3864beeb45cf7fd496af7891312130fd2fe84445bd727
workspace_mirror/outputs/SPRINGFISH_V34_2_4_MIROFISH_BRIDGE_EXECUTION_MIGRATION_DELTA_2026_08_12/02_ENGINE_CANDIDATE/adapters/rq621_shadow/SHADOW_ACTIVATION_CONTRACT.json,828,d8b05e017e543a4fcc420412b64cbb813af291b46d4eb90c470b2bc26e2db878
workspace_mirror/outputs/SPRINGFISH_V34_2_4_MIROFISH_BRIDGE_EXECUTION_MIGRATION_DELTA_2026_08_12/02_ENGINE_CANDIDATE/adapters/rq621_shadow/SPECTRAL_RADIUS_SUMMARY.csv,1211,45d1de301bd515f4e9ee1897e3bd90254d2e3d08cf94746eab3f9430c4b5c454
workspace_mirror/outputs/SPRINGFISH_V34_2_4_MIROFISH_BRIDGE_EXECUTION_MIGRATION_DELTA_2026_08_12/02_ENGINE_CANDIDATE/adapters/rq621_shadow/STABILITY_CLASSIFICATION.csv,172,6282032b05eb11f81bba8ebdd7a7eecf63204966d867ed11dbe78fa82b2a72e4
workspace_mirror/outputs/SPRINGFISH_V34_2_4_MIROFISH_BRIDGE_EXECUTION_MIGRATION_DELTA_2026_08_12/02_ENGINE_CANDIDATE/adapters/rq621_shadow/STABILITY_SCENARIOS.csv,5324,910d8cf2b7c694d7d8e1382b657bafdbe7e8959be30f24834fe76002d67c228d
workspace_mirror/outputs/SPRINGFISH_V34_2_4_MIROFISH_BRIDGE_EXECUTION_MIGRATION_DELTA_2026_08_12/02_ENGINE_CANDIDATE/adapters/rq621_shadow/STATE_MAPPING_REGISTER.csv,1298,bcd60252dfbc037d27a65ea9b68750aa7c3a6c7509540ab0b74e08f057b1c252
workspace_mirror/outputs/SPRINGFISH_V34_2_4_MIROFISH_BRIDGE_EXECUTION_MIGRATION_DELTA_2026_08_12/02_ENGINE_CANDIDATE/adapters/study_007e/COMPARATIVE_CLAIM_REGISTER.csv,776,925dec9f4a0f9ac7708d9484f8bef2b72499b221ea146fcbcb85d1f08c1de175
workspace_mirror/outputs/SPRINGFISH_V34_2_4_MIROFISH_BRIDGE_EXECUTION_MIGRATION_DELTA_2026_08_12/02_ENGINE_CANDIDATE/adapters/study_007e/EVIDENCE_GAPS.csv,802,a2a021ddada68ed825776462fa48e39b8b43d36b2070bda3f19e0916c68cc968
workspace_mirror/outputs/SPRINGFISH_V34_2_4_MIROFISH_BRIDGE_EXECUTION_MIGRATION_DELTA_2026_08_12/02_ENGINE_CANDIDATE/adapters/study_007e/EXIT_LAYER_REGISTER.csv,1613,248d7176cd118fbaf43506344b61dec20122fa7aa96135d3b6579576af4a83b1
workspace_mirror/outputs/SPRINGFISH_V34_2_4_MIROFISH_BRIDGE_EXECUTION_MIGRATION_DELTA_2026_08_12/02_ENGINE_CANDIDATE/adapters/study_007e/PLATFORM_PORTABILITY_MATRIX.csv,2755,76a645227ed85c730c4a772a0c8dc5d27dcc6783eac5ad7c78be5d30bfac8778
workspace_mirror/outputs/SPRINGFISH_V34_2_4_MIROFISH_BRIDGE_EXECUTION_MIGRATION_DELTA_2026_08_12/02_ENGINE_CANDIDATE/adapters/study_007e/PORTABILITY_BY_LAYER.csv,3960,a797df71fa3beb145fd26c012cb08e583314f59551569d430a18572df3192fb0
workspace_mirror/outputs/SPRINGFISH_V34_2_4_MIROFISH_BRIDGE_EXECUTION_MIGRATION_DELTA_2026_08_12/02_ENGINE_CANDIDATE/adapters/study_007e/SCIENTIFIC_SUMMARY.json,682,d06a44035043d0ade62228eba376ce35f7cc7ae2eb2d5a7ac65294f7774978e1
workspace_mirror/outputs/SPRINGFISH_V34_2_4_MIROFISH_BRIDGE_EXECUTION_MIGRATION_DELTA_2026_08_12/02_ENGINE_CANDIDATE/adapters/study_007e/SOURCE_REGISTER.csv,4160,11b9f43b781383df2328ac315cc5199a7b6023eded9ae531fc098d29842fc7a0
workspace_mirror/outputs/SPRINGFISH_V34_2_4_MIROFISH_BRIDGE_EXECUTION_MIGRATION_DELTA_2026_08_12/02_ENGINE_CANDIDATE/adapters/study_007f/COMPARATIVE_CLAIM_REGISTER.csv,1123,095970491dccfbc0ad5eed285ed2fec837a17ca2faa63537d5daf90f3bf44b99
workspace_mirror/outputs/SPRINGFISH_V34_2_4_MIROFISH_BRIDGE_EXECUTION_MIGRATION_DELTA_2026_08_12/02_ENGINE_CANDIDATE/adapters/study_007f/DEVOPS_CATEGORY_SUMMARY.csv,325,e7c99649d326b22c63f704934073afdddb37e520a1c715ebe1ea95b7127a8a29
workspace_mirror/outputs/SPRINGFISH_V34_2_4_MIROFISH_BRIDGE_EXECUTION_MIGRATION_DELTA_2026_08_12/02_ENGINE_CANDIDATE/adapters/study_007f/DEVOPS_INCIDENT_LEDGER.csv,2144,50a6ff7477a07ef19cfd063ff591d673040981db5d5c92a4afdda923dd76f9a1
workspace_mirror/outputs/SPRINGFISH_V34_2_4_MIROFISH_BRIDGE_EXECUTION_MIGRATION_DELTA_2026_08_12/02_ENGINE_CANDIDATE/adapters/study_007f/DEVOPS_LAYER_REGISTER.csv,2779,e058b08a4d3e4f48c31726d5a0ea5940287329ddac725852c6af3c822110434b
workspace_mirror/outputs/SPRINGFISH_V34_2_4_MIROFISH_BRIDGE_EXECUTION_MIGRATION_DELTA_2026_08_12/02_ENGINE_CANDIDATE/adapters/study_007f/EVIDENCE_GAPS.csv,1284,751be9c01fc50cf19f2cb911a84dc0be1f42e9dcdc4d3ef9705dc3927adb8558
workspace_mirror/outputs/SPRINGFISH_V34_2_4_MIROFISH_BRIDGE_EXECUTION_MIGRATION_DELTA_2026_08_12/02_ENGINE_CANDIDATE/adapters/study_007f/MIGRATION_REVERSIBILITY_MATRIX.csv,1175,5cacc1c9fcd92d70433350a6d94270c44617629a2e1e77348fa6f718d6915c49
workspace_mirror/outputs/SPRINGFISH_V34_2_4_MIROFISH_BRIDGE_EXECUTION_MIGRATION_DELTA_2026_08_12/02_ENGINE_CANDIDATE/adapters/study_007f/PLATFORM_EXECUTION_MATRIX.csv,2859,deab9c979c705d5df9710a990d8d31552c6109a6d7a0f87e81ade706f742402c
workspace_mirror/outputs/SPRINGFISH_V34_2_4_MIROFISH_BRIDGE_EXECUTION_MIGRATION_DELTA_2026_08_12/02_ENGINE_CANDIDATE/adapters/study_007f/PLATFORM_LAYER_COVERAGE.csv,612,9b7810fe98324c6adfb7ef3f269e6c99e9de1319f26fca47acd3b76c946b16c4
workspace_mirror/outputs/SPRINGFISH_V34_2_4_MIROFISH_BRIDGE_EXECUTION_MIGRATION_DELTA_2026_08_12/02_ENGINE_CANDIDATE/adapters/study_007f/SCIENTIFIC_SUMMARY.json,739,67de840dfb547f02622c4df84b61d6a2a2bb7cb06008f11539a423f7fd57ace3
workspace_mirror/outputs/SPRINGFISH_V34_2_4_MIROFISH_BRIDGE_EXECUTION_MIGRATION_DELTA_2026_08_12/02_ENGINE_CANDIDATE/adapters/study_007f/SOURCE_REGISTER.csv,5417,8a8a4b08bc6bf75ee3a3454f9d8a97053da80c462b4005f0d561ba2e3c7bec38
workspace_mirror/outputs/SPRINGFISH_V34_2_4_MIROFISH_BRIDGE_EXECUTION_MIGRATION_DELTA_2026_08_12/02_ENGINE_CANDIDATE/adapters/study_007g/COMPARATIVE_CLAIM_REGISTER.csv,864,ffac55536aa029e5bf695398ccccd8dedd615ff829acd4dc028a35e694fd75c3
workspace_mirror/outputs/SPRINGFISH_V34_2_4_MIROFISH_BRIDGE_EXECUTION_MIGRATION_DELTA_2026_08_12/02_ENGINE_CANDIDATE/adapters/study_007g/EVIDENCE_GAPS.csv,980,bbcf9d87988971faf3b91a89401c2e09118a1f5ad11bd5c83e6373be420650f4
workspace_mirror/outputs/SPRINGFISH_V34_2_4_MIROFISH_BRIDGE_EXECUTION_MIGRATION_DELTA_2026_08_12/02_ENGINE_CANDIDATE/adapters/study_007g/HISTORY_DEPENDENCY_LAYER_REGISTER.csv,1827,2f07dab586a70d3a7545f53db4b570aaa614969865ab73358ab09ffc06f5c3c4
workspace_mirror/outputs/SPRINGFISH_V34_2_4_MIROFISH_BRIDGE_EXECUTION_MIGRATION_DELTA_2026_08_12/02_ENGINE_CANDIDATE/adapters/study_007g/INCIDENT_LEDGER.csv,1103,95662c34983847b9c0e857df2bfc4ce7dd41542a01bbb29fa0a239e8f7ff2086
workspace_mirror/outputs/SPRINGFISH_V34_2_4_MIROFISH_BRIDGE_EXECUTION_MIGRATION_DELTA_2026_08_12/02_ENGINE_CANDIDATE/adapters/study_007g/PLATFORM_HISTORY_PORTABILITY_MATRIX.csv,4457,685e465174c0ed0fe69dbcc2cd380c72ddb319b70281e53071bd776ccefc0e4f
workspace_mirror/outputs/SPRINGFISH_V34_2_4_MIROFISH_BRIDGE_EXECUTION_MIGRATION_DELTA_2026_08_12/02_ENGINE_CANDIDATE/adapters/study_007g/RAMP_CATEGORY_METRICS.csv,1157,1f8fda3af28f1fbd1ac9471fcaf4d1b4f50c7b9251cbfea2bcaa4f903e6125a5
workspace_mirror/outputs/SPRINGFISH_V34_2_4_MIROFISH_BRIDGE_EXECUTION_MIGRATION_DELTA_2026_08_12/02_ENGINE_CANDIDATE/adapters/study_007g/RAMP_VENDOR_METRICS.csv,3225,82ab19e015cc7fdcb2da901a093b6aa2e5a8bf9e589ce5fd86c0126bbea921ba
workspace_mirror/outputs/SPRINGFISH_V34_2_4_MIROFISH_BRIDGE_EXECUTION_MIGRATION_DELTA_2026_08_12/02_ENGINE_CANDIDATE/adapters/study_007g/SCIENTIFIC_SUMMARY.json,601,08400b3e27a16a2610ae1ca02e3172a2a233c655f94bff6d3cbbb11b05b0fc97
workspace_mirror/outputs/SPRINGFISH_V34_2_4_MIROFISH_BRIDGE_EXECUTION_MIGRATION_DELTA_2026_08_12/02_ENGINE_CANDIDATE/adapters/study_007g/SOURCE_REGISTER.csv,6478,f967554b2aaa97e1649e6c17b7484ad98ecd8dc22977f96f7dbdba865146f98d
workspace_mirror/outputs/SPRINGFISH_V34_2_4_MIROFISH_BRIDGE_EXECUTION_MIGRATION_DELTA_2026_08_12/02_ENGINE_CANDIDATE/adapters/study_007h/ANOMALY_HYPOTHESIS_REGISTER.csv,3092,b9cadc4f75911f58d63731acac5f04dd3a81c222247a622ed3f9be84be574e7c
workspace_mirror/outputs/SPRINGFISH_V34_2_4_MIROFISH_BRIDGE_EXECUTION_MIGRATION_DELTA_2026_08_12/02_ENGINE_CANDIDATE/adapters/study_007h/BI_VENDOR_DIAGNOSTIC.csv,2046,709f5c38afca07b43ba613ab7e028798d08320e4b97c0c302ce4768b494bef31
workspace_mirror/outputs/SPRINGFISH_V34_2_4_MIROFISH_BRIDGE_EXECUTION_MIGRATION_DELTA_2026_08_12/02_ENGINE_CANDIDATE/adapters/study_007h/CATEGORY_CONCENTRATION_SUMMARY.csv,741,fccedf17ed46cbcd609c9fd61bc45bac2fe73a43b05b1d9fed927f11d73365bd
workspace_mirror/outputs/SPRINGFISH_V34_2_4_MIROFISH_BRIDGE_EXECUTION_MIGRATION_DELTA_2026_08_12/02_ENGINE_CANDIDATE/adapters/study_007h/COMPARATIVE_CLAIM_REGISTER.csv,1914,82d250affc4c87925b4e891069c5c2b122b660ee9c726aa6f1328b9164910c60
workspace_mirror/outputs/SPRINGFISH_V34_2_4_MIROFISH_BRIDGE_EXECUTION_MIGRATION_DELTA_2026_08_12/02_ENGINE_CANDIDATE/adapters/study_007h/EVIDENCE_GAPS.csv,1694,e01a6a7e0183b25ce38672fc2606f56c92af000a732618ab06b277f43b9a28ab
workspace_mirror/outputs/SPRINGFISH_V34_2_4_MIROFISH_BRIDGE_EXECUTION_MIGRATION_DELTA_2026_08_12/02_ENGINE_CANDIDATE/adapters/study_007h/LOOKER_SEGMENT_PROFILE.csv,473,0b76192227af65b364447579a415886c7308fd6955a67b421642b2e8a5c2bfab
workspace_mirror/outputs/SPRINGFISH_V34_2_4_MIROFISH_BRIDGE_EXECUTION_MIGRATION_DELTA_2026_08_12/02_ENGINE_CANDIDATE/adapters/study_007h/NAMED_SCALE_EXEMPLARS.csv,949,53182124a66cdfc60290348df1ed8dcad031a63ec9c239cb36f7ae5b4602af4d
workspace_mirror/outputs/SPRINGFISH_V34_2_4_MIROFISH_BRIDGE_EXECUTION_MIGRATION_DELTA_2026_08_12/02_ENGINE_CANDIDATE/adapters/study_007h/PRODUCT_ARCHITECTURE_REGISTER.csv,1782,4ea8cd48d5117d73ca6e77db497aad8f46f31b6b7b9ae89fc6a4c4d8c856f7a1
workspace_mirror/outputs/SPRINGFISH_V34_2_4_MIROFISH_BRIDGE_EXECUTION_MIGRATION_DELTA_2026_08_12/02_ENGINE_CANDIDATE/adapters/study_007h/SCIENTIFIC_SUMMARY.json,952,30c77496782a8110909f923670622a0c267d9cf80cda140f9038793d36ce38ce
workspace_mirror/outputs/SPRINGFISH_V34_2_4_MIROFISH_BRIDGE_EXECUTION_MIGRATION_DELTA_2026_08_12/02_ENGINE_CANDIDATE/adapters/study_007h/SOURCE_REGISTER.csv,4762,1c538d915be0789be6d14d50da3fd4039c32db13a134c084bba507ee52fdf7b9
workspace_mirror/outputs/SPRINGFISH_V34_2_4_MIROFISH_BRIDGE_EXECUTION_MIGRATION_DELTA_2026_08_12/02_ENGINE_CANDIDATE/base_release/SPRINGFISH_V3_0_BETA3_STUDY008_ARCHITECTED_EXTRACTION_EXPERIMENTAL_CANDIDATE.zip,2346626,8ace06854c6c8961769274653e5b612734fc30b1858c7260c58b2f42a745b092
workspace_mirror/outputs/SPRINGFISH_V34_2_4_MIROFISH_BRIDGE_EXECUTION_MIGRATION_DELTA_2026_08_12/02_ENGINE_CANDIDATE/base_release/SPRINGFISH_V3_0_BETA3_STUDY008_ARCHITECTED_EXTRACTION_EXPERIMENTAL_CANDIDATE.zip.integrity.json,777,3f25bac553ac66f8278fce114930dbcbd987c95d56657335ab76cf300b046b12
workspace_mirror/outputs/SPRINGFISH_V34_2_4_MIROFISH_BRIDGE_EXECUTION_MIGRATION_DELTA_2026_08_12/02_ENGINE_CANDIDATE/base_release/SPRINGFISH_V3_0_BETA3_STUDY008_ARCHITECTED_EXTRACTION_EXPERIMENTAL_CANDIDATE.zip.sha256,147,2401d4ead18562eeb2b0d6a070d771c6e0050bb73af4e53c3ca21b92602e1fff
workspace_mirror/outputs/SPRINGFISH_V34_2_4_MIROFISH_BRIDGE_EXECUTION_MIGRATION_DELTA_2026_08_12/02_ENGINE_CANDIDATE/base_release/SPRINGFISH_V3_0_CANONICAL_ENGINE_BETA3.zip,1124637,3875bfd84a34bc4842d48f6ec7775169161ee809e4039358d8d7691b4c1df055
workspace_mirror/outputs/SPRINGFISH_V34_2_4_MIROFISH_BRIDGE_EXECUTION_MIGRATION_DELTA_2026_08_12/02_ENGINE_CANDIDATE/base_release/SPRINGFISH_V3_0_CANONICAL_ENGINE_BETA3.zip.integrity.json,530,cee5a144cc39b004344b0ef1f30e3ae138464731a76c336d956974d73c22070d
workspace_mirror/outputs/SPRINGFISH_V34_2_4_MIROFISH_BRIDGE_EXECUTION_MIGRATION_DELTA_2026_08_12/02_ENGINE_CANDIDATE/base_release/SPRINGFISH_V3_0_CANONICAL_ENGINE_BETA3.zip.sha256,109,e3fb793a332901f7a33d88900ae466f47775ac9958820b8b7b6a509081bb59d8
workspace_mirror/outputs/SPRINGFISH_V34_2_4_MIROFISH_BRIDGE_EXECUTION_MIGRATION_DELTA_2026_08_12/02_ENGINE_CANDIDATE/build_study008_release.py,18317,2eb011c74585d4c445ae00db301cf82c78c18bfdbca64cf7152ddeec0e4dd1b8
workspace_mirror/outputs/SPRINGFISH_V34_2_4_MIROFISH_BRIDGE_EXECUTION_MIGRATION_DELTA_2026_08_12/02_ENGINE_CANDIDATE/build_study008b_release.py,27413,d866204906f151f256bda1dd7a50045f84b6e0573e72e7e65bd5f805e6ce3bbf
workspace_mirror/outputs/SPRINGFISH_V34_2_4_MIROFISH_BRIDGE_EXECUTION_MIGRATION_DELTA_2026_08_12/02_ENGINE_CANDIDATE/config/base.yaml,2589,3debdbf90da000c2990e25bfbef38ad31bc2c1490b725a1f20ba9b4315b16ed5
workspace_mirror/outputs/SPRINGFISH_V34_2_4_MIROFISH_BRIDGE_EXECUTION_MIGRATION_DELTA_2026_08_12/02_ENGINE_CANDIDATE/config/cases/C1_bangladesh_fertiliser.yaml,2453,9a5aabf809ddda56e41fbf7293229fad0f51712f301432d8f692ef3eee67f8b7
workspace_mirror/outputs/SPRINGFISH_V34_2_4_MIROFISH_BRIDGE_EXECUTION_MIGRATION_DELTA_2026_08_12/02_ENGINE_CANDIDATE/config/cases/C2_ukraine_recovery.yaml,2814,d6fbc301f1d665730a8c87a10829bf5802d3d8a45160a946b25ce6f84cd7640c
workspace_mirror/outputs/SPRINGFISH_V34_2_4_MIROFISH_BRIDGE_EXECUTION_MIGRATION_DELTA_2026_08_12/02_ENGINE_CANDIDATE/config/cases/C3_venezuela_claims.yaml,2617,28644acb889a4decd9258786f0822545c1212986e3f3bf2821c5d68782c7a662
workspace_mirror/outputs/SPRINGFISH_V34_2_4_MIROFISH_BRIDGE_EXECUTION_MIGRATION_DELTA_2026_08_12/02_ENGINE_CANDIDATE/config/cases/C4_kenya_future_revenue.yaml,2401,d2472f2e29b7e7336c02379e37709af175747c31e051b8e2b67ddad0792869c8
workspace_mirror/outputs/SPRINGFISH_V34_2_4_MIROFISH_BRIDGE_EXECUTION_MIGRATION_DELTA_2026_08_12/02_ENGINE_CANDIDATE/config/model_families/baseline_v13.yaml,487,c9c6a70e4a6f9cdf0d2f2dacc472a22c07d7dc4b15c16e35d656955c4c27ab04
workspace_mirror/outputs/SPRINGFISH_V34_2_4_MIROFISH_BRIDGE_EXECUTION_MIGRATION_DELTA_2026_08_12/02_ENGINE_CANDIDATE/config/model_families/conservative_propagation.yaml,665,ca3f2cb569f17c33409d4e33580d59e1078f6086ef8801b572a9bc7809e5a8b7
workspace_mirror/outputs/SPRINGFISH_V34_2_4_MIROFISH_BRIDGE_EXECUTION_MIGRATION_DELTA_2026_08_12/02_ENGINE_CANDIDATE/config/model_families/institutional_hysteresis.yaml,828,699d4f20bac5c366222e59d298fe8d285d3b85219af7fba1c4c1d73163c00cb4
workspace_mirror/outputs/SPRINGFISH_V34_2_4_MIROFISH_BRIDGE_EXECUTION_MIGRATION_DELTA_2026_08_12/02_ENGINE_CANDIDATE/config/model_families/quantal_adaptation.yaml,690,9fb83f360ad13c934431cd6c6663173f3325562ae7e64e50e3d177135aa0aec1
workspace_mirror/outputs/SPRINGFISH_V34_2_4_MIROFISH_BRIDGE_EXECUTION_MIGRATION_DELTA_2026_08_12/02_ENGINE_CANDIDATE/data/actor_calibration_bridge.csv,1479,bb9c9f5d74dca2e464ffa6251e46074dc9ff22b4001c1a041ea66036fc15ec7c
workspace_mirror/outputs/SPRINGFISH_V34_2_4_MIROFISH_BRIDGE_EXECUTION_MIGRATION_DELTA_2026_08_12/02_ENGINE_CANDIDATE/data/case_subgraphs/C1_edges.csv,48142,5ecd70a1096a31e42fee7388530a3b96faa123e9bdb677ffc90a8c68fd634750
workspace_mirror/outputs/SPRINGFISH_V34_2_4_MIROFISH_BRIDGE_EXECUTION_MIGRATION_DELTA_2026_08_12/02_ENGINE_CANDIDATE/data/case_subgraphs/C1_manifest.json,146,2b1a14483856894ef98981f7bbabd2f4b87ff132387210276a2653035cb69f07
workspace_mirror/outputs/SPRINGFISH_V34_2_4_MIROFISH_BRIDGE_EXECUTION_MIGRATION_DELTA_2026_08_12/02_ENGINE_CANDIDATE/data/case_subgraphs/C1_nodes.csv,15555,e8f686903f2441e4dafdae62961af79a12724176cb5aac76f78e5fad46189d58
workspace_mirror/outputs/SPRINGFISH_V34_2_4_MIROFISH_BRIDGE_EXECUTION_MIGRATION_DELTA_2026_08_12/02_ENGINE_CANDIDATE/data/case_subgraphs/C2_edges.csv,2837,d16b7008331bd2ac723b4ec15d3ab8a95cdc457a13c007bf0cf20919a05770b7
workspace_mirror/outputs/SPRINGFISH_V34_2_4_MIROFISH_BRIDGE_EXECUTION_MIGRATION_DELTA_2026_08_12/02_ENGINE_CANDIDATE/data/case_subgraphs/C2_manifest.json,125,1fee98676c5fb3d06c97f39056632a7db129ae943ee5cea0586d0a933af28ca2
workspace_mirror/outputs/SPRINGFISH_V34_2_4_MIROFISH_BRIDGE_EXECUTION_MIGRATION_DELTA_2026_08_12/02_ENGINE_CANDIDATE/data/case_subgraphs/C2_nodes.csv,1453,3a31b5c4a68ee91c81ba3a28bbd8792bce19dbb2be4c11a473d8f9997f486406
workspace_mirror/outputs/SPRINGFISH_V34_2_4_MIROFISH_BRIDGE_EXECUTION_MIGRATION_DELTA_2026_08_12/02_ENGINE_CANDIDATE/data/case_subgraphs/C3_edges.csv,117932,ed7dbf8b1df3cbb044050103979472fa6179392297eb093d818772553e587bf5
workspace_mirror/outputs/SPRINGFISH_V34_2_4_MIROFISH_BRIDGE_EXECUTION_MIGRATION_DELTA_2026_08_12/02_ENGINE_CANDIDATE/data/case_subgraphs/C3_manifest.json,240,b838ff8d475b0ef7252770e194fb5158a140226da269f89c7910adae9df54c3b
workspace_mirror/outputs/SPRINGFISH_V34_2_4_MIROFISH_BRIDGE_EXECUTION_MIGRATION_DELTA_2026_08_12/02_ENGINE_CANDIDATE/data/case_subgraphs/C3_nodes.csv,27899,ab9703139e5dea22442710c16b414c17d9ad3077a4876c67546e45f9be94e275
workspace_mirror/outputs/SPRINGFISH_V34_2_4_MIROFISH_BRIDGE_EXECUTION_MIGRATION_DELTA_2026_08_12/02_ENGINE_CANDIDATE/data/case_subgraphs/C4_edges.csv,2778,f554bd7e75e200e85c7db98afe5c7aad41245f4f9d8d9bfa045ef52acee0f208
workspace_mirror/outputs/SPRINGFISH_V34_2_4_MIROFISH_BRIDGE_EXECUTION_MIGRATION_DELTA_2026_08_12/02_ENGINE_CANDIDATE/data/case_subgraphs/C4_manifest.json,142,e96771715b12929aa9956df90dc5b43cfd38a12feba7123ab12f7282d459411b
workspace_mirror/outputs/SPRINGFISH_V34_2_4_MIROFISH_BRIDGE_EXECUTION_MIGRATION_DELTA_2026_08_12/02_ENGINE_CANDIDATE/data/case_subgraphs/C4_nodes.csv,1218,5698fc5a5e9d5fb07087d2ce710eb4b2b1a31e2e05675bcbd47bd2a167f8dc7a
workspace_mirror/outputs/SPRINGFISH_V34_2_4_MIROFISH_BRIDGE_EXECUTION_MIGRATION_DELTA_2026_08_12/02_ENGINE_CANDIDATE/data/network_metrics.json,308,9b8f5ff505437014312cd47224bf331de33366baa7cc46fc7804adda17ff8217
workspace_mirror/outputs/SPRINGFISH_V34_2_4_MIROFISH_BRIDGE_EXECUTION_MIGRATION_DELTA_2026_08_12/02_ENGINE_CANDIDATE/data/nodes.csv,1141163,5a866b63eda564564cac7726e87411ce8886b9130466b966740ec9e5e5446697
workspace_mirror/outputs/SPRINGFISH_V34_2_4_MIROFISH_BRIDGE_EXECUTION_MIGRATION_DELTA_2026_08_12/02_ENGINE_CANDIDATE/data/payoff_priors.csv,4488,7869ba79e6d4371078f94ecd865f8486b8e8537c898fd8d9b5ad278bfc89e10e
workspace_mirror/outputs/SPRINGFISH_V34_2_4_MIROFISH_BRIDGE_EXECUTION_MIGRATION_DELTA_2026_08_12/02_ENGINE_CANDIDATE/data/relationships.csv,2966839,b5c9304644a02494e49a2d5c5b76973297e1a0287ba27aff660313174276470b
workspace_mirror/outputs/SPRINGFISH_V34_2_4_MIROFISH_BRIDGE_EXECUTION_MIGRATION_DELTA_2026_08_12/02_ENGINE_CANDIDATE/data/rq621/DOMINANT_FEEDBACK_CHANNELS.csv,8143,fa8ca376e572d63eab5ee453ca18effc43ce88cfc9832cae9b5c01ae13425b98
workspace_mirror/outputs/SPRINGFISH_V34_2_4_MIROFISH_BRIDGE_EXECUTION_MIGRATION_DELTA_2026_08_12/02_ENGINE_CANDIDATE/data/rq621/PARAMETER_REGISTER.csv,5324,910d8cf2b7c694d7d8e1382b657bafdbe7e8959be30f24834fe76002d67c228d
workspace_mirror/outputs/SPRINGFISH_V34_2_4_MIROFISH_BRIDGE_EXECUTION_MIGRATION_DELTA_2026_08_12/02_ENGINE_CANDIDATE/data/rq621/SCIENTIFIC_SUMMARY.json,323,2e41dac2a548bb1f1ce3864beeb45cf7fd496af7891312130fd2fe84445bd727
workspace_mirror/outputs/SPRINGFISH_V34_2_4_MIROFISH_BRIDGE_EXECUTION_MIGRATION_DELTA_2026_08_12/02_ENGINE_CANDIDATE/data/rq621/SPECTRAL_RADIUS_SUMMARY.csv,1211,45d1de301bd515f4e9ee1897e3bd90254d2e3d08cf94746eab3f9430c4b5c454
workspace_mirror/outputs/SPRINGFISH_V34_2_4_MIROFISH_BRIDGE_EXECUTION_MIGRATION_DELTA_2026_08_12/02_ENGINE_CANDIDATE/data/rq621/STABILITY_CLASSIFICATION.csv,172,6282032b05eb11f81bba8ebdd7a7eecf63204966d867ed11dbe78fa82b2a72e4
workspace_mirror/outputs/SPRINGFISH_V34_2_4_MIROFISH_BRIDGE_EXECUTION_MIGRATION_DELTA_2026_08_12/02_ENGINE_CANDIDATE/data/rq621/STABILITY_SCENARIOS.csv,5324,910d8cf2b7c694d7d8e1382b657bafdbe7e8959be30f24834fe76002d67c228d
workspace_mirror/outputs/SPRINGFISH_V34_2_4_MIROFISH_BRIDGE_EXECUTION_MIGRATION_DELTA_2026_08_12/02_ENGINE_CANDIDATE/data/study_adapter_registry.csv,4198,f104f3ca7d4a70a5acabd234cd3c5865c75105d71ecf5957c6ba95780ed0455b
workspace_mirror/outputs/SPRINGFISH_V34_2_4_MIROFISH_BRIDGE_EXECUTION_MIGRATION_DELTA_2026_08_12/02_ENGINE_CANDIDATE/data/unresolved_calibration_mappings.csv,971,81eb6f0dd5ea1e2f1fbb6c0125d1f8bd9fd077c5d9b0c61d229f3d506eb6f90d
workspace_mirror/outputs/SPRINGFISH_V34_2_4_MIROFISH_BRIDGE_EXECUTION_MIGRATION_DELTA_2026_08_12/02_ENGINE_CANDIDATE/integration/APPLY_TO_MIROFISH_OFFLINE.md,1536,d7d9fa5e565165d1a63cbb8bb1d35432f4b9e2b7061f6c33b5bc01aabb043e32
workspace_mirror/outputs/SPRINGFISH_V34_2_4_MIROFISH_BRIDGE_EXECUTION_MIGRATION_DELTA_2026_08_12/02_ENGINE_CANDIDATE/integration/MIROFISH_BRIDGE_MANIFEST.json,2053,86a510ea3a6b385cf42d80a620689ce6ec351ed216ce3793da81808a255224ca
workspace_mirror/outputs/SPRINGFISH_V34_2_4_MIROFISH_BRIDGE_EXECUTION_MIGRATION_DELTA_2026_08_12/02_ENGINE_CANDIDATE/outputs/mirofish_offline_replay/EXECUTION_SUMMARY.json,176,9345f9a3f2b55b03aea89b93d22960536565fb3f39e14a510c4977f194e057bf
workspace_mirror/outputs/SPRINGFISH_V34_2_4_MIROFISH_BRIDGE_EXECUTION_MIGRATION_DELTA_2026_08_12/02_ENGINE_CANDIDATE/outputs/mirofish_offline_replay/MANIFEST_GATE.json,919,a69dfcc95c193d445e58e9eadc16c782780d6385597e733aa9d21b472606703d
workspace_mirror/outputs/SPRINGFISH_V34_2_4_MIROFISH_BRIDGE_EXECUTION_MIGRATION_DELTA_2026_08_12/02_ENGINE_CANDIDATE/outputs/mirofish_offline_replay/matrix/MATRIX_RESULTS.json,61770,b8db629db3c478370f6dc1cbf7c3c1b0a3e6e6323a1ddc411943d73951a68991
workspace_mirror/outputs/SPRINGFISH_V34_2_4_MIROFISH_BRIDGE_EXECUTION_MIGRATION_DELTA_2026_08_12/02_ENGINE_CANDIDATE/outputs/mirofish_offline_replay/matrix/direct_evidence__deterministic_rule__no_interaction/normalized_actions.jsonl,0,e3b0c44298fc1c149afbf4c8996fb92427ae41e4649b934ca495991b7852b855
workspace_mirror/outputs/SPRINGFISH_V34_2_4_MIROFISH_BRIDGE_EXECUTION_MIGRATION_DELTA_2026_08_12/02_ENGINE_CANDIDATE/outputs/mirofish_offline_replay/matrix/direct_evidence__deterministic_rule__no_interaction/profiles/reddit_profiles.json,17243,c26ad52fc0ba9bccc5717fbc24335888ce5cc92c23c31e57c364a48b12ddee35
workspace_mirror/outputs/SPRINGFISH_V34_2_4_MIROFISH_BRIDGE_EXECUTION_MIGRATION_DELTA_2026_08_12/02_ENGINE_CANDIDATE/outputs/mirofish_offline_replay/matrix/direct_evidence__deterministic_rule__no_interaction/profiles/twitter_profiles.json,17966,f9d2126e6d1064565b5c57384e6faced1992c34a36dcaa1ae250b94d6185446a
workspace_mirror/outputs/SPRINGFISH_V34_2_4_MIROFISH_BRIDGE_EXECUTION_MIGRATION_DELTA_2026_08_12/02_ENGINE_CANDIDATE/outputs/mirofish_offline_replay/matrix/direct_evidence__deterministic_rule__no_interaction/propagation.json,3,37517e5f3dc66819f61f5a7bb8ace1921282415f10551d2defa5c3eb0985b570
workspace_mirror/outputs/SPRINGFISH_V34_2_4_MIROFISH_BRIDGE_EXECUTION_MIGRATION_DELTA_2026_08_12/02_ENGINE_CANDIDATE/outputs/mirofish_offline_replay/matrix/direct_evidence__deterministic_rule__no_interaction/raw_oasis_actions.jsonl,0,e3b0c44298fc1c149afbf4c8996fb92427ae41e4649b934ca495991b7852b855
workspace_mirror/outputs/SPRINGFISH_V34_2_4_MIROFISH_BRIDGE_EXECUTION_MIGRATION_DELTA_2026_08_12/02_ENGINE_CANDIDATE/outputs/mirofish_offline_replay/matrix/direct_evidence__deterministic_rule__no_interaction/result.json,3111,e2366287adf4e27c385a85a4edb73bf725e40ad2fd60f48f54d0ea3a8b32f1da
workspace_mirror/outputs/SPRINGFISH_V34_2_4_MIROFISH_BRIDGE_EXECUTION_MIGRATION_DELTA_2026_08_12/02_ENGINE_CANDIDATE/outputs/mirofish_offline_replay/matrix/direct_evidence__deterministic_rule__observed/normalized_actions.jsonl,7394,51cb8cfc47740e0fe71532effe645cb034d792350760aa05523561825a94e8d2
workspace_mirror/outputs/SPRINGFISH_V34_2_4_MIROFISH_BRIDGE_EXECUTION_MIGRATION_DELTA_2026_08_12/02_ENGINE_CANDIDATE/outputs/mirofish_offline_replay/matrix/direct_evidence__deterministic_rule__observed/profiles/reddit_profiles.json,17243,c26ad52fc0ba9bccc5717fbc24335888ce5cc92c23c31e57c364a48b12ddee35
workspace_mirror/outputs/SPRINGFISH_V34_2_4_MIROFISH_BRIDGE_EXECUTION_MIGRATION_DELTA_2026_08_12/02_ENGINE_CANDIDATE/outputs/mirofish_offline_replay/matrix/direct_evidence__deterministic_rule__observed/profiles/twitter_profiles.json,17966,f9d2126e6d1064565b5c57384e6faced1992c34a36dcaa1ae250b94d6185446a
workspace_mirror/outputs/SPRINGFISH_V34_2_4_MIROFISH_BRIDGE_EXECUTION_MIGRATION_DELTA_2026_08_12/02_ENGINE_CANDIDATE/outputs/mirofish_offline_replay/matrix/direct_evidence__deterministic_rule__observed/propagation.json,2105,28085af9dedc1fc478dd704d35129487da086795771896d704b5a85ff1dd315f
workspace_mirror/outputs/SPRINGFISH_V34_2_4_MIROFISH_BRIDGE_EXECUTION_MIGRATION_DELTA_2026_08_12/02_ENGINE_CANDIDATE/outputs/mirofish_offline_replay/matrix/direct_evidence__deterministic_rule__observed/raw_oasis_actions.jsonl,3059,3ac6edac7a80137ef0395e31fecdaef25539e83a79dd0c668d29b6dfb8e581bd
workspace_mirror/outputs/SPRINGFISH_V34_2_4_MIROFISH_BRIDGE_EXECUTION_MIGRATION_DELTA_2026_08_12/02_ENGINE_CANDIDATE/outputs/mirofish_offline_replay/matrix/direct_evidence__deterministic_rule__observed/result.json,3115,72f6ef3390689b692a94cc6acce92ac37e2b57cc202177ec021067bbb57779b7
workspace_mirror/outputs/SPRINGFISH_V34_2_4_MIROFISH_BRIDGE_EXECUTION_MIGRATION_DELTA_2026_08_12/02_ENGINE_CANDIDATE/outputs/mirofish_offline_replay/matrix/direct_evidence__deterministic_rule__shuffled/normalized_actions.jsonl,7494,fe65325ea36c991425dec06a7270ece4ccc768da486f257db62d0c9476794dbe
workspace_mirror/outputs/SPRINGFISH_V34_2_4_MIROFISH_BRIDGE_EXECUTION_MIGRATION_DELTA_2026_08_12/02_ENGINE_CANDIDATE/outputs/mirofish_offline_replay/matrix/direct_evidence__deterministic_rule__shuffled/profiles/reddit_profiles.json,17243,c26ad52fc0ba9bccc5717fbc24335888ce5cc92c23c31e57c364a48b12ddee35
workspace_mirror/outputs/SPRINGFISH_V34_2_4_MIROFISH_BRIDGE_EXECUTION_MIGRATION_DELTA_2026_08_12/02_ENGINE_CANDIDATE/outputs/mirofish_offline_replay/matrix/direct_evidence__deterministic_rule__shuffled/profiles/twitter_profiles.json,17966,f9d2126e6d1064565b5c57384e6faced1992c34a36dcaa1ae250b94d6185446a
workspace_mirror/outputs/SPRINGFISH_V34_2_4_MIROFISH_BRIDGE_EXECUTION_MIGRATION_DELTA_2026_08_12/02_ENGINE_CANDIDATE/outputs/mirofish_offline_replay/matrix/direct_evidence__deterministic_rule__shuffled/propagation.json,2155,214791b9048ff71cb346c17730eb875a4c48b7981e30cf1b42477f4931fe8b08
workspace_mirror/outputs/SPRINGFISH_V34_2_4_MIROFISH_BRIDGE_EXECUTION_MIGRATION_DELTA_2026_08_12/02_ENGINE_CANDIDATE/outputs/mirofish_offline_replay/matrix/direct_evidence__deterministic_rule__shuffled/raw_oasis_actions.jsonl,3109,55dac391ac3b0b08d2149a12c3c043f59069129793572b196516b7246aec1e60
workspace_mirror/outputs/SPRINGFISH_V34_2_4_MIROFISH_BRIDGE_EXECUTION_MIGRATION_DELTA_2026_08_12/02_ENGINE_CANDIDATE/outputs/mirofish_offline_replay/matrix/direct_evidence__deterministic_rule__shuffled/result.json,3115,da9f5926297c91cf4f03fb7fff8d75219a7129a2c71d9af67d69047ba4ca00a8
workspace_mirror/outputs/SPRINGFISH_V34_2_4_MIROFISH_BRIDGE_EXECUTION_MIGRATION_DELTA_2026_08_12/02_ENGINE_CANDIDATE/outputs/mirofish_offline_replay/matrix/direct_evidence__persona_heuristic__no_interaction/normalized_actions.jsonl,0,e3b0c44298fc1c149afbf4c8996fb92427ae41e4649b934ca495991b7852b855
workspace_mirror/outputs/SPRINGFISH_V34_2_4_MIROFISH_BRIDGE_EXECUTION_MIGRATION_DELTA_2026_08_12/02_ENGINE_CANDIDATE/outputs/mirofish_offline_replay/matrix/direct_evidence__persona_heuristic__no_interaction/profiles/reddit_profiles.json,17243,c26ad52fc0ba9bccc5717fbc24335888ce5cc92c23c31e57c364a48b12ddee35
workspace_mirror/outputs/SPRINGFISH_V34_2_4_MIROFISH_BRIDGE_EXECUTION_MIGRATION_DELTA_2026_08_12/02_ENGINE_CANDIDATE/outputs/mirofish_offline_replay/matrix/direct_evidence__persona_heuristic__no_interaction/profiles/twitter_profiles.json,17966,f9d2126e6d1064565b5c57384e6faced1992c34a36dcaa1ae250b94d6185446a
workspace_mirror/outputs/SPRINGFISH_V34_2_4_MIROFISH_BRIDGE_EXECUTION_MIGRATION_DELTA_2026_08_12/02_ENGINE_CANDIDATE/outputs/mirofish_offline_replay/matrix/direct_evidence__persona_heuristic__no_interaction/propagation.json,3,37517e5f3dc66819f61f5a7bb8ace1921282415f10551d2defa5c3eb0985b570
workspace_mirror/outputs/SPRINGFISH_V34_2_4_MIROFISH_BRIDGE_EXECUTION_MIGRATION_DELTA_2026_08_12/02_ENGINE_CANDIDATE/outputs/mirofish_offline_replay/matrix/direct_evidence__persona_heuristic__no_interaction/raw_oasis_actions.jsonl,0,e3b0c44298fc1c149afbf4c8996fb92427ae41e4649b934ca495991b7852b855
workspace_mirror/outputs/SPRINGFISH_V34_2_4_MIROFISH_BRIDGE_EXECUTION_MIGRATION_DELTA_2026_08_12/02_ENGINE_CANDIDATE/outputs/mirofish_offline_replay/matrix/direct_evidence__persona_heuristic__no_interaction/result.json,3110,7e6e7dd9fe17ce595632403e68aaeed7452687e2d7c598fb70ade91648d88432
workspace_mirror/outputs/SPRINGFISH_V34_2_4_MIROFISH_BRIDGE_EXECUTION_MIGRATION_DELTA_2026_08_12/02_ENGINE_CANDIDATE/outputs/mirofish_offline_replay/matrix/direct_evidence__persona_heuristic__observed/normalized_actions.jsonl,7394,51cb8cfc47740e0fe71532effe645cb034d792350760aa05523561825a94e8d2
workspace_mirror/outputs/SPRINGFISH_V34_2_4_MIROFISH_BRIDGE_EXECUTION_MIGRATION_DELTA_2026_08_12/02_ENGINE_CANDIDATE/outputs/mirofish_offline_replay/matrix/direct_evidence__persona_heuristic__observed/profiles/reddit_profiles.json,17243,c26ad52fc0ba9bccc5717fbc24335888ce5cc92c23c31e57c364a48b12ddee35
workspace_mirror/outputs/SPRINGFISH_V34_2_4_MIROFISH_BRIDGE_EXECUTION_MIGRATION_DELTA_2026_08_12/02_ENGINE_CANDIDATE/outputs/mirofish_offline_replay/matrix/direct_evidence__persona_heuristic__observed/profiles/twitter_profiles.json,17966,f9d2126e6d1064565b5c57384e6faced1992c34a36dcaa1ae250b94d6185446a
workspace_mirror/outputs/SPRINGFISH_V34_2_4_MIROFISH_BRIDGE_EXECUTION_MIGRATION_DELTA_2026_08_12/02_ENGINE_CANDIDATE/outputs/mirofish_offline_replay/matrix/direct_evidence__persona_heuristic__observed/propagation.json,2105,28085af9dedc1fc478dd704d35129487da086795771896d704b5a85ff1dd315f
workspace_mirror/outputs/SPRINGFISH_V34_2_4_MIROFISH_BRIDGE_EXECUTION_MIGRATION_DELTA_2026_08_12/02_ENGINE_CANDIDATE/outputs/mirofish_offline_replay/matrix/direct_evidence__persona_heuristic__observed/raw_oasis_actions.jsonl,3059,3ac6edac7a80137ef0395e31fecdaef25539e83a79dd0c668d29b6dfb8e581bd
workspace_mirror/outputs/SPRINGFISH_V34_2_4_MIROFISH_BRIDGE_EXECUTION_MIGRATION_DELTA_2026_08_12/02_ENGINE_CANDIDATE/outputs/mirofish_offline_replay/matrix/direct_evidence__persona_heuristic__observed/result.json,3114,155b38f13c50603d9f55112a56a296a66f737a76b97d0406ff64cea453854e47
workspace_mirror/outputs/SPRINGFISH_V34_2_4_MIROFISH_BRIDGE_EXECUTION_MIGRATION_DELTA_2026_08_12/02_ENGINE_CANDIDATE/outputs/mirofish_offline_replay/matrix/direct_evidence__persona_heuristic__shuffled/normalized_actions.jsonl,2766,19268a135477505586b8253a48fc580aeb6bcf37f793ee591027720561c2fb77
workspace_mirror/outputs/SPRINGFISH_V34_2_4_MIROFISH_BRIDGE_EXECUTION_MIGRATION_DELTA_2026_08_12/02_ENGINE_CANDIDATE/outputs/mirofish_offline_replay/matrix/direct_evidence__persona_heuristic__shuffled/profiles/reddit_profiles.json,17243,c26ad52fc0ba9bccc5717fbc24335888ce5cc92c23c31e57c364a48b12ddee35
workspace_mirror/outputs/SPRINGFISH_V34_2_4_MIROFISH_BRIDGE_EXECUTION_MIGRATION_DELTA_2026_08_12/02_ENGINE_CANDIDATE/outputs/mirofish_offline_replay/matrix/direct_evidence__persona_heuristic__shuffled/profiles/twitter_profiles.json,17966,f9d2126e6d1064565b5c57384e6faced1992c34a36dcaa1ae250b94d6185446a
workspace_mirror/outputs/SPRINGFISH_V34_2_4_MIROFISH_BRIDGE_EXECUTION_MIGRATION_DELTA_2026_08_12/02_ENGINE_CANDIDATE/outputs/mirofish_offline_replay/matrix/direct_evidence__persona_heuristic__shuffled/propagation.json,806,ab8f02e52f37ee0def6ee034975e947b082dd62a07494bca0f9ac798f74a9117
workspace_mirror/outputs/SPRINGFISH_V34_2_4_MIROFISH_BRIDGE_EXECUTION_MIGRATION_DELTA_2026_08_12/02_ENGINE_CANDIDATE/outputs/mirofish_offline_replay/matrix/direct_evidence__persona_heuristic__shuffled/raw_oasis_actions.jsonl,1151,87070ec82cc71e0d7e559af3769defd10289680a3ee5ec24af4218169271104a
workspace_mirror/outputs/SPRINGFISH_V34_2_4_MIROFISH_BRIDGE_EXECUTION_MIGRATION_DELTA_2026_08_12/02_ENGINE_CANDIDATE/outputs/mirofish_offline_replay/matrix/direct_evidence__persona_heuristic__shuffled/result.json,3125,eec912b162e5b3175c1836a260713dc9bbf1a992d8b86ded6894af69b35b0260
workspace_mirror/outputs/SPRINGFISH_V34_2_4_MIROFISH_BRIDGE_EXECUTION_MIGRATION_DELTA_2026_08_12/02_ENGINE_CANDIDATE/outputs/mirofish_offline_replay/matrix/direct_evidence__seeded_stochastic_rule__no_interaction/normalized_actions.jsonl,0,e3b0c44298fc1c149afbf4c8996fb92427ae41e4649b934ca495991b7852b855
workspace_mirror/outputs/SPRINGFISH_V34_2_4_MIROFISH_BRIDGE_EXECUTION_MIGRATION_DELTA_2026_08_12/02_ENGINE_CANDIDATE/outputs/mirofish_offline_replay/matrix/direct_evidence__seeded_stochastic_rule__no_interaction/profiles/reddit_profiles.json,17243,c26ad52fc0ba9bccc5717fbc24335888ce5cc92c23c31e57c364a48b12ddee35
workspace_mirror/outputs/SPRINGFISH_V34_2_4_MIROFISH_BRIDGE_EXECUTION_MIGRATION_DELTA_2026_08_12/02_ENGINE_CANDIDATE/outputs/mirofish_offline_replay/matrix/direct_evidence__seeded_stochastic_rule__no_interaction/profiles/twitter_profiles.json,17966,f9d2126e6d1064565b5c57384e6faced1992c34a36dcaa1ae250b94d6185446a
workspace_mirror/outputs/SPRINGFISH_V34_2_4_MIROFISH_BRIDGE_EXECUTION_MIGRATION_DELTA_2026_08_12/02_ENGINE_CANDIDATE/outputs/mirofish_offline_replay/matrix/direct_evidence__seeded_stochastic_rule__no_interaction/propagation.json,3,37517e5f3dc66819f61f5a7bb8ace1921282415f10551d2defa5c3eb0985b570
workspace_mirror/outputs/SPRINGFISH_V34_2_4_MIROFISH_BRIDGE_EXECUTION_MIGRATION_DELTA_2026_08_12/02_ENGINE_CANDIDATE/outputs/mirofish_offline_replay/matrix/direct_evidence__seeded_stochastic_rule__no_interaction/raw_oasis_actions.jsonl,0,e3b0c44298fc1c149afbf4c8996fb92427ae41e4649b934ca495991b7852b855
workspace_mirror/outputs/SPRINGFISH_V34_2_4_MIROFISH_BRIDGE_EXECUTION_MIGRATION_DELTA_2026_08_12/02_ENGINE_CANDIDATE/outputs/mirofish_offline_replay/matrix/direct_evidence__seeded_stochastic_rule__no_interaction/result.json,3115,692068bc9b65a121ae1517e99c0a01449874801749e8fb88b1d956b1c850a09f
workspace_mirror/outputs/SPRINGFISH_V34_2_4_MIROFISH_BRIDGE_EXECUTION_MIGRATION_DELTA_2026_08_12/02_ENGINE_CANDIDATE/outputs/mirofish_offline_replay/matrix/direct_evidence__seeded_stochastic_rule__observed/normalized_actions.jsonl,7394,51cb8cfc47740e0fe71532effe645cb034d792350760aa05523561825a94e8d2
workspace_mirror/outputs/SPRINGFISH_V34_2_4_MIROFISH_BRIDGE_EXECUTION_MIGRATION_DELTA_2026_08_12/02_ENGINE_CANDIDATE/outputs/mirofish_offline_replay/matrix/direct_evidence__seeded_stochastic_rule__observed/profiles/reddit_profiles.json,17243,c26ad52fc0ba9bccc5717fbc24335888ce5cc92c23c31e57c364a48b12ddee35
workspace_mirror/outputs/SPRINGFISH_V34_2_4_MIROFISH_BRIDGE_EXECUTION_MIGRATION_DELTA_2026_08_12/02_ENGINE_CANDIDATE/outputs/mirofish_offline_replay/matrix/direct_evidence__seeded_stochastic_rule__observed/profiles/twitter_profiles.json,17966,f9d2126e6d1064565b5c57384e6faced1992c34a36dcaa1ae250b94d6185446a
workspace_mirror/outputs/SPRINGFISH_V34_2_4_MIROFISH_BRIDGE_EXECUTION_MIGRATION_DELTA_2026_08_12/02_ENGINE_CANDIDATE/outputs/mirofish_offline_replay/matrix/direct_evidence__seeded_stochastic_rule__observed/propagation.json,2105,28085af9dedc1fc478dd704d35129487da086795771896d704b5a85ff1dd315f
workspace_mirror/outputs/SPRINGFISH_V34_2_4_MIROFISH_BRIDGE_EXECUTION_MIGRATION_DELTA_2026_08_12/02_ENGINE_CANDIDATE/outputs/mirofish_offline_replay/matrix/direct_evidence__seeded_stochastic_rule__observed/raw_oasis_actions.jsonl,3059,3ac6edac7a80137ef0395e31fecdaef25539e83a79dd0c668d29b6dfb8e581bd
workspace_mirror/outputs/SPRINGFISH_V34_2_4_MIROFISH_BRIDGE_EXECUTION_MIGRATION_DELTA_2026_08_12/02_ENGINE_CANDIDATE/outputs/mirofish_offline_replay/matrix/direct_evidence__seeded_stochastic_rule__observed/result.json,3119,117a3f37a6c5ca0f5adf16dbbdcf9d5add563532bdf89490c54326a1b8d60ea0
workspace_mirror/outputs/SPRINGFISH_V34_2_4_MIROFISH_BRIDGE_EXECUTION_MIGRATION_DELTA_2026_08_12/02_ENGINE_CANDIDATE/outputs/mirofish_offline_replay/matrix/direct_evidence__seeded_stochastic_rule__shuffled/normalized_actions.jsonl,7494,fe65325ea36c991425dec06a7270ece4ccc768da486f257db62d0c9476794dbe
workspace_mirror/outputs/SPRINGFISH_V34_2_4_MIROFISH_BRIDGE_EXECUTION_MIGRATION_DELTA_2026_08_12/02_ENGINE_CANDIDATE/outputs/mirofish_offline_replay/matrix/direct_evidence__seeded_stochastic_rule__shuffled/profiles/reddit_profiles.json,17243,c26ad52fc0ba9bccc5717fbc24335888ce5cc92c23c31e57c364a48b12ddee35
workspace_mirror/outputs/SPRINGFISH_V34_2_4_MIROFISH_BRIDGE_EXECUTION_MIGRATION_DELTA_2026_08_12/02_ENGINE_CANDIDATE/outputs/mirofish_offline_replay/matrix/direct_evidence__seeded_stochastic_rule__shuffled/profiles/twitter_profiles.json,17966,f9d2126e6d1064565b5c57384e6faced1992c34a36dcaa1ae250b94d6185446a
workspace_mirror/outputs/SPRINGFISH_V34_2_4_MIROFISH_BRIDGE_EXECUTION_MIGRATION_DELTA_2026_08_12/02_ENGINE_CANDIDATE/outputs/mirofish_offline_replay/matrix/direct_evidence__seeded_stochastic_rule__shuffled/propagation.json,2155,214791b9048ff71cb346c17730eb875a4c48b7981e30cf1b42477f4931fe8b08
workspace_mirror/outputs/SPRINGFISH_V34_2_4_MIROFISH_BRIDGE_EXECUTION_MIGRATION_DELTA_2026_08_12/02_ENGINE_CANDIDATE/outputs/mirofish_offline_replay/matrix/direct_evidence__seeded_stochastic_rule__shuffled/raw_oasis_actions.jsonl,3109,55dac391ac3b0b08d2149a12c3c043f59069129793572b196516b7246aec1e60
workspace_mirror/outputs/SPRINGFISH_V34_2_4_MIROFISH_BRIDGE_EXECUTION_MIGRATION_DELTA_2026_08_12/02_ENGINE_CANDIDATE/outputs/mirofish_offline_replay/matrix/direct_evidence__seeded_stochastic_rule__shuffled/result.json,3119,9bd3538f76a65fbf675096ce980632b813faabacaac63383cc5e174bf3e31b38
workspace_mirror/outputs/SPRINGFISH_V34_2_4_MIROFISH_BRIDGE_EXECUTION_MIGRATION_DELTA_2026_08_12/02_ENGINE_CANDIDATE/outputs/mirofish_offline_replay/matrix/unsupported_claim__deterministic_rule__no_interaction/normalized_actions.jsonl,0,e3b0c44298fc1c149afbf4c8996fb92427ae41e4649b934ca495991b7852b855
workspace_mirror/outputs/SPRINGFISH_V34_2_4_MIROFISH_BRIDGE_EXECUTION_MIGRATION_DELTA_2026_08_12/02_ENGINE_CANDIDATE/outputs/mirofish_offline_replay/matrix/unsupported_claim__deterministic_rule__no_interaction/profiles/reddit_profiles.json,17243,c26ad52fc0ba9bccc5717fbc24335888ce5cc92c23c31e57c364a48b12ddee35
workspace_mirror/outputs/SPRINGFISH_V34_2_4_MIROFISH_BRIDGE_EXECUTION_MIGRATION_DELTA_2026_08_12/02_ENGINE_CANDIDATE/outputs/mirofish_offline_replay/matrix/unsupported_claim__deterministic_rule__no_interaction/profiles/twitter_profiles.json,17966,f9d2126e6d1064565b5c57384e6faced1992c34a36dcaa1ae250b94d6185446a
workspace_mirror/outputs/SPRINGFISH_V34_2_4_MIROFISH_BRIDGE_EXECUTION_MIGRATION_DELTA_2026_08_12/02_ENGINE_CANDIDATE/outputs/mirofish_offline_replay/matrix/unsupported_claim__deterministic_rule__no_interaction/propagation.json,3,37517e5f3dc66819f61f5a7bb8ace1921282415f10551d2defa5c3eb0985b570
workspace_mirror/outputs/SPRINGFISH_V34_2_4_MIROFISH_BRIDGE_EXECUTION_MIGRATION_DELTA_2026_08_12/02_ENGINE_CANDIDATE/outputs/mirofish_offline_replay/matrix/unsupported_claim__deterministic_rule__no_interaction/raw_oasis_actions.jsonl,0,e3b0c44298fc1c149afbf4c8996fb92427ae41e4649b934ca495991b7852b855
workspace_mirror/outputs/SPRINGFISH_V34_2_4_MIROFISH_BRIDGE_EXECUTION_MIGRATION_DELTA_2026_08_12/02_ENGINE_CANDIDATE/outputs/mirofish_offline_replay/matrix/unsupported_claim__deterministic_rule__no_interaction/result.json,3113,47c944c25b56df2cadddf0edbba911b24038937be537cd63e4e11b7566ec235c
workspace_mirror/outputs/SPRINGFISH_V34_2_4_MIROFISH_BRIDGE_EXECUTION_MIGRATION_DELTA_2026_08_12/02_ENGINE_CANDIDATE/outputs/mirofish_offline_replay/matrix/unsupported_claim__deterministic_rule__observed/normalized_actions.jsonl,7163,73812d874ad264b7002e709cbe76b6d95c1c76700e879aedcb44f593d2feeb54
workspace_mirror/outputs/SPRINGFISH_V34_2_4_MIROFISH_BRIDGE_EXECUTION_MIGRATION_DELTA_2026_08_12/02_ENGINE_CANDIDATE/outputs/mirofish_offline_replay/matrix/unsupported_claim__deterministic_rule__observed/profiles/reddit_profiles.json,17243,c26ad52fc0ba9bccc5717fbc24335888ce5cc92c23c31e57c364a48b12ddee35
workspace_mirror/outputs/SPRINGFISH_V34_2_4_MIROFISH_BRIDGE_EXECUTION_MIGRATION_DELTA_2026_08_12/02_ENGINE_CANDIDATE/outputs/mirofish_offline_replay/matrix/unsupported_claim__deterministic_rule__observed/profiles/twitter_profiles.json,17966,f9d2126e6d1064565b5c57384e6faced1992c34a36dcaa1ae250b94d6185446a
workspace_mirror/outputs/SPRINGFISH_V34_2_4_MIROFISH_BRIDGE_EXECUTION_MIGRATION_DELTA_2026_08_12/02_ENGINE_CANDIDATE/outputs/mirofish_offline_replay/matrix/unsupported_claim__deterministic_rule__observed/propagation.json,2094,07cf238b931ac7c12ca11a85de7f2313399d36af515e7c68bcf9350841e51480
workspace_mirror/outputs/SPRINGFISH_V34_2_4_MIROFISH_BRIDGE_EXECUTION_MIGRATION_DELTA_2026_08_12/02_ENGINE_CANDIDATE/outputs/mirofish_offline_replay/matrix/unsupported_claim__deterministic_rule__observed/raw_oasis_actions.jsonl,2938,e9f6a228dede070607b4780e5bae07eb4aba6b4b2ada13d3a9692b7bb0542317
workspace_mirror/outputs/SPRINGFISH_V34_2_4_MIROFISH_BRIDGE_EXECUTION_MIGRATION_DELTA_2026_08_12/02_ENGINE_CANDIDATE/outputs/mirofish_offline_replay/matrix/unsupported_claim__deterministic_rule__observed/result.json,3102,d6f47134f9970fbc9f9f8f427d53efb1e5a05b47609acd3572a88a220e4eb3d4
workspace_mirror/outputs/SPRINGFISH_V34_2_4_MIROFISH_BRIDGE_EXECUTION_MIGRATION_DELTA_2026_08_12/02_ENGINE_CANDIDATE/outputs/mirofish_offline_replay/matrix/unsupported_claim__deterministic_rule__shuffled/normalized_actions.jsonl,7263,c1da91315e55d1468107b0939d98ecbadd2063f1097ad59b2bbe31fd7d1f55f9
workspace_mirror/outputs/SPRINGFISH_V34_2_4_MIROFISH_BRIDGE_EXECUTION_MIGRATION_DELTA_2026_08_12/02_ENGINE_CANDIDATE/outputs/mirofish_offline_replay/matrix/unsupported_claim__deterministic_rule__shuffled/profiles/reddit_profiles.json,17243,c26ad52fc0ba9bccc5717fbc24335888ce5cc92c23c31e57c364a48b12ddee35
workspace_mirror/outputs/SPRINGFISH_V34_2_4_MIROFISH_BRIDGE_EXECUTION_MIGRATION_DELTA_2026_08_12/02_ENGINE_CANDIDATE/outputs/mirofish_offline_replay/matrix/unsupported_claim__deterministic_rule__shuffled/profiles/twitter_profiles.json,17966,f9d2126e6d1064565b5c57384e6faced1992c34a36dcaa1ae250b94d6185446a
workspace_mirror/outputs/SPRINGFISH_V34_2_4_MIROFISH_BRIDGE_EXECUTION_MIGRATION_DELTA_2026_08_12/02_ENGINE_CANDIDATE/outputs/mirofish_offline_replay/matrix/unsupported_claim__deterministic_rule__shuffled/propagation.json,2144,2b32cef4b90486da9444001a7219e0424b3ca2108c76d20d0bf8b3596f37c8eb
workspace_mirror/outputs/SPRINGFISH_V34_2_4_MIROFISH_BRIDGE_EXECUTION_MIGRATION_DELTA_2026_08_12/02_ENGINE_CANDIDATE/outputs/mirofish_offline_replay/matrix/unsupported_claim__deterministic_rule__shuffled/raw_oasis_actions.jsonl,2988,903b8ac30da30a144bf25a6652373eb33e7b4baaea0b7bd64b68412cff8bfb6e
workspace_mirror/outputs/SPRINGFISH_V34_2_4_MIROFISH_BRIDGE_EXECUTION_MIGRATION_DELTA_2026_08_12/02_ENGINE_CANDIDATE/outputs/mirofish_offline_replay/matrix/unsupported_claim__deterministic_rule__shuffled/result.json,3102,cc557e7588aa3a94c3ac81001ba1bce4ab08bb431b76a3d215dcaa472ca89953
workspace_mirror/outputs/SPRINGFISH_V34_2_4_MIROFISH_BRIDGE_EXECUTION_MIGRATION_DELTA_2026_08_12/02_ENGINE_CANDIDATE/outputs/mirofish_offline_replay/matrix/unsupported_claim__persona_heuristic__no_interaction/normalized_actions.jsonl,0,e3b0c44298fc1c149afbf4c8996fb92427ae41e4649b934ca495991b7852b855
workspace_mirror/outputs/SPRINGFISH_V34_2_4_MIROFISH_BRIDGE_EXECUTION_MIGRATION_DELTA_2026_08_12/02_ENGINE_CANDIDATE/outputs/mirofish_offline_replay/matrix/unsupported_claim__persona_heuristic__no_interaction/profiles/reddit_profiles.json,17243,c26ad52fc0ba9bccc5717fbc24335888ce5cc92c23c31e57c364a48b12ddee35
workspace_mirror/outputs/SPRINGFISH_V34_2_4_MIROFISH_BRIDGE_EXECUTION_MIGRATION_DELTA_2026_08_12/02_ENGINE_CANDIDATE/outputs/mirofish_offline_replay/matrix/unsupported_claim__persona_heuristic__no_interaction/profiles/twitter_profiles.json,17966,f9d2126e6d1064565b5c57384e6faced1992c34a36dcaa1ae250b94d6185446a
workspace_mirror/outputs/SPRINGFISH_V34_2_4_MIROFISH_BRIDGE_EXECUTION_MIGRATION_DELTA_2026_08_12/02_ENGINE_CANDIDATE/outputs/mirofish_offline_replay/matrix/unsupported_claim__persona_heuristic__no_interaction/propagation.json,3,37517e5f3dc66819f61f5a7bb8ace1921282415f10551d2defa5c3eb0985b570
workspace_mirror/outputs/SPRINGFISH_V34_2_4_MIROFISH_BRIDGE_EXECUTION_MIGRATION_DELTA_2026_08_12/02_ENGINE_CANDIDATE/outputs/mirofish_offline_replay/matrix/unsupported_claim__persona_heuristic__no_interaction/raw_oasis_actions.jsonl,0,e3b0c44298fc1c149afbf4c8996fb92427ae41e4649b934ca495991b7852b855
workspace_mirror/outputs/SPRINGFISH_V34_2_4_MIROFISH_BRIDGE_EXECUTION_MIGRATION_DELTA_2026_08_12/02_ENGINE_CANDIDATE/outputs/mirofish_offline_replay/matrix/unsupported_claim__persona_heuristic__no_interaction/result.json,3112,cd7d4447f0d5f75b4bc1e1b6469418b5ca59a28b2a75de1cb7d60d219074e65e
workspace_mirror/outputs/SPRINGFISH_V34_2_4_MIROFISH_BRIDGE_EXECUTION_MIGRATION_DELTA_2026_08_12/02_ENGINE_CANDIDATE/outputs/mirofish_offline_replay/matrix/unsupported_claim__persona_heuristic__observed/normalized_actions.jsonl,7163,73812d874ad264b7002e709cbe76b6d95c1c76700e879aedcb44f593d2feeb54
workspace_mirror/outputs/SPRINGFISH_V34_2_4_MIROFISH_BRIDGE_EXECUTION_MIGRATION_DELTA_2026_08_12/02_ENGINE_CANDIDATE/outputs/mirofish_offline_replay/matrix/unsupported_claim__persona_heuristic__observed/profiles/reddit_profiles.json,17243,c26ad52fc0ba9bccc5717fbc24335888ce5cc92c23c31e57c364a48b12ddee35
workspace_mirror/outputs/SPRINGFISH_V34_2_4_MIROFISH_BRIDGE_EXECUTION_MIGRATION_DELTA_2026_08_12/02_ENGINE_CANDIDATE/outputs/mirofish_offline_replay/matrix/unsupported_claim__persona_heuristic__observed/profiles/twitter_profiles.json,17966,f9d2126e6d1064565b5c57384e6faced1992c34a36dcaa1ae250b94d6185446a
workspace_mirror/outputs/SPRINGFISH_V34_2_4_MIROFISH_BRIDGE_EXECUTION_MIGRATION_DELTA_2026_08_12/02_ENGINE_CANDIDATE/outputs/mirofish_offline_replay/matrix/unsupported_claim__persona_heuristic__observed/propagation.json,2094,07cf238b931ac7c12ca11a85de7f2313399d36af515e7c68bcf9350841e51480
workspace_mirror/outputs/SPRINGFISH_V34_2_4_MIROFISH_BRIDGE_EXECUTION_MIGRATION_DELTA_2026_08_12/02_ENGINE_CANDIDATE/outputs/mirofish_offline_replay/matrix/unsupported_claim__persona_heuristic__observed/raw_oasis_actions.jsonl,2938,e9f6a228dede070607b4780e5bae07eb4aba6b4b2ada13d3a9692b7bb0542317
workspace_mirror/outputs/SPRINGFISH_V34_2_4_MIROFISH_BRIDGE_EXECUTION_MIGRATION_DELTA_2026_08_12/02_ENGINE_CANDIDATE/outputs/mirofish_offline_replay/matrix/unsupported_claim__persona_heuristic__observed/result.json,3101,ac6f804e7fbd5194db9d97c33d5905c72827835be6e3a7eac27179a31d05a906
workspace_mirror/outputs/SPRINGFISH_V34_2_4_MIROFISH_BRIDGE_EXECUTION_MIGRATION_DELTA_2026_08_12/02_ENGINE_CANDIDATE/outputs/mirofish_offline_replay/matrix/unsupported_claim__persona_heuristic__shuffled/normalized_actions.jsonl,2682,1a60fbfbf154dce41b0f21372c222edb5e7f869b2982c8fe668c3b70aae78ee8
workspace_mirror/outputs/SPRINGFISH_V34_2_4_MIROFISH_BRIDGE_EXECUTION_MIGRATION_DELTA_2026_08_12/02_ENGINE_CANDIDATE/outputs/mirofish_offline_replay/matrix/unsupported_claim__persona_heuristic__shuffled/profiles/reddit_profiles.json,17243,c26ad52fc0ba9bccc5717fbc24335888ce5cc92c23c31e57c364a48b12ddee35
workspace_mirror/outputs/SPRINGFISH_V34_2_4_MIROFISH_BRIDGE_EXECUTION_MIGRATION_DELTA_2026_08_12/02_ENGINE_CANDIDATE/outputs/mirofish_offline_replay/matrix/unsupported_claim__persona_heuristic__shuffled/profiles/twitter_profiles.json,17966,f9d2126e6d1064565b5c57384e6faced1992c34a36dcaa1ae250b94d6185446a
workspace_mirror/outputs/SPRINGFISH_V34_2_4_MIROFISH_BRIDGE_EXECUTION_MIGRATION_DELTA_2026_08_12/02_ENGINE_CANDIDATE/outputs/mirofish_offline_replay/matrix/unsupported_claim__persona_heuristic__shuffled/propagation.json,802,c70b0739014b668c75a42f36c53a6faf221edfe72265b398b02e9811e7fe13bc
workspace_mirror/outputs/SPRINGFISH_V34_2_4_MIROFISH_BRIDGE_EXECUTION_MIGRATION_DELTA_2026_08_12/02_ENGINE_CANDIDATE/outputs/mirofish_offline_replay/matrix/unsupported_claim__persona_heuristic__shuffled/raw_oasis_actions.jsonl,1107,da2ea878296dd4b691159f834aef71e7613882cd50b95b34cdaee8dfc84b6828
workspace_mirror/outputs/SPRINGFISH_V34_2_4_MIROFISH_BRIDGE_EXECUTION_MIGRATION_DELTA_2026_08_12/02_ENGINE_CANDIDATE/outputs/mirofish_offline_replay/matrix/unsupported_claim__persona_heuristic__shuffled/result.json,3127,e5dd6e901315168c3032df05297acf0d8a3fa0452f79f4fbdb96795dbb12f98a
workspace_mirror/outputs/SPRINGFISH_V34_2_4_MIROFISH_BRIDGE_EXECUTION_MIGRATION_DELTA_2026_08_12/02_ENGINE_CANDIDATE/outputs/mirofish_offline_replay/matrix/unsupported_claim__seeded_stochastic_rule__no_interaction/normalized_actions.jsonl,0,e3b0c44298fc1c149afbf4c8996fb92427ae41e4649b934ca495991b7852b855
workspace_mirror/outputs/SPRINGFISH_V34_2_4_MIROFISH_BRIDGE_EXECUTION_MIGRATION_DELTA_2026_08_12/02_ENGINE_CANDIDATE/outputs/mirofish_offline_replay/matrix/unsupported_claim__seeded_stochastic_rule__no_interaction/profiles/reddit_profiles.json,17243,c26ad52fc0ba9bccc5717fbc24335888ce5cc92c23c31e57c364a48b12ddee35
workspace_mirror/outputs/SPRINGFISH_V34_2_4_MIROFISH_BRIDGE_EXECUTION_MIGRATION_DELTA_2026_08_12/02_ENGINE_CANDIDATE/outputs/mirofish_offline_replay/matrix/unsupported_claim__seeded_stochastic_rule__no_interaction/profiles/twitter_profiles.json,17966,f9d2126e6d1064565b5c57384e6faced1992c34a36dcaa1ae250b94d6185446a
workspace_mirror/outputs/SPRINGFISH_V34_2_4_MIROFISH_BRIDGE_EXECUTION_MIGRATION_DELTA_2026_08_12/02_ENGINE_CANDIDATE/outputs/mirofish_offline_replay/matrix/unsupported_claim__seeded_stochastic_rule__no_interaction/propagation.json,3,37517e5f3dc66819f61f5a7bb8ace1921282415f10551d2defa5c3eb0985b570
workspace_mirror/outputs/SPRINGFISH_V34_2_4_MIROFISH_BRIDGE_EXECUTION_MIGRATION_DELTA_2026_08_12/02_ENGINE_CANDIDATE/outputs/mirofish_offline_replay/matrix/unsupported_claim__seeded_stochastic_rule__no_interaction/raw_oasis_actions.jsonl,0,e3b0c44298fc1c149afbf4c8996fb92427ae41e4649b934ca495991b7852b855
workspace_mirror/outputs/SPRINGFISH_V34_2_4_MIROFISH_BRIDGE_EXECUTION_MIGRATION_DELTA_2026_08_12/02_ENGINE_CANDIDATE/outputs/mirofish_offline_replay/matrix/unsupported_claim__seeded_stochastic_rule__no_interaction/result.json,3117,7a4fca16fdebf9680c3ec0ad91e716b47230521d0a4190370e1144b441cc9304
workspace_mirror/outputs/SPRINGFISH_V34_2_4_MIROFISH_BRIDGE_EXECUTION_MIGRATION_DELTA_2026_08_12/02_ENGINE_CANDIDATE/outputs/mirofish_offline_replay/matrix/unsupported_claim__seeded_stochastic_rule__observed/normalized_actions.jsonl,7163,73812d874ad264b7002e709cbe76b6d95c1c76700e879aedcb44f593d2feeb54
workspace_mirror/outputs/SPRINGFISH_V34_2_4_MIROFISH_BRIDGE_EXECUTION_MIGRATION_DELTA_2026_08_12/02_ENGINE_CANDIDATE/outputs/mirofish_offline_replay/matrix/unsupported_claim__seeded_stochastic_rule__observed/profiles/reddit_profiles.json,17243,c26ad52fc0ba9bccc5717fbc24335888ce5cc92c23c31e57c364a48b12ddee35
workspace_mirror/outputs/SPRINGFISH_V34_2_4_MIROFISH_BRIDGE_EXECUTION_MIGRATION_DELTA_2026_08_12/02_ENGINE_CANDIDATE/outputs/mirofish_offline_replay/matrix/unsupported_claim__seeded_stochastic_rule__observed/profiles/twitter_profiles.json,17966,f9d2126e6d1064565b5c57384e6faced1992c34a36dcaa1ae250b94d6185446a
workspace_mirror/outputs/SPRINGFISH_V34_2_4_MIROFISH_BRIDGE_EXECUTION_MIGRATION_DELTA_2026_08_12/02_ENGINE_CANDIDATE/outputs/mirofish_offline_replay/matrix/unsupported_claim__seeded_stochastic_rule__observed/propagation.json,2094,07cf238b931ac7c12ca11a85de7f2313399d36af515e7c68bcf9350841e51480
workspace_mirror/outputs/SPRINGFISH_V34_2_4_MIROFISH_BRIDGE_EXECUTION_MIGRATION_DELTA_2026_08_12/02_ENGINE_CANDIDATE/outputs/mirofish_offline_replay/matrix/unsupported_claim__seeded_stochastic_rule__observed/raw_oasis_actions.jsonl,2938,e9f6a228dede070607b4780e5bae07eb4aba6b4b2ada13d3a9692b7bb0542317
workspace_mirror/outputs/SPRINGFISH_V34_2_4_MIROFISH_BRIDGE_EXECUTION_MIGRATION_DELTA_2026_08_12/02_ENGINE_CANDIDATE/outputs/mirofish_offline_replay/matrix/unsupported_claim__seeded_stochastic_rule__observed/result.json,3106,f0442a30428fa7154eca830de15ba70622e2df52578a5ae90ff42738c0cfa0aa
workspace_mirror/outputs/SPRINGFISH_V34_2_4_MIROFISH_BRIDGE_EXECUTION_MIGRATION_DELTA_2026_08_12/02_ENGINE_CANDIDATE/outputs/mirofish_offline_replay/matrix/unsupported_claim__seeded_stochastic_rule__shuffled/normalized_actions.jsonl,7263,c1da91315e55d1468107b0939d98ecbadd2063f1097ad59b2bbe31fd7d1f55f9
workspace_mirror/outputs/SPRINGFISH_V34_2_4_MIROFISH_BRIDGE_EXECUTION_MIGRATION_DELTA_2026_08_12/02_ENGINE_CANDIDATE/outputs/mirofish_offline_replay/matrix/unsupported_claim__seeded_stochastic_rule__shuffled/profiles/reddit_profiles.json,17243,c26ad52fc0ba9bccc5717fbc24335888ce5cc92c23c31e57c364a48b12ddee35
workspace_mirror/outputs/SPRINGFISH_V34_2_4_MIROFISH_BRIDGE_EXECUTION_MIGRATION_DELTA_2026_08_12/02_ENGINE_CANDIDATE/outputs/mirofish_offline_replay/matrix/unsupported_claim__seeded_stochastic_rule__shuffled/profiles/twitter_profiles.json,17966,f9d2126e6d1064565b5c57384e6faced1992c34a36dcaa1ae250b94d6185446a
workspace_mirror/outputs/SPRINGFISH_V34_2_4_MIROFISH_BRIDGE_EXECUTION_MIGRATION_DELTA_2026_08_12/02_ENGINE_CANDIDATE/outputs/mirofish_offline_replay/matrix/unsupported_claim__seeded_stochastic_rule__shuffled/propagation.json,2144,2b32cef4b90486da9444001a7219e0424b3ca2108c76d20d0bf8b3596f37c8eb
workspace_mirror/outputs/SPRINGFISH_V34_2_4_MIROFISH_BRIDGE_EXECUTION_MIGRATION_DELTA_2026_08_12/02_ENGINE_CANDIDATE/outputs/mirofish_offline_replay/matrix/unsupported_claim__seeded_stochastic_rule__shuffled/raw_oasis_actions.jsonl,2988,903b8ac30da30a144bf25a6652373eb33e7b4baaea0b7bd64b68412cff8bfb6e
workspace_mirror/outputs/SPRINGFISH_V34_2_4_MIROFISH_BRIDGE_EXECUTION_MIGRATION_DELTA_2026_08_12/02_ENGINE_CANDIDATE/outputs/mirofish_offline_replay/matrix/unsupported_claim__seeded_stochastic_rule__shuffled/result.json,3106,581c25fe5ddfb6a88591f2038b9b54e75b2833f6b38ccffccdb83b0ad3bbcc0f
workspace_mirror/outputs/SPRINGFISH_V34_2_4_MIROFISH_BRIDGE_EXECUTION_MIGRATION_DELTA_2026_08_12/02_ENGINE_CANDIDATE/pyproject.toml,850,a29eb20581d692199e822c4b64676260902740b24d33ab7490e23b62d3d851e4
workspace_mirror/outputs/SPRINGFISH_V34_2_4_MIROFISH_BRIDGE_EXECUTION_MIGRATION_DELTA_2026_08_12/02_ENGINE_CANDIDATE/repair_v21d_runtime.py,4178,af23253c5aac3d2a7cb56a636533920caa286ca14cd5a5d25c3043909ef79906
workspace_mirror/outputs/SPRINGFISH_V34_2_4_MIROFISH_BRIDGE_EXECUTION_MIGRATION_DELTA_2026_08_12/02_ENGINE_CANDIDATE/requirements.txt,89,3036f3de750bc5a4d870efd5bcf6d1c3f7f9121379dc4759df7f7383946812b0
workspace_mirror/outputs/SPRINGFISH_V34_2_4_MIROFISH_BRIDGE_EXECUTION_MIGRATION_DELTA_2026_08_12/02_ENGINE_CANDIDATE/run_mirofish_bridge_checkpoint.py,1526,2ca73093dbb8d44446ee50d23051377b645bb61d8610590de79f39a4b6d2f5da
workspace_mirror/outputs/SPRINGFISH_V34_2_4_MIROFISH_BRIDGE_EXECUTION_MIGRATION_DELTA_2026_08_12/02_ENGINE_CANDIDATE/springfish/__init__.py,129,c852b19273e731430e866d363fa7409b496e1a3ef5662ac9599ca56f0950a232
workspace_mirror/outputs/SPRINGFISH_V34_2_4_MIROFISH_BRIDGE_EXECUTION_MIGRATION_DELTA_2026_08_12/02_ENGINE_CANDIDATE/springfish/adapters.py,4396,2191c97145dadd6089c2b69e022e186ae1c254c5f23fce53c23656492be9935e
workspace_mirror/outputs/SPRINGFISH_V34_2_4_MIROFISH_BRIDGE_EXECUTION_MIGRATION_DELTA_2026_08_12/02_ENGINE_CANDIDATE/springfish/architected_extraction.py,38275,1af8901aae3c6a10786f84cbd7c97dfc9780ec5334167af6fc02fc0cf6284bf0
workspace_mirror/outputs/SPRINGFISH_V34_2_4_MIROFISH_BRIDGE_EXECUTION_MIGRATION_DELTA_2026_08_12/02_ENGINE_CANDIDATE/springfish/architected_extraction_intake.py,24638,c3e24540ba7347cd78b26e0b45f223f5f920fdf7a728029805fb8e8b1c8ebaf4
workspace_mirror/outputs/SPRINGFISH_V34_2_4_MIROFISH_BRIDGE_EXECUTION_MIGRATION_DELTA_2026_08_12/02_ENGINE_CANDIDATE/springfish/bridge.py,2857,fd6c37b7fda4102ec879101eaf21bc59d2937d546ddb2e4bf8c30f051724453a
workspace_mirror/outputs/SPRINGFISH_V34_2_4_MIROFISH_BRIDGE_EXECUTION_MIGRATION_DELTA_2026_08_12/02_ENGINE_CANDIDATE/springfish/cadcad_runner.py,2745,253e8ca4ff87e17a30e844d1a8b8e35399695b652060288ccbcda2d151bb001a
workspace_mirror/outputs/SPRINGFISH_V34_2_4_MIROFISH_BRIDGE_EXECUTION_MIGRATION_DELTA_2026_08_12/02_ENGINE_CANDIDATE/springfish/cli.py,15722,5a7b87a167c7dd2fce054af29e4582e964755605ee0f66020828f003a496550a
workspace_mirror/outputs/SPRINGFISH_V34_2_4_MIROFISH_BRIDGE_EXECUTION_MIGRATION_DELTA_2026_08_12/02_ENGINE_CANDIDATE/springfish/config.py,2424,22f5d55699a0870502fdd3be3e1d202a11735f0571cb3be966caa3a4a7ba368f
workspace_mirror/outputs/SPRINGFISH_V34_2_4_MIROFISH_BRIDGE_EXECUTION_MIGRATION_DELTA_2026_08_12/02_ENGINE_CANDIDATE/springfish/endogenous.py,28634,da72e2f281fca85b10c283e85b72a3750572ba7463aabf125a042efa8aeffac1
workspace_mirror/outputs/SPRINGFISH_V34_2_4_MIROFISH_BRIDGE_EXECUTION_MIGRATION_DELTA_2026_08_12/02_ENGINE_CANDIDATE/springfish/endogenous_llm.py,7963,8b92813c0dde3249719144c0f1eef0d0ee53502c62b0980d6e5adc786859213b
workspace_mirror/outputs/SPRINGFISH_V34_2_4_MIROFISH_BRIDGE_EXECUTION_MIGRATION_DELTA_2026_08_12/02_ENGINE_CANDIDATE/springfish/environments.py,1860,30303106bb2d266fe24ab9f629da8874c5aeffb6fbe9c2c63535cf9dbb8762c0
workspace_mirror/outputs/SPRINGFISH_V34_2_4_MIROFISH_BRIDGE_EXECUTION_MIGRATION_DELTA_2026_08_12/02_ENGINE_CANDIDATE/springfish/game.py,3451,1a14704ac1e26498cb2f4d27218e5efdd1c24d080eac3e99c76a464b7f07147e
workspace_mirror/outputs/SPRINGFISH_V34_2_4_MIROFISH_BRIDGE_EXECUTION_MIGRATION_DELTA_2026_08_12/02_ENGINE_CANDIDATE/springfish/graph.py,5130,f53f33bb9ddf8dcef479fedeed887b51e0b0d7e9c2c50f563a3eb9ddb5d962d9
workspace_mirror/outputs/SPRINGFISH_V34_2_4_MIROFISH_BRIDGE_EXECUTION_MIGRATION_DELTA_2026_08_12/02_ENGINE_CANDIDATE/springfish/llm.py,6402,2363de33eed8ee1748eb897ef62007d660f31f8b8a3f7c7797ac70fb83a44f2e
workspace_mirror/outputs/SPRINGFISH_V34_2_4_MIROFISH_BRIDGE_EXECUTION_MIGRATION_DELTA_2026_08_12/02_ENGINE_CANDIDATE/springfish/memory.py,3439,14b04c3dc9ed61b47a3f6b3054fb265ce11ad6b7efc2056bf1dec0c3745abe0b
workspace_mirror/outputs/SPRINGFISH_V34_2_4_MIROFISH_BRIDGE_EXECUTION_MIGRATION_DELTA_2026_08_12/02_ENGINE_CANDIDATE/springfish/mirofish_gate.py,5553,3cf8c8445e828e24702a5e8529dc3b7fde1e8408a3ba1f972be1396f7bdf8a0e
workspace_mirror/outputs/SPRINGFISH_V34_2_4_MIROFISH_BRIDGE_EXECUTION_MIGRATION_DELTA_2026_08_12/02_ENGINE_CANDIDATE/springfish/mirofish_replay.py,16604,0167815cb3da55b0ed22fdbc27c4952a2aa2660cb1903eb3f322a37b85274d70
workspace_mirror/outputs/SPRINGFISH_V34_2_4_MIROFISH_BRIDGE_EXECUTION_MIGRATION_DELTA_2026_08_12/02_ENGINE_CANDIDATE/springfish/oasis_import.py,2257,eb1234dbd0e32d1d52b4c79ef27dc6eee8df4cccc7e1ef6ccf955cdef7a0705a
workspace_mirror/outputs/SPRINGFISH_V34_2_4_MIROFISH_BRIDGE_EXECUTION_MIGRATION_DELTA_2026_08_12/02_ENGINE_CANDIDATE/springfish/persona.py,2746,e8aa5ec68f22aa6d452048d565517b95bf375e7048b706b1542c7d56457468a3
workspace_mirror/outputs/SPRINGFISH_V34_2_4_MIROFISH_BRIDGE_EXECUTION_MIGRATION_DELTA_2026_08_12/02_ENGINE_CANDIDATE/springfish/report.py,2240,508b5c5736af30db1417c63326085d77ac60da37779c8f90dfb066e17811b0c6
workspace_mirror/outputs/SPRINGFISH_V34_2_4_MIROFISH_BRIDGE_EXECUTION_MIGRATION_DELTA_2026_08_12/02_ENGINE_CANDIDATE/springfish/rq621_bridge.py,4584,6342c1519045df45c3dcc8d247a873334804186b6680c0130eb2b185230ebb2d
workspace_mirror/outputs/SPRINGFISH_V34_2_4_MIROFISH_BRIDGE_EXECUTION_MIGRATION_DELTA_2026_08_12/02_ENGINE_CANDIDATE/springfish/rq621_c1_evidence.py,2308,d3f847f0c0616b7d72084cbe0dbb668f4f53235111e36caf251b7d84e81e4dbf
workspace_mirror/outputs/SPRINGFISH_V34_2_4_MIROFISH_BRIDGE_EXECUTION_MIGRATION_DELTA_2026_08_12/02_ENGINE_CANDIDATE/springfish/rq621_shadow.py,3774,f41b09ea8f1558b811cbf0e5e5b7c527ae567681fd67a90acbcbdc0a10b33a19
workspace_mirror/outputs/SPRINGFISH_V34_2_4_MIROFISH_BRIDGE_EXECUTION_MIGRATION_DELTA_2026_08_12/02_ENGINE_CANDIDATE/springfish/scheduler.py,571,a19af8ebc3949b5cfb4e1bb0305967a6e4a7abc501b213069bc25ecb5aaa4b36
workspace_mirror/outputs/SPRINGFISH_V34_2_4_MIROFISH_BRIDGE_EXECUTION_MIGRATION_DELTA_2026_08_12/02_ENGINE_CANDIDATE/springfish/schemas.py,2066,0afaf8dab408eba52254ea9aea4e961ac90e1ad8419210b2ddca46e255581b4d
workspace_mirror/outputs/SPRINGFISH_V34_2_4_MIROFISH_BRIDGE_EXECUTION_MIGRATION_DELTA_2026_08_12/02_ENGINE_CANDIDATE/springfish/simulation.py,19169,c5360a819464e861f3c007bb57c6c741c251cd7bd7c22d9934e7f07829ca2ba4
workspace_mirror/outputs/SPRINGFISH_V34_2_4_MIROFISH_BRIDGE_EXECUTION_MIGRATION_DELTA_2026_08_12/02_ENGINE_CANDIDATE/tests/test_architected_extraction.py,10014,202e000bf2827518c0f714e97b3f9c6d3900b00f0324f1726343edb7be4aaacc
workspace_mirror/outputs/SPRINGFISH_V34_2_4_MIROFISH_BRIDGE_EXECUTION_MIGRATION_DELTA_2026_08_12/02_ENGINE_CANDIDATE/tests/test_architected_extraction_intake.py,12493,05020e22db5118a8c8609c154afc8ff423cecbdf9104097cc7266557259bca63
workspace_mirror/outputs/SPRINGFISH_V34_2_4_MIROFISH_BRIDGE_EXECUTION_MIGRATION_DELTA_2026_08_12/02_ENGINE_CANDIDATE/tests/test_cli_integration.py,4042,18eeaa18025e095717306f552a4148c62cdda744567b96ce64326bb25c411fb2
workspace_mirror/outputs/SPRINGFISH_V34_2_4_MIROFISH_BRIDGE_EXECUTION_MIGRATION_DELTA_2026_08_12/02_ENGINE_CANDIDATE/tests/test_endogenous.py,1534,95b8a9d561a23326cc4fc9a81fe1d04e4a1f6235bd914e479fa2b3d8da1b0db4
workspace_mirror/outputs/SPRINGFISH_V34_2_4_MIROFISH_BRIDGE_EXECUTION_MIGRATION_DELTA_2026_08_12/02_ENGINE_CANDIDATE/tests/test_game.py,784,50349bc3cc30d9c591772b4bae4afa96a286ad1ba15d88b880f67e2ed9737f55
workspace_mirror/outputs/SPRINGFISH_V34_2_4_MIROFISH_BRIDGE_EXECUTION_MIGRATION_DELTA_2026_08_12/02_ENGINE_CANDIDATE/tests/test_graph.py,1001,efcaf5a4c18e7c7f1dcb64664e9d6440328258cab8172dc502bd5517f5d8dcdd
workspace_mirror/outputs/SPRINGFISH_V34_2_4_MIROFISH_BRIDGE_EXECUTION_MIGRATION_DELTA_2026_08_12/02_ENGINE_CANDIDATE/tests/test_integration_layers.py,1804,d75c58b9daeb761f21fde72675ba8157d1cb0f44dbc8dcafecbaedf50514ff54
workspace_mirror/outputs/SPRINGFISH_V34_2_4_MIROFISH_BRIDGE_EXECUTION_MIGRATION_DELTA_2026_08_12/02_ENGINE_CANDIDATE/tests/test_memory.py,1294,536e9d4445e70389a2c836fc6f32c9510d9d9c1977a54a4db06629b345547342
workspace_mirror/outputs/SPRINGFISH_V34_2_4_MIROFISH_BRIDGE_EXECUTION_MIGRATION_DELTA_2026_08_12/02_ENGINE_CANDIDATE/tests/test_mirofish_gate.py,1726,e4071a7c104b71d549758293f16b7cd97007fefd202e9428039516f4d213c4f7
workspace_mirror/outputs/SPRINGFISH_V34_2_4_MIROFISH_BRIDGE_EXECUTION_MIGRATION_DELTA_2026_08_12/02_ENGINE_CANDIDATE/tests/test_mirofish_replay.py,2838,a931f56c7bcdfd747ad52a74c551aa7e6a3caa3dbc41432f7fe4cb108e868ac8
workspace_mirror/outputs/SPRINGFISH_V34_2_4_MIROFISH_BRIDGE_EXECUTION_MIGRATION_DELTA_2026_08_12/02_ENGINE_CANDIDATE/tests/test_oasis_import.py,469,7dff46a1e4be33ff2fb4788fc31b82ea3d7d8b596204b0ee97f7719e437ffe29
workspace_mirror/outputs/SPRINGFISH_V34_2_4_MIROFISH_BRIDGE_EXECUTION_MIGRATION_DELTA_2026_08_12/02_ENGINE_CANDIDATE/tests/test_persona_bridge.py,745,074429408ff5d10f64b836743db96f46ffd868b9b64a9e8a810d25bce699f652
workspace_mirror/outputs/SPRINGFISH_V34_2_4_MIROFISH_BRIDGE_EXECUTION_MIGRATION_DELTA_2026_08_12/02_ENGINE_CANDIDATE/tests/test_rq621_bridge.py,4217,3b011b0d908c85259f5308480922452e16c16bf3e0ddaf115d566a866c7ccca0
workspace_mirror/outputs/SPRINGFISH_V34_2_4_MIROFISH_BRIDGE_EXECUTION_MIGRATION_DELTA_2026_08_12/02_ENGINE_CANDIDATE/tests/test_rq621_c1_evidence.py,2886,9bb29d162c5e2faac1bb854832f25e2f2fdb91e983bafa9b9edd5b24032284ed
workspace_mirror/outputs/SPRINGFISH_V34_2_4_MIROFISH_BRIDGE_EXECUTION_MIGRATION_DELTA_2026_08_12/02_ENGINE_CANDIDATE/tests/test_rq621_shadow.py,2732,c11ca01fcbc7f7e9ac2001ce594f8e18bb0f02d764d3a841753fde68983d17fe
workspace_mirror/outputs/SPRINGFISH_V34_2_4_MIROFISH_BRIDGE_EXECUTION_MIGRATION_DELTA_2026_08_12/02_ENGINE_CANDIDATE/tests/test_simulation.py,610,7e00cdc05b697f0020b73f19981880f720753d01a1f67199eb5cfe5798ba5778
workspace_mirror/outputs/SPRINGFISH_V34_2_4_MIROFISH_BRIDGE_EXECUTION_MIGRATION_DELTA_2026_08_12/02_ENGINE_CANDIDATE/tests/test_study007e_adapter.py,689,79614225099f807a5ad83de61fec02712d3d01108cfd102cde7efaf4cb3f0839
workspace_mirror/outputs/SPRINGFISH_V34_2_4_MIROFISH_BRIDGE_EXECUTION_MIGRATION_DELTA_2026_08_12/02_ENGINE_CANDIDATE/tests/test_study_007f_adapter.py,682,81631f35ec0621d1df747a30eef30ec28f19cf2356b3398020a07a45bd2b6464
workspace_mirror/outputs/SPRINGFISH_V34_2_4_MIROFISH_BRIDGE_EXECUTION_MIGRATION_DELTA_2026_08_12/02_ENGINE_CANDIDATE/tests/test_study_007g_adapter.py,596,74ad506ff234c93385a70321e9e4016cb10e05e45b743df684167981b115d6d0
workspace_mirror/outputs/SPRINGFISH_V34_2_4_MIROFISH_BRIDGE_EXECUTION_MIGRATION_DELTA_2026_08_12/02_ENGINE_CANDIDATE/tests/test_study_007h_adapter.py,902,0bde0b7af7bfe69be7c7e485deca6106038ec2b9fc05e44692a65c0ded538706
workspace_mirror/outputs/SPRINGFISH_V34_2_4_MIROFISH_BRIDGE_EXECUTION_MIGRATION_DELTA_2026_08_12/02_ENGINE_CANDIDATE/tests/test_transition.py,1196,93450ee99acddafeff1a566d1010374f098e0946bf60a1eb73650dfb2cbbe338
workspace_mirror/outputs/SPRINGFISH_V34_2_4_MIROFISH_BRIDGE_EXECUTION_MIGRATION_DELTA_2026_08_12/02_ENGINE_CANDIDATE/validate_mirofish_bridge.py,6429,38b42b61d75d34edebbe669225d475110489c932d4c6bca0aa58a7d48f4aa129
workspace_mirror/outputs/SPRINGFISH_V34_2_4_MIROFISH_BRIDGE_EXECUTION_MIGRATION_DELTA_2026_08_12/02_ENGINE_CANDIDATE/validation/BETA3_VALIDATION.json,1488,d312873107b1e378521078a78b8a56546030d877888aecef9f1af1f02c431e27
workspace_mirror/outputs/SPRINGFISH_V34_2_4_MIROFISH_BRIDGE_EXECUTION_MIGRATION_DELTA_2026_08_12/02_ENGINE_CANDIDATE/validation/DEFAULT_BASELINE_INVARIANCE.csv,672,14029a0f9c41b51e0b5157274489c7b75d7583b42452371b7d2a26e9b93350b5
workspace_mirror/outputs/SPRINGFISH_V34_2_4_MIROFISH_BRIDGE_EXECUTION_MIGRATION_DELTA_2026_08_12/02_ENGINE_CANDIDATE/validation/LEGACY_OBSERVER_INVARIANCE.csv,127,b4576453307232847293aefe5f68a940af494fc6525acdc2f5630972bd87da34
workspace_mirror/outputs/SPRINGFISH_V34_2_4_MIROFISH_BRIDGE_EXECUTION_MIGRATION_DELTA_2026_08_12/02_ENGINE_CANDIDATE/validation/PROMOTION_GATES.csv,1420,e82e21fd680b337d175b953aec7091a68ba642d3f527bfc4287e2205ec243b59
workspace_mirror/outputs/SPRINGFISH_V34_2_4_MIROFISH_BRIDGE_EXECUTION_MIGRATION_DELTA_2026_08_12/02_ENGINE_CANDIDATE/validation/PYTEST_OUTPUT.txt,704,12368ea7648d3edc813ba38388404854788d96467b64a8962d969ab5d39dfa3b
workspace_mirror/outputs/SPRINGFISH_V34_2_4_MIROFISH_BRIDGE_EXECUTION_MIGRATION_DELTA_2026_08_12/02_ENGINE_CANDIDATE/validation/RELEASE_GATES.csv,972,a24da5690d382209148e1c8c916fb228e9ca5acfd5d8585dc850f39ef33f556f
workspace_mirror/outputs/SPRINGFISH_V34_2_4_MIROFISH_BRIDGE_EXECUTION_MIGRATION_DELTA_2026_08_12/02_ENGINE_CANDIDATE/validation/STUDY008B_ADMISSION_VALIDATION.json,2097,2a2e7a736f875d9723d8e6d103431711ba6a192048bb9250c0cfe331b27c6a71
workspace_mirror/outputs/SPRINGFISH_V34_2_4_MIROFISH_BRIDGE_EXECUTION_MIGRATION_DELTA_2026_08_12/02_ENGINE_CANDIDATE/validation/STUDY008B_BANGLADESH_UNPOPULATED_AUDIT.json,5238,38064787a83640fee1b9ce3c7e4c08d6862e2dbc8c6f3bedb2fb5a1a29f2078e
workspace_mirror/outputs/SPRINGFISH_V34_2_4_MIROFISH_BRIDGE_EXECUTION_MIGRATION_DELTA_2026_08_12/02_ENGINE_CANDIDATE/validation/STUDY008B_CLEAN_EXTRACTION_OUTPUT.txt,6350,96546d4bd42c6b4f52a50f7ce8d414eb97af413096f1b0b4ff89710490449437
workspace_mirror/outputs/SPRINGFISH_V34_2_4_MIROFISH_BRIDGE_EXECUTION_MIGRATION_DELTA_2026_08_12/02_ENGINE_CANDIDATE/validation/STUDY008B_EXACT_REPLAY.json,612,d26c6e36d12c208f25b6bc5593be5bd38694477c3c7af77696b9e6d03975c487
workspace_mirror/outputs/SPRINGFISH_V34_2_4_MIROFISH_BRIDGE_EXECUTION_MIGRATION_DELTA_2026_08_12/02_ENGINE_CANDIDATE/validation/STUDY008B_PRIOR_CANDIDATE_INVARIANCE.csv,38104,b0588736662752d1052ba1e42dac54974cfe043458ce278438fa6563189c4322
workspace_mirror/outputs/SPRINGFISH_V34_2_4_MIROFISH_BRIDGE_EXECUTION_MIGRATION_DELTA_2026_08_12/02_ENGINE_CANDIDATE/validation/STUDY008B_PYTEST_OUTPUT.txt,767,8bd89579f13f19accdf48bcd7f8265091ec65d70068445ca0425e3ea960adb5c
workspace_mirror/outputs/SPRINGFISH_V34_2_4_MIROFISH_BRIDGE_EXECUTION_MIGRATION_DELTA_2026_08_12/02_ENGINE_CANDIDATE/validation/STUDY008B_RELEASE_GATES.csv,663,b358d23512df206fa21208d8ca7cdcdae574e464f209d1f639416f97c3f05789
workspace_mirror/outputs/SPRINGFISH_V34_2_4_MIROFISH_BRIDGE_EXECUTION_MIGRATION_DELTA_2026_08_12/02_ENGINE_CANDIDATE/validation/STUDY008B_SYNTHETIC_ADMISSION_AUDIT.json,7814,eb0fc8752893837af495a67fd3ed3bd06d296f8ff07f9c017b0a5fdc217bd312
workspace_mirror/outputs/SPRINGFISH_V34_2_4_MIROFISH_BRIDGE_EXECUTION_MIGRATION_DELTA_2026_08_12/02_ENGINE_CANDIDATE/validation/STUDY008B_VALIDATION.json,1740,8655578bb0e38bc7f961e3e6d3f90e8d4b18a86270bbb461f5baf1e1065eb269
workspace_mirror/outputs/SPRINGFISH_V34_2_4_MIROFISH_BRIDGE_EXECUTION_MIGRATION_DELTA_2026_08_12/02_ENGINE_CANDIDATE/validation/STUDY008_ADAPTER_VALIDATION.json,2454,a54b066f656b1bfa0d1c56ed458dce6110acb5e9d9ba3143802840d2a95b97e2
workspace_mirror/outputs/SPRINGFISH_V34_2_4_MIROFISH_BRIDGE_EXECUTION_MIGRATION_DELTA_2026_08_12/02_ENGINE_CANDIDATE/validation/STUDY008_BANGLADESH_DATA_CENTRE_HYPOTHETICAL_REPLAY.json,121410,03ac5a3e4953e638964f817583559829e69430007ec3de7fa46292bc98c8088e
workspace_mirror/outputs/SPRINGFISH_V34_2_4_MIROFISH_BRIDGE_EXECUTION_MIGRATION_DELTA_2026_08_12/02_ENGINE_CANDIDATE/validation/STUDY008_BASELINE_INVARIANCE.csv,31627,5050cc21ba3d16c76eb12750fa85bb9f206be272a2d1050a9f48b788986ddfb4
workspace_mirror/outputs/SPRINGFISH_V34_2_4_MIROFISH_BRIDGE_EXECUTION_MIGRATION_DELTA_2026_08_12/02_ENGINE_CANDIDATE/validation/STUDY008_CLEAN_EXTRACTION_OUTPUT.txt,3222,103bfe0514e1c45a1cfb791c58ed1c125751c147df3e159ebdd1c5a1e9c8848b
workspace_mirror/outputs/SPRINGFISH_V34_2_4_MIROFISH_BRIDGE_EXECUTION_MIGRATION_DELTA_2026_08_12/02_ENGINE_CANDIDATE/validation/STUDY008_EXACT_REPLAY.json,443,81d04e222c87fa6d8513794edafea3e4edb9ae26eb5d1935c785061e5d4b220d
workspace_mirror/outputs/SPRINGFISH_V34_2_4_MIROFISH_BRIDGE_EXECUTION_MIGRATION_DELTA_2026_08_12/02_ENGINE_CANDIDATE/validation/STUDY008_PYTEST_OUTPUT.txt,767,36289bd38fd66257fbecccef905632ff2a788822ab0bf7820d08bd0bba9c72db
workspace_mirror/outputs/SPRINGFISH_V34_2_4_MIROFISH_BRIDGE_EXECUTION_MIGRATION_DELTA_2026_08_12/02_ENGINE_CANDIDATE/validation/STUDY008_RELEASE_GATES.csv,947,8da9dc658f6914528d41367d8234c55ae706faf28d646316505710cbdbf27d6c
workspace_mirror/outputs/SPRINGFISH_V34_2_4_MIROFISH_BRIDGE_EXECUTION_MIGRATION_DELTA_2026_08_12/02_ENGINE_CANDIDATE/validation/STUDY008_SYNTHETIC_CONVERSION_PROJECT_REPLAY.json,121786,9a10b81b0ac338c390a9301aae68ce061195426ac76cabab90a12275d63400f2
workspace_mirror/outputs/SPRINGFISH_V34_2_4_MIROFISH_BRIDGE_EXECUTION_MIGRATION_DELTA_2026_08_12/02_ENGINE_CANDIDATE/validation/STUDY008_VALIDATION.json,1439,e1740f786e1e2a5114a2c1a748192911057fcc5a4a97d7e9d717f682df98e79b
workspace_mirror/outputs/SPRINGFISH_V34_2_4_MIROFISH_BRIDGE_EXECUTION_MIGRATION_DELTA_2026_08_12/02_ENGINE_CANDIDATE/validation/mirofish_bridge/BASELINE_INVARIANCE.json,13981,d6e3c4c9b8a0f06b09f0089facc8b2ff34fb66736f7da27df77229cde05b2798
workspace_mirror/outputs/SPRINGFISH_V34_2_4_MIROFISH_BRIDGE_EXECUTION_MIGRATION_DELTA_2026_08_12/02_ENGINE_CANDIDATE/validation/mirofish_bridge/RELEASE_GATES.csv,1433,896b4a07db6b01dcf97b1ee289d1fc9567e627192b6f136e7d0db431be6979f5
workspace_mirror/outputs/SPRINGFISH_V34_2_4_MIROFISH_BRIDGE_EXECUTION_MIGRATION_DELTA_2026_08_12/02_ENGINE_CANDIDATE/validation/mirofish_bridge/TEST_OUTPUT.txt,854,bd39e80d8fce460be0ec5d24d18bd51191b3a93f2fac0b6763efcf9696d1b73a
workspace_mirror/outputs/SPRINGFISH_V34_2_4_MIROFISH_BRIDGE_EXECUTION_MIGRATION_DELTA_2026_08_12/02_ENGINE_CANDIDATE/validation/mirofish_bridge/VALIDATION_RESULTS.json,2612,9d0502cd3f0311cfe81a782db1637efd72a309a893bd5888bcb69af39f5aad9d
workspace_mirror/outputs/SPRINGFISH_V34_2_4_MIROFISH_BRIDGE_EXECUTION_MIGRATION_DELTA_2026_08_12/02_ENGINE_CANDIDATE/vendor/sld_sim/__init__.py,79,f19bd4c847094b9b39a01413df6c85361b1cebe00355ea554bd98983b50345fe
workspace_mirror/outputs/SPRINGFISH_V34_2_4_MIROFISH_BRIDGE_EXECUTION_MIGRATION_DELTA_2026_08_12/02_ENGINE_CANDIDATE/vendor/sld_sim/cadcad_adapter.py,2996,5859afac968e78b91c6f44b2e94758864396f0a4f9b43a7391b95aadbee91c78
workspace_mirror/outputs/SPRINGFISH_V34_2_4_MIROFISH_BRIDGE_EXECUTION_MIGRATION_DELTA_2026_08_12/02_ENGINE_CANDIDATE/vendor/sld_sim/calibration.py,958,2b7804d4253ec86d501035fa858cedbbfcb213550e21bb3f2effd90e433c9410
workspace_mirror/outputs/SPRINGFISH_V34_2_4_MIROFISH_BRIDGE_EXECUTION_MIGRATION_DELTA_2026_08_12/02_ENGINE_CANDIDATE/vendor/sld_sim/causal_validation.py,3011,88235549fb242d8449d738a4b75aa31b89b98dba2851ffc4fd027cae9f2f36df
workspace_mirror/outputs/SPRINGFISH_V34_2_4_MIROFISH_BRIDGE_EXECUTION_MIGRATION_DELTA_2026_08_12/02_ENGINE_CANDIDATE/vendor/sld_sim/engine.py,70915,0e56e8d48d3430c2be856992b1484b5b33a8b4435bb7320ae80d71a8c7e04614
workspace_mirror/outputs/SPRINGFISH_V34_2_4_MIROFISH_BRIDGE_EXECUTION_MIGRATION_DELTA_2026_08_12/02_ENGINE_CANDIDATE/vendor/sld_sim/games.py,13146,a8de52eac0866aff0a46b8bb1ed3cb09f8db49fc81628e82fd486bf6f7bff80e
workspace_mirror/outputs/SPRINGFISH_V34_2_4_MIROFISH_BRIDGE_EXECUTION_MIGRATION_DELTA_2026_08_12/02_ENGINE_CANDIDATE/vendor/sld_sim/graph_loader.py,8331,99c7cd44b25709d75f1ba71dbee96f9c5d5471637ab98218ea7b7d9e096c9ed9
workspace_mirror/outputs/SPRINGFISH_V34_2_4_MIROFISH_BRIDGE_EXECUTION_MIGRATION_DELTA_2026_08_12/02_ENGINE_CANDIDATE/vendor/sld_sim/micro_agents.py,9325,78e49271e4b6a44f062538379c8145be612d0af33a560a658ecc8f405c456253
workspace_mirror/outputs/SPRINGFISH_V34_2_4_MIROFISH_BRIDGE_EXECUTION_MIGRATION_DELTA_2026_08_12/02_ENGINE_CANDIDATE/vendor/sld_sim/payoff_calibration.py,8682,a6fe6adb31522e7fe85ea8d68dbf42facd570d3971eb10f81ea43022ba470ad3
workspace_mirror/outputs/SPRINGFISH_V34_2_4_MIROFISH_BRIDGE_EXECUTION_MIGRATION_DELTA_2026_08_12/02_ENGINE_CANDIDATE/vendor/sld_sim/risk_analysis.py,6232,e4eca0f5cfbcdb7496c185adc5631f6faa14302dacf1035a19a9da9a83312284
workspace_mirror/outputs/SPRINGFISH_V34_2_4_MIROFISH_BRIDGE_EXECUTION_MIGRATION_DELTA_2026_08_12/02_ENGINE_CANDIDATE/vendor/sld_sim/validation.py,11946,117f85b373d67035fddfddd0d38ff61e1942b28342d951a20584ad4d3af02a42
workspace_mirror/outputs/SPRINGFISH_V34_2_4_MIROFISH_BRIDGE_EXECUTION_MIGRATION_DELTA_2026_08_12/03_FROZEN_PREDECESSOR_RELEASES/SPRINGFISH_HANDOFF_AFTER_V34_2_3_MIROFISH_RECONCILIATION_2026_08_10.zip,1035410,d54fb10b415ec21f62ef4e63bec4226e2e5c4e44168420206740494b4cde8959
workspace_mirror/outputs/SPRINGFISH_V34_2_4_MIROFISH_BRIDGE_EXECUTION_MIGRATION_DELTA_2026_08_12/03_FROZEN_PREDECESSOR_RELEASES/SPRINGFISH_V3_0_BETA3_STUDY008B_EVIDENCE_INTAKE_EXPERIMENTAL_CANDIDATE.zip,4731613,7b09169de95161e205938e26c14c17a94a1dbf6b873fcc587de1c26c0ae4f77e
workspace_mirror/outputs/SPRINGFISH_V34_2_4_MIROFISH_BRIDGE_EXECUTION_MIGRATION_DELTA_2026_08_12/03_FROZEN_PREDECESSOR_RELEASES/SPRING_LOADED_DOOR_V34_2_3_MIROFISH_RECONCILIATION_CHECKPOINT_2026_08_10.zip,527900,63771bea97264f1d2345772ad938b89ddd07bf0b8a12383fd1576928fde5b11a
workspace_mirror/outputs/SPRINGFISH_V34_2_4_MIROFISH_BRIDGE_EXECUTION_MIGRATION_DELTA_2026_08_12/04_MIGRATION_BOUNDARY/BASE_MIGRATION_DEPENDENCY.json,1214,fe6175679bb1c680a2da70b2f1026db00854556126debb6df44e4b633b1bc7ee
workspace_mirror/outputs/SPRINGFISH_V34_2_4_MIROFISH_BRIDGE_EXECUTION_MIGRATION_DELTA_2026_08_12/05_BUILD_SOURCE/build_v3424_migration_delta.py,6063,d3d489856dd66721afa18cf7f5feb5c1a63bf67b35d55a40953a6456b4a52723
workspace_mirror/outputs/SPRINGFISH_V34_2_4_MIROFISH_BRIDGE_EXECUTION_MIGRATION_DELTA_2026_08_12/CANDIDATE_RELEASE.json,1096,86a9d1f183ed90a430ef5aa82051d045e366cf8620d1d5247396e6599b8f23ca
workspace_mirror/outputs/SPRINGFISH_V34_2_4_MIROFISH_BRIDGE_EXECUTION_MIGRATION_DELTA_2026_08_12/CHECKSUMS.sha256,54158,78c5fe43ca4a9f0f5987bcee0d47a483064f1a9e33eae7020e02729058e9ef41
workspace_mirror/outputs/SPRINGFISH_V34_2_4_MIROFISH_BRIDGE_EXECUTION_MIGRATION_DELTA_2026_08_12/FILE_CATALOG.csv,55773,ad0bb8ec78aa162afa2db72e12775e3bfce3abb10bbfdf790869c9173a0952ba
workspace_mirror/outputs/SPRINGFISH_V34_2_4_MIROFISH_BRIDGE_EXECUTION_MIGRATION_DELTA_2026_08_12/MANIFEST.json,886,c6d2d895c3c6727153cb8b03f50bbb4c9c967840bd8616b4ebb58303bc5b6211
workspace_mirror/outputs/SPRINGFISH_V34_2_4_MIROFISH_BRIDGE_EXECUTION_MIGRATION_DELTA_2026_08_12.zip,11807480,9ddd0dd3f449522bb907e94aae4773f6f001254a7d04c7d50c7f82cdfacfcb9d
workspace_mirror/outputs/SPRINGFISH_V34_2_4_MIROFISH_BRIDGE_EXECUTION_MIGRATION_DELTA_2026_08_12.zip.integrity.json,490,4cd7cb9c96e3afd77b44150468f5efff67607d219daa9a7d239b2201e2f52062
workspace_mirror/outputs/SPRINGFISH_V34_2_4_MIROFISH_BRIDGE_EXECUTION_MIGRATION_DELTA_2026_08_12.zip.sha256,142,c2cb5b46571e3d40def1ed3906e1962fa56fc5668e0962808fdb34ebe02a6e0f
workspace_mirror/recovered/SPRINGFISH_HANDOFF_AFTER_V34_2_3_MIROFISH_RECONCILIATION_2026_08_10.zip,1035410,d54fb10b415ec21f62ef4e63bec4226e2e5c4e44168420206740494b4cde8959
workspace_mirror/recovered/SPRINGFISH_V3_0_BETA3_STUDY008B_EVIDENCE_INTAKE_EXPERIMENTAL_CANDIDATE.zip,4731613,7b09169de95161e205938e26c14c17a94a1dbf6b873fcc587de1c26c0ae4f77e
workspace_mirror/recovered/SPRING_LOADED_DOOR_V34_2_3_MIROFISH_RECONCILIATION_CHECKPOINT_2026_08_10.zip,527900,63771bea97264f1d2345772ad938b89ddd07bf0b8a12383fd1576928fde5b11a
workspace_mirror/recovered/extracted/checkpoint/SPRING_LOADED_DOOR_V34_2_3_MIROFISH_RECONCILIATION_CHECKPOINT_2026_08_10/00_START_HERE.md,958,c277f4564a7d564af2194eddb1a984abb06ea6832bc7d286a4afa66510382f75
workspace_mirror/recovered/extracted/checkpoint/SPRING_LOADED_DOOR_V34_2_3_MIROFISH_RECONCILIATION_CHECKPOINT_2026_08_10/01_MASTER_SYNTHESIS/THE_SPRING_LOADED_DOOR_MASTER_SYNTHESIS_V34_2_3_MIROFISH_RECONCILIATION_AUGUST_2026.md,1556731,ed8c906d904ad14807e2e183232bea4d345bc3fea206e74df7706e9b46dc8ad2
workspace_mirror/recovered/extracted/checkpoint/SPRING_LOADED_DOOR_V34_2_3_MIROFISH_RECONCILIATION_CHECKPOINT_2026_08_10/02_USER_SOURCE_NOTE/NORMALIZED_USER_SUPPLIED_MIROFISH_RESEARCH_NOTE_2026_08_10.md,1530,7df8158ba9464f8a8ecd03188a8576a1a1b7500eb77b401f98160be25386840f
workspace_mirror/recovered/extracted/checkpoint/SPRING_LOADED_DOOR_V34_2_3_MIROFISH_RECONCILIATION_CHECKPOINT_2026_08_10/03_MIROFISH_RECONCILIATION/MANIFEST_DISCREPANCY_REPORT.md,549,5e9e016eae3599af2d249d28387438216fb0d04f532554297ee100be9b8ab101
workspace_mirror/recovered/extracted/checkpoint/SPRING_LOADED_DOOR_V34_2_3_MIROFISH_RECONCILIATION_CHECKPOINT_2026_08_10/03_MIROFISH_RECONCILIATION/MIROFISH_BRIDGE_MANIFEST_V0_1_1_CANDIDATE.json,1425,4a394e382404edb05f224c0bc17534c842d284f2264c11566d5fa6bc038a33a6
workspace_mirror/recovered/extracted/checkpoint/SPRING_LOADED_DOOR_V34_2_3_MIROFISH_RECONCILIATION_CHECKPOINT_2026_08_10/03_MIROFISH_RECONCILIATION/UPSTREAM_AUDIT_LOCK.json,1161,cb72980658dccb9f07a36bae74e43f7c983e431db783af8648ff78403fc25976
workspace_mirror/recovered/extracted/checkpoint/SPRING_LOADED_DOOR_V34_2_3_MIROFISH_RECONCILIATION_CHECKPOINT_2026_08_10/03_MIROFISH_RECONCILIATION/UPSTREAM_RECONCILIATION.md,621,3d225eacea11e85e55aec70c24abf60d7b0ec62383678194cf521cef22d35a04
workspace_mirror/recovered/extracted/checkpoint/SPRING_LOADED_DOOR_V34_2_3_MIROFISH_RECONCILIATION_CHECKPOINT_2026_08_10/04_COMPARATOR_FRAMEWORKS/COMPARATOR_MATRIX.csv,1175,573b70249b6309b42a4901a171041cc089d082d3e3cb8008bee53930e1ac891f
workspace_mirror/recovered/extracted/checkpoint/SPRING_LOADED_DOOR_V34_2_3_MIROFISH_RECONCILIATION_CHECKPOINT_2026_08_10/05_EVIDENCE/CLAIM_AUDIT.md,1191,08903cc1cc2b17c24755740ec633705466c8b5f500a6064e65508e44ca4d6147
workspace_mirror/recovered/extracted/checkpoint/SPRING_LOADED_DOOR_V34_2_3_MIROFISH_RECONCILIATION_CHECKPOINT_2026_08_10/05_EVIDENCE/SOURCE_REGISTER.csv,2265,e26755f05481db5a920fdd2a51998a9e85b2d8114e61dbf06d8a59efea043ae2
workspace_mirror/recovered/extracted/checkpoint/SPRING_LOADED_DOOR_V34_2_3_MIROFISH_RECONCILIATION_CHECKPOINT_2026_08_10/06_VALIDATION/FUTURE_BRIDGE_VALIDATION_PLAN.md,942,199279fa7fe8d4541dbef92f0a430c63088548d367a848f751efed83b07c286c
workspace_mirror/recovered/extracted/checkpoint/SPRING_LOADED_DOOR_V34_2_3_MIROFISH_RECONCILIATION_CHECKPOINT_2026_08_10/06_VALIDATION/RELEASE_GATES.csv,1055,e7e5a40e2424e742423785edd9a2cffaf0257d440e7394ee161b994ba4a4e97b
workspace_mirror/recovered/extracted/checkpoint/SPRING_LOADED_DOOR_V34_2_3_MIROFISH_RECONCILIATION_CHECKPOINT_2026_08_10/06_VALIDATION/TEST_OUTPUT.txt,1023,e6b1092a1ad737ca3ed39af772c9e8f883e894699db4042d918d803a197d7328
workspace_mirror/recovered/extracted/checkpoint/SPRING_LOADED_DOOR_V34_2_3_MIROFISH_RECONCILIATION_CHECKPOINT_2026_08_10/06_VALIDATION/VALIDATION_SUMMARY.json,321,f45e1db49b491668bacdc6a3653eb5d4c5dc758c96462e04ee1ffde469e30a53
workspace_mirror/recovered/extracted/checkpoint/SPRING_LOADED_DOOR_V34_2_3_MIROFISH_RECONCILIATION_CHECKPOINT_2026_08_10/07_SOURCE/build_v3423_mirofish_reconciliation_checkpoint.py,40178,143b5c284dd27daf574046ed59804833b055c309addaa68bd8eed9fec4c1e4f6
workspace_mirror/recovered/extracted/checkpoint/SPRING_LOADED_DOOR_V34_2_3_MIROFISH_RECONCILIATION_CHECKPOINT_2026_08_10/CANDIDATE_RELEASE.json,1260,4ffbedf1ab7e48b3ffca3db78d4afc2e096af1869f06b8568c822831fe396475
workspace_mirror/recovered/extracted/checkpoint/SPRING_LOADED_DOOR_V34_2_3_MIROFISH_RECONCILIATION_CHECKPOINT_2026_08_10/CANONICAL_INTEGRATION_BOUNDARIES.md,595,dd29da3b65280600009832c5f24436b89ab03cc0f0fb050a90ae7c1f48be4876
workspace_mirror/recovered/extracted/checkpoint/SPRING_LOADED_DOOR_V34_2_3_MIROFISH_RECONCILIATION_CHECKPOINT_2026_08_10/CHECKSUMS.sha256,2018,6f9111ff4fe3afbae21d476e954dfe528981be4f1a5b9b855a63c1c446da9633
workspace_mirror/recovered/extracted/checkpoint/SPRING_LOADED_DOOR_V34_2_3_MIROFISH_RECONCILIATION_CHECKPOINT_2026_08_10/MANIFEST.json,3201,fe86a2179aaf989db83840bf4a74593a973aa06fa5b6d7d1a8177445d408cc74
workspace_mirror/recovered/extracted/engine/CANDIDATE_RELEASE.json,1160,7cd571e2b71b8a1eecd3b81a4cdfbaa19c9d12680051f481184dd46ddfe573f8
workspace_mirror/recovered/extracted/engine/CANONICAL_INTEGRATION_BOUNDARIES.md,189,8f80c0a2520bbc917cb706bdb3fb5ca19471efbebe3cb7845a43fc0e17938c2e
workspace_mirror/recovered/extracted/engine/CHECKSUMS.sha256,24520,fac7f7507379a9d1324b1a1ce6feced00e36ac37b570d8dfca4280361de61840
workspace_mirror/recovered/extracted/engine/EXECUTION_REPORT.md,1385,6be49a79f5e06620cb4f27dcf13ac71b14e34eccb106cdf1ae6f6f5874b45d63
workspace_mirror/recovered/extracted/engine/MANIFEST.json,41882,a96f3a384748d501f3adbbc0bc2e3ecd56241279f2f90bb981ac6f5b73cb38e2
workspace_mirror/recovered/extracted/engine/README.md,1218,981dbf4ae2ddad08fa1dfab28a35fbc9d8f66b92f764d97039f5fe8f25e6bda1
workspace_mirror/recovered/extracted/engine/RQ621_BRIDGE_PREREGISTRATION.md,566,4cb97e99837c8b38b41c5d61c52878663001815ac1d9a7a330147567cfa3aac2
workspace_mirror/recovered/extracted/engine/RQ621_SHADOW_ACTIVATION.md,877,966d00b0d3f117fdc74d05a837d9ec6c224eef0769c46f4e7040a18a4f88a5e5
workspace_mirror/recovered/extracted/engine/adapters/architected_extraction/CASE_REGISTER.json,888,e2fb64ee7c5c2b2aace216dac426fdcea66952cbfdc9fc9c19ae8a4b6e675bdd
workspace_mirror/recovered/extracted/engine/adapters/architected_extraction/EVIDENCE_FIREWALL.json,1203,09d38cb5b0691a32c335fa8251b967439483725f2461f1c5fb2f274fc18fb49a
workspace_mirror/recovered/extracted/engine/adapters/architected_extraction/EVIDENCE_GAPS.csv,1882,4326530aa227dad3c5f658498c4beccdc57e70fe913fe3ea11ecb172161ecca8
workspace_mirror/recovered/extracted/engine/adapters/architected_extraction/EVIDENTIARY_CONDITION_REGISTER.csv,1553,6168ba8b2870c0f5bd3a19999ddf56890b352dca7d991d0acba2edff28e56740
workspace_mirror/recovered/extracted/engine/adapters/architected_extraction/MODEL_SPECIFICATION.md,2599,1e633810d8485fc1f830e05268b2fec8e5f41e865aa618e6059ca6dca13fdf2e
workspace_mirror/recovered/extracted/engine/adapters/architected_extraction/MODULE_EVIDENCE_REGISTER.csv,1061,fc5d9f428be02e3f0f4eb0bbe6c8e535ac60d7ea6008a8d9b588fa2e4dfea727
workspace_mirror/recovered/extracted/engine/adapters/architected_extraction/PARAMETER_REGISTER.csv,4898,400fa3e9472309fe12f677e74fa977d8baf2db862f7167ffe8fc993cdc7f1dee
workspace_mirror/recovered/extracted/engine/adapters/architected_extraction/PRE_REGISTRATION.md,2693,9b4d77185e5b2104a550ac5d120925c87851bfa2cb08c6d49e1ae996a22dfd77
workspace_mirror/recovered/extracted/engine/adapters/architected_extraction/README.md,1577,a843f1b41da5da46fa17072d01f70e1c2103ab6ea2e57950d8c9e270717afadf
workspace_mirror/recovered/extracted/engine/adapters/architected_extraction/SCENARIOS.json,6525,704143b24f4f8e89e757db669755cf0e84abe32a2d27a2c8c2a69ab9dbec700b
workspace_mirror/recovered/extracted/engine/adapters/architected_extraction/SCIENTIFIC_SUMMARY.json,847,ef641ac320b17e41f4c5623e1d401da32190742213868c61d721f1f89188159e
workspace_mirror/recovered/extracted/engine/adapters/architected_extraction/SOURCE_CONTRACT.md,2223,a5d91b779ee9a94bad4793cf50cc312b2b37088c851ed5ae3f580643f4979a39
workspace_mirror/recovered/extracted/engine/adapters/architected_extraction/STRESS_SCENARIOS.json,1716,bc69ba138ce09bb9fb1ddee76326e1878d7c51888275088ce1c369b07980d2da
workspace_mirror/recovered/extracted/engine/adapters/architected_extraction/cases/bangladesh_data_centre_hypothetical.json,3163,ec9d2bbb87538160ef82dadcefa0670baa56735185ce86a1304a0211b21ee234
workspace_mirror/recovered/extracted/engine/adapters/architected_extraction/cases/synthetic_conversion_project.json,3081,01ba159bfc2f17a26096131ea6a0de4be2ee6e537d44ab0ee2f2c38ac7c09b17
workspace_mirror/recovered/extracted/engine/adapters/architected_extraction/reference/V34_2_CANDIDATE_DELTA.json,251220,eef14915e5b41b68ccbe22a5503e652abe69f677f1cc355122c782707e6986af
workspace_mirror/recovered/extracted/engine/adapters/architected_extraction_intake/ADMISSION_RULES.json,1639,31e0d4fd65ce13212f22fee6ebd69fe79a945beed71ad325ec7f55367ebdbf68
workspace_mirror/recovered/extracted/engine/adapters/architected_extraction_intake/PROJECT_INTAKE_SCHEMA.json,3057,f4f17b63ea6adc0ee3d0388cf8fe26f13c2e19a52214c47f5e33f03dcbdc3abb
workspace_mirror/recovered/extracted/engine/adapters/architected_extraction_intake/README.md,1977,84e0380d90f2d21991e80397c50fdcb581f83ecd41d7c026994067301086b135
workspace_mirror/recovered/extracted/engine/adapters/architected_extraction_intake/reference/BANGLADESH_PROJECT_INTAKE_UNPOPULATED.json,1134,98d3b2802d970a81ef3d6bde792f7913d3ea2b4e2569982b779abfde83f29161
workspace_mirror/recovered/extracted/engine/adapters/architected_extraction_intake/reference/SYNTHETIC_ADMISSIBLE_PACKET.json,4548,c1458008b016fc3b3eee2cb30ea1a72695892094f41e94e7b73e13de9735e332
workspace_mirror/recovered/extracted/engine/adapters/architected_extraction_intake/templates/BENEFIT_CHANNEL_REGISTER_TEMPLATE.csv,84,9ca6ebaf761204447f421c05588cda96bf7436aa030a8e89d50da153a7d3eaac
workspace_mirror/recovered/extracted/engine/adapters/architected_extraction_intake/templates/EVIDENCE_ITEM_REGISTER_TEMPLATE.csv,91,e23ef9ba9127a13a9cc2f6af1fef952ac8557e411f5d47411736f07c07a8149a
workspace_mirror/recovered/extracted/engine/adapters/architected_extraction_intake/templates/LIABILITY_GATE_EVIDENCE_REGISTER_TEMPLATE.csv,242,df1e10bc3ccf01ef913419b21c25e9d7c9e6867d5cd489f6c6a74a543244871a
workspace_mirror/recovered/extracted/engine/adapters/architected_extraction_intake/templates/OVERLAP_RECONCILIATION_TEMPLATE.csv,59,bd4f94964a6a6a41e331b119b02afc634948a6c38346699c764b7d2a5b584d39
workspace_mirror/recovered/extracted/engine/adapters/architected_extraction_intake/templates/PROJECT_INTAKE_TEMPLATE.json,980,3e86af359ed6ba792cd025f41289b2ee09687ac90dedbe688a7e6ce9d9fc78f1
workspace_mirror/recovered/extracted/engine/adapters/architected_extraction_intake/templates/RIVAL_EXPLANATION_REGISTER_TEMPLATE.csv,55,9823d602e4aeac479ea9994d95ab22e446ea5a06d66dd4c8b3abf0103b3c2df1
workspace_mirror/recovered/extracted/engine/adapters/architected_extraction_intake/templates/SOURCE_REGISTER_TEMPLATE.csv,114,77dd60e6a5cdd1c06f493d1cb27684d855e8c76895fde6dfc04663d59160aa77
workspace_mirror/recovered/extracted/engine/adapters/rq621_bridge/BRIDGE_VALIDATION_SUMMARY.json,954,1ea01f1375277234e073e4cdca02df3f808ed838c32e13596b808cd22aca7d6a
workspace_mirror/recovered/extracted/engine/adapters/rq621_bridge/CANDIDATE_MAPPING_REGISTER.csv,2915,46e3d48b5f95ee76e656f9e17921970345c2b6a7d5ac16e4bdc112ef55036128
workspace_mirror/recovered/extracted/engine/adapters/rq621_bridge/ENGINE_OBSERVABLE_REGISTER.csv,825,abad655ba800cb0f18bc853d8b4f00e1b9bd941387a1556bf520cb03d2d3aa63
workspace_mirror/recovered/extracted/engine/adapters/rq621_bridge/PREREGISTRATION_CONTRACT.json,1429,3091b5ce8c192ad44ea1fff2d1fba161707b1867151f5014131c276f1130a5ec
workspace_mirror/recovered/extracted/engine/adapters/rq621_bridge/SEMANTIC_FIREWALL.csv,570,1aa8accb6aee1cf145dec79f7ca7ec985484d5d49683a259db1177d3ae7dd835
workspace_mirror/recovered/extracted/engine/adapters/rq621_c1_evidence/ACCESS_GAPS.csv,2025,1bd448eed36bbbe7a709f6dcddf0c323de8cab1f17ca931920734f06655c4ff3
workspace_mirror/recovered/extracted/engine/adapters/rq621_c1_evidence/CLAIM_REGISTER.csv,2275,3c9785199223e0b91679bd4ce3c8db6b433b459efab91dc3e5c625e61a836d96
workspace_mirror/recovered/extracted/engine/adapters/rq621_c1_evidence/DEVELOPMENT_OBSERVATIONS.csv,4532,acb0e043dd1dad563b9af60cf7c8c138b1b251cab7236a13ea92fd8d978b676e
workspace_mirror/recovered/extracted/engine/adapters/rq621_c1_evidence/ENTITY_SEPARATION_REGISTER.csv,775,fe4a76e0c52cc768090773e512a122d3004bb813ed8ec5aa28dd01501e27734f
workspace_mirror/recovered/extracted/engine/adapters/rq621_c1_evidence/FINANCE_STAGE_REGISTER.csv,633,fe1746c6f6e4abded0e0ff074088f2c25a26b369c9f4569626cd5a0457eda016
workspace_mirror/recovered/extracted/engine/adapters/rq621_c1_evidence/PINK_SHEET_FERTILIZER_EXTRACT.csv,351,021b4e3fc7958e97993f1faacd2b4cd0f0720ee09e0a0b964d9c627a5d67dc8a
workspace_mirror/recovered/extracted/engine/adapters/rq621_c1_evidence/PROSPECTIVE_HOLDOUT.json,1206,6b2d172f89dc0c5ba9a413228d82984d4b2119fbaba57d71a154aced97826f14
workspace_mirror/recovered/extracted/engine/adapters/rq621_c1_evidence/SCIENTIFIC_SUMMARY.json,1037,f49b562dcc2aef3cb2a0cb417e07ff434a76875374528f00ee84c4d493512996
workspace_mirror/recovered/extracted/engine/adapters/rq621_c1_evidence/SOURCE_REGISTER.csv,7533,2e57dccf54bb5b47f114faa1f970fe07d99782b3d314100c3073523aec0c1c83
workspace_mirror/recovered/extracted/engine/adapters/rq621_c1_evidence/STATE_EVIDENCE_MATRIX.csv,3127,821e7144895da33b6085d162ce48e3e570c44e06bc22867d023276dd632bffd2
workspace_mirror/recovered/extracted/engine/adapters/rq621_shadow/CONSTRAINT_SWITCH_RESULTS.csv,508,ca591488fb60ebe0083fe499fc0558b57bd5bb174cf70c1d640a453d4aa50ba0
workspace_mirror/recovered/extracted/engine/adapters/rq621_shadow/DOMINANT_FEEDBACK_CHANNELS.csv,8143,fa8ca376e572d63eab5ee453ca18effc43ce88cfc9832cae9b5c01ae13425b98
workspace_mirror/recovered/extracted/engine/adapters/rq621_shadow/EIGENVALUES.csv,9127,95c156793030354c267e91cc6fed00b3ab3e2ba6e974a2cad3e84bc676b06313
workspace_mirror/recovered/extracted/engine/adapters/rq621_shadow/FINITE_DIFFERENCE_VALIDATION.csv,3590,c54e4abdd30f6c37a3fe7885905e21cd92766f4553bea22dfb3b91fb73bc14f0
workspace_mirror/recovered/extracted/engine/adapters/rq621_shadow/FIXED_POINTS.csv,2263,d4f31655ef2b5fdbbe44936e541c6fbb45497d7e9b48b949fbc3d15c02ef4be3
workspace_mirror/recovered/extracted/engine/adapters/rq621_shadow/JACOBIAN_MATRICES_LONG.csv,83336,708e47978fd273d6d61e88ab4c70f434dd60a9664bdef4b6e11de7c6cd2a7ee7
workspace_mirror/recovered/extracted/engine/adapters/rq621_shadow/LOCAL_GLOBAL_BOUNDARY.csv,635,8c9927bcc093034c3e0dd1ff3932578896f6c99651d3762f343af20cb4ffc1b6
workspace_mirror/recovered/extracted/engine/adapters/rq621_shadow/PARAMETER_REGISTER.csv,5324,910d8cf2b7c694d7d8e1382b657bafdbe7e8959be30f24834fe76002d67c228d
workspace_mirror/recovered/extracted/engine/adapters/rq621_shadow/PERTURBATION_TRAJECTORIES.csv,64959,125f72a99c6674412199dd09e9e9cde178ac46451d87dc364d0d3ad78da9d506
workspace_mirror/recovered/extracted/engine/adapters/rq621_shadow/SCIENTIFIC_SUMMARY.json,323,2e41dac2a548bb1f1ce3864beeb45cf7fd496af7891312130fd2fe84445bd727
workspace_mirror/recovered/extracted/engine/adapters/rq621_shadow/SHADOW_ACTIVATION_CONTRACT.json,828,d8b05e017e543a4fcc420412b64cbb813af291b46d4eb90c470b2bc26e2db878
workspace_mirror/recovered/extracted/engine/adapters/rq621_shadow/SPECTRAL_RADIUS_SUMMARY.csv,1211,45d1de301bd515f4e9ee1897e3bd90254d2e3d08cf94746eab3f9430c4b5c454
workspace_mirror/recovered/extracted/engine/adapters/rq621_shadow/STABILITY_CLASSIFICATION.csv,172,6282032b05eb11f81bba8ebdd7a7eecf63204966d867ed11dbe78fa82b2a72e4
workspace_mirror/recovered/extracted/engine/adapters/rq621_shadow/STABILITY_SCENARIOS.csv,5324,910d8cf2b7c694d7d8e1382b657bafdbe7e8959be30f24834fe76002d67c228d
workspace_mirror/recovered/extracted/engine/adapters/rq621_shadow/STATE_MAPPING_REGISTER.csv,1298,bcd60252dfbc037d27a65ea9b68750aa7c3a6c7509540ab0b74e08f057b1c252
workspace_mirror/recovered/extracted/engine/adapters/study_007e/COMPARATIVE_CLAIM_REGISTER.csv,776,925dec9f4a0f9ac7708d9484f8bef2b72499b221ea146fcbcb85d1f08c1de175
workspace_mirror/recovered/extracted/engine/adapters/study_007e/EVIDENCE_GAPS.csv,802,a2a021ddada68ed825776462fa48e39b8b43d36b2070bda3f19e0916c68cc968
workspace_mirror/recovered/extracted/engine/adapters/study_007e/EXIT_LAYER_REGISTER.csv,1613,248d7176cd118fbaf43506344b61dec20122fa7aa96135d3b6579576af4a83b1
workspace_mirror/recovered/extracted/engine/adapters/study_007e/PLATFORM_PORTABILITY_MATRIX.csv,2755,76a645227ed85c730c4a772a0c8dc5d27dcc6783eac5ad7c78be5d30bfac8778
workspace_mirror/recovered/extracted/engine/adapters/study_007e/PORTABILITY_BY_LAYER.csv,3960,a797df71fa3beb145fd26c012cb08e583314f59551569d430a18572df3192fb0
workspace_mirror/recovered/extracted/engine/adapters/study_007e/SCIENTIFIC_SUMMARY.json,682,d06a44035043d0ade62228eba376ce35f7cc7ae2eb2d5a7ac65294f7774978e1
workspace_mirror/recovered/extracted/engine/adapters/study_007e/SOURCE_REGISTER.csv,4160,11b9f43b781383df2328ac315cc5199a7b6023eded9ae531fc098d29842fc7a0
workspace_mirror/recovered/extracted/engine/adapters/study_007f/COMPARATIVE_CLAIM_REGISTER.csv,1123,095970491dccfbc0ad5eed285ed2fec837a17ca2faa63537d5daf90f3bf44b99
workspace_mirror/recovered/extracted/engine/adapters/study_007f/DEVOPS_CATEGORY_SUMMARY.csv,325,e7c99649d326b22c63f704934073afdddb37e520a1c715ebe1ea95b7127a8a29
workspace_mirror/recovered/extracted/engine/adapters/study_007f/DEVOPS_INCIDENT_LEDGER.csv,2144,50a6ff7477a07ef19cfd063ff591d673040981db5d5c92a4afdda923dd76f9a1
workspace_mirror/recovered/extracted/engine/adapters/study_007f/DEVOPS_LAYER_REGISTER.csv,2779,e058b08a4d3e4f48c31726d5a0ea5940287329ddac725852c6af3c822110434b
workspace_mirror/recovered/extracted/engine/adapters/study_007f/EVIDENCE_GAPS.csv,1284,751be9c01fc50cf19f2cb911a84dc0be1f42e9dcdc4d3ef9705dc3927adb8558
workspace_mirror/recovered/extracted/engine/adapters/study_007f/MIGRATION_REVERSIBILITY_MATRIX.csv,1175,5cacc1c9fcd92d70433350a6d94270c44617629a2e1e77348fa6f718d6915c49
workspace_mirror/recovered/extracted/engine/adapters/study_007f/PLATFORM_EXECUTION_MATRIX.csv,2859,deab9c979c705d5df9710a990d8d31552c6109a6d7a0f87e81ade706f742402c
workspace_mirror/recovered/extracted/engine/adapters/study_007f/PLATFORM_LAYER_COVERAGE.csv,612,9b7810fe98324c6adfb7ef3f269e6c99e9de1319f26fca47acd3b76c946b16c4
workspace_mirror/recovered/extracted/engine/adapters/study_007f/SCIENTIFIC_SUMMARY.json,739,67de840dfb547f02622c4df84b61d6a2a2bb7cb06008f11539a423f7fd57ace3
workspace_mirror/recovered/extracted/engine/adapters/study_007f/SOURCE_REGISTER.csv,5417,8a8a4b08bc6bf75ee3a3454f9d8a97053da80c462b4005f0d561ba2e3c7bec38
workspace_mirror/recovered/extracted/engine/adapters/study_007g/COMPARATIVE_CLAIM_REGISTER.csv,864,ffac55536aa029e5bf695398ccccd8dedd615ff829acd4dc028a35e694fd75c3
workspace_mirror/recovered/extracted/engine/adapters/study_007g/EVIDENCE_GAPS.csv,980,bbcf9d87988971faf3b91a89401c2e09118a1f5ad11bd5c83e6373be420650f4
workspace_mirror/recovered/extracted/engine/adapters/study_007g/HISTORY_DEPENDENCY_LAYER_REGISTER.csv,1827,2f07dab586a70d3a7545f53db4b570aaa614969865ab73358ab09ffc06f5c3c4
workspace_mirror/recovered/extracted/engine/adapters/study_007g/INCIDENT_LEDGER.csv,1103,95662c34983847b9c0e857df2bfc4ce7dd41542a01bbb29fa0a239e8f7ff2086
workspace_mirror/recovered/extracted/engine/adapters/study_007g/PLATFORM_HISTORY_PORTABILITY_MATRIX.csv,4457,685e465174c0ed0fe69dbcc2cd380c72ddb319b70281e53071bd776ccefc0e4f
workspace_mirror/recovered/extracted/engine/adapters/study_007g/RAMP_CATEGORY_METRICS.csv,1157,1f8fda3af28f1fbd1ac9471fcaf4d1b4f50c7b9251cbfea2bcaa4f903e6125a5
workspace_mirror/recovered/extracted/engine/adapters/study_007g/RAMP_VENDOR_METRICS.csv,3225,82ab19e015cc7fdcb2da901a093b6aa2e5a8bf9e589ce5fd86c0126bbea921ba
workspace_mirror/recovered/extracted/engine/adapters/study_007g/SCIENTIFIC_SUMMARY.json,601,08400b3e27a16a2610ae1ca02e3172a2a233c655f94bff6d3cbbb11b05b0fc97
workspace_mirror/recovered/extracted/engine/adapters/study_007g/SOURCE_REGISTER.csv,6478,f967554b2aaa97e1649e6c17b7484ad98ecd8dc22977f96f7dbdba865146f98d
workspace_mirror/recovered/extracted/engine/adapters/study_007h/ANOMALY_HYPOTHESIS_REGISTER.csv,3092,b9cadc4f75911f58d63731acac5f04dd3a81c222247a622ed3f9be84be574e7c
workspace_mirror/recovered/extracted/engine/adapters/study_007h/BI_VENDOR_DIAGNOSTIC.csv,2046,709f5c38afca07b43ba613ab7e028798d08320e4b97c0c302ce4768b494bef31
workspace_mirror/recovered/extracted/engine/adapters/study_007h/CATEGORY_CONCENTRATION_SUMMARY.csv,741,fccedf17ed46cbcd609c9fd61bc45bac2fe73a43b05b1d9fed927f11d73365bd
workspace_mirror/recovered/extracted/engine/adapters/study_007h/COMPARATIVE_CLAIM_REGISTER.csv,1914,82d250affc4c87925b4e891069c5c2b122b660ee9c726aa6f1328b9164910c60
workspace_mirror/recovered/extracted/engine/adapters/study_007h/EVIDENCE_GAPS.csv,1694,e01a6a7e0183b25ce38672fc2606f56c92af000a732618ab06b277f43b9a28ab
workspace_mirror/recovered/extracted/engine/adapters/study_007h/LOOKER_SEGMENT_PROFILE.csv,473,0b76192227af65b364447579a415886c7308fd6955a67b421642b2e8a5c2bfab
workspace_mirror/recovered/extracted/engine/adapters/study_007h/NAMED_SCALE_EXEMPLARS.csv,949,53182124a66cdfc60290348df1ed8dcad031a63ec9c239cb36f7ae5b4602af4d
workspace_mirror/recovered/extracted/engine/adapters/study_007h/PRODUCT_ARCHITECTURE_REGISTER.csv,1782,4ea8cd48d5117d73ca6e77db497aad8f46f31b6b7b9ae89fc6a4c4d8c856f7a1
workspace_mirror/recovered/extracted/engine/adapters/study_007h/SCIENTIFIC_SUMMARY.json,952,30c77496782a8110909f923670622a0c267d9cf80cda140f9038793d36ce38ce
workspace_mirror/recovered/extracted/engine/adapters/study_007h/SOURCE_REGISTER.csv,4762,1c538d915be0789be6d14d50da3fd4039c32db13a134c084bba507ee52fdf7b9
workspace_mirror/recovered/extracted/engine/base_release/SPRINGFISH_V3_0_BETA3_STUDY008_ARCHITECTED_EXTRACTION_EXPERIMENTAL_CANDIDATE.zip,2346626,8ace06854c6c8961769274653e5b612734fc30b1858c7260c58b2f42a745b092
workspace_mirror/recovered/extracted/engine/base_release/SPRINGFISH_V3_0_BETA3_STUDY008_ARCHITECTED_EXTRACTION_EXPERIMENTAL_CANDIDATE.zip.integrity.json,777,3f25bac553ac66f8278fce114930dbcbd987c95d56657335ab76cf300b046b12
workspace_mirror/recovered/extracted/engine/base_release/SPRINGFISH_V3_0_BETA3_STUDY008_ARCHITECTED_EXTRACTION_EXPERIMENTAL_CANDIDATE.zip.sha256,147,2401d4ead18562eeb2b0d6a070d771c6e0050bb73af4e53c3ca21b92602e1fff
workspace_mirror/recovered/extracted/engine/base_release/SPRINGFISH_V3_0_CANONICAL_ENGINE_BETA3.zip,1124637,3875bfd84a34bc4842d48f6ec7775169161ee809e4039358d8d7691b4c1df055
workspace_mirror/recovered/extracted/engine/base_release/SPRINGFISH_V3_0_CANONICAL_ENGINE_BETA3.zip.integrity.json,530,cee5a144cc39b004344b0ef1f30e3ae138464731a76c336d956974d73c22070d
workspace_mirror/recovered/extracted/engine/base_release/SPRINGFISH_V3_0_CANONICAL_ENGINE_BETA3.zip.sha256,109,e3fb793a332901f7a33d88900ae466f47775ac9958820b8b7b6a509081bb59d8
workspace_mirror/recovered/extracted/engine/build_study008_release.py,18317,2eb011c74585d4c445ae00db301cf82c78c18bfdbca64cf7152ddeec0e4dd1b8
workspace_mirror/recovered/extracted/engine/build_study008b_release.py,27413,d866204906f151f256bda1dd7a50045f84b6e0573e72e7e65bd5f805e6ce3bbf
workspace_mirror/recovered/extracted/engine/config/base.yaml,2589,3debdbf90da000c2990e25bfbef38ad31bc2c1490b725a1f20ba9b4315b16ed5
workspace_mirror/recovered/extracted/engine/config/cases/C1_bangladesh_fertiliser.yaml,2453,9a5aabf809ddda56e41fbf7293229fad0f51712f301432d8f692ef3eee67f8b7
workspace_mirror/recovered/extracted/engine/config/cases/C2_ukraine_recovery.yaml,2814,d6fbc301f1d665730a8c87a10829bf5802d3d8a45160a946b25ce6f84cd7640c
workspace_mirror/recovered/extracted/engine/config/cases/C3_venezuela_claims.yaml,2617,28644acb889a4decd9258786f0822545c1212986e3f3bf2821c5d68782c7a662
workspace_mirror/recovered/extracted/engine/config/cases/C4_kenya_future_revenue.yaml,2401,d2472f2e29b7e7336c02379e37709af175747c31e051b8e2b67ddad0792869c8
workspace_mirror/recovered/extracted/engine/config/model_families/baseline_v13.yaml,487,c9c6a70e4a6f9cdf0d2f2dacc472a22c07d7dc4b15c16e35d656955c4c27ab04
workspace_mirror/recovered/extracted/engine/config/model_families/conservative_propagation.yaml,665,ca3f2cb569f17c33409d4e33580d59e1078f6086ef8801b572a9bc7809e5a8b7
workspace_mirror/recovered/extracted/engine/config/model_families/institutional_hysteresis.yaml,828,699d4f20bac5c366222e59d298fe8d285d3b85219af7fba1c4c1d73163c00cb4
workspace_mirror/recovered/extracted/engine/config/model_families/quantal_adaptation.yaml,690,9fb83f360ad13c934431cd6c6663173f3325562ae7e64e50e3d177135aa0aec1
workspace_mirror/recovered/extracted/engine/data/actor_calibration_bridge.csv,1479,bb9c9f5d74dca2e464ffa6251e46074dc9ff22b4001c1a041ea66036fc15ec7c
workspace_mirror/recovered/extracted/engine/data/case_subgraphs/C1_edges.csv,48142,5ecd70a1096a31e42fee7388530a3b96faa123e9bdb677ffc90a8c68fd634750
workspace_mirror/recovered/extracted/engine/data/case_subgraphs/C1_manifest.json,146,2b1a14483856894ef98981f7bbabd2f4b87ff132387210276a2653035cb69f07
workspace_mirror/recovered/extracted/engine/data/case_subgraphs/C1_nodes.csv,15555,e8f686903f2441e4dafdae62961af79a12724176cb5aac76f78e5fad46189d58
workspace_mirror/recovered/extracted/engine/data/case_subgraphs/C2_edges.csv,2837,d16b7008331bd2ac723b4ec15d3ab8a95cdc457a13c007bf0cf20919a05770b7
workspace_mirror/recovered/extracted/engine/data/case_subgraphs/C2_manifest.json,125,1fee98676c5fb3d06c97f39056632a7db129ae943ee5cea0586d0a933af28ca2
workspace_mirror/recovered/extracted/engine/data/case_subgraphs/C2_nodes.csv,1453,3a31b5c4a68ee91c81ba3a28bbd8792bce19dbb2be4c11a473d8f9997f486406
workspace_mirror/recovered/extracted/engine/data/case_subgraphs/C3_edges.csv,117932,ed7dbf8b1df3cbb044050103979472fa6179392297eb093d818772553e587bf5
workspace_mirror/recovered/extracted/engine/data/case_subgraphs/C3_manifest.json,240,b838ff8d475b0ef7252770e194fb5158a140226da269f89c7910adae9df54c3b
workspace_mirror/recovered/extracted/engine/data/case_subgraphs/C3_nodes.csv,27899,ab9703139e5dea22442710c16b414c17d9ad3077a4876c67546e45f9be94e275
workspace_mirror/recovered/extracted/engine/data/case_subgraphs/C4_edges.csv,2778,f554bd7e75e200e85c7db98afe5c7aad41245f4f9d8d9bfa045ef52acee0f208
workspace_mirror/recovered/extracted/engine/data/case_subgraphs/C4_manifest.json,142,e96771715b12929aa9956df90dc5b43cfd38a12feba7123ab12f7282d459411b
workspace_mirror/recovered/extracted/engine/data/case_subgraphs/C4_nodes.csv,1218,5698fc5a5e9d5fb07087d2ce710eb4b2b1a31e2e05675bcbd47bd2a167f8dc7a
workspace_mirror/recovered/extracted/engine/data/network_metrics.json,308,9b8f5ff505437014312cd47224bf331de33366baa7cc46fc7804adda17ff8217
workspace_mirror/recovered/extracted/engine/data/nodes.csv,1141163,5a866b63eda564564cac7726e87411ce8886b9130466b966740ec9e5e5446697
workspace_mirror/recovered/extracted/engine/data/payoff_priors.csv,4488,7869ba79e6d4371078f94ecd865f8486b8e8537c898fd8d9b5ad278bfc89e10e
workspace_mirror/recovered/extracted/engine/data/relationships.csv,2966839,b5c9304644a02494e49a2d5c5b76973297e1a0287ba27aff660313174276470b
workspace_mirror/recovered/extracted/engine/data/rq621/DOMINANT_FEEDBACK_CHANNELS.csv,8143,fa8ca376e572d63eab5ee453ca18effc43ce88cfc9832cae9b5c01ae13425b98
workspace_mirror/recovered/extracted/engine/data/rq621/PARAMETER_REGISTER.csv,5324,910d8cf2b7c694d7d8e1382b657bafdbe7e8959be30f24834fe76002d67c228d
workspace_mirror/recovered/extracted/engine/data/rq621/SCIENTIFIC_SUMMARY.json,323,2e41dac2a548bb1f1ce3864beeb45cf7fd496af7891312130fd2fe84445bd727
workspace_mirror/recovered/extracted/engine/data/rq621/SPECTRAL_RADIUS_SUMMARY.csv,1211,45d1de301bd515f4e9ee1897e3bd90254d2e3d08cf94746eab3f9430c4b5c454
workspace_mirror/recovered/extracted/engine/data/rq621/STABILITY_CLASSIFICATION.csv,172,6282032b05eb11f81bba8ebdd7a7eecf63204966d867ed11dbe78fa82b2a72e4
workspace_mirror/recovered/extracted/engine/data/rq621/STABILITY_SCENARIOS.csv,5324,910d8cf2b7c694d7d8e1382b657bafdbe7e8959be30f24834fe76002d67c228d
workspace_mirror/recovered/extracted/engine/data/study_adapter_registry.csv,4198,f104f3ca7d4a70a5acabd234cd3c5865c75105d71ecf5957c6ba95780ed0455b
workspace_mirror/recovered/extracted/engine/data/unresolved_calibration_mappings.csv,971,81eb6f0dd5ea1e2f1fbb6c0125d1f8bd9fd077c5d9b0c61d229f3d506eb6f90d
workspace_mirror/recovered/extracted/engine/integration/APPLY_TO_MIROFISH_OFFLINE.md,1536,d7d9fa5e565165d1a63cbb8bb1d35432f4b9e2b7061f6c33b5bc01aabb043e32
workspace_mirror/recovered/extracted/engine/integration/MIROFISH_BRIDGE_MANIFEST.json,1163,21d2ceb4a58c2fbe211db50e0c12e2b53e03079fd1be5a08c24047f9ab7a42bb
workspace_mirror/recovered/extracted/engine/pyproject.toml,850,a29eb20581d692199e822c4b64676260902740b24d33ab7490e23b62d3d851e4
workspace_mirror/recovered/extracted/engine/repair_v21d_runtime.py,4178,af23253c5aac3d2a7cb56a636533920caa286ca14cd5a5d25c3043909ef79906
workspace_mirror/recovered/extracted/engine/requirements.txt,89,3036f3de750bc5a4d870efd5bcf6d1c3f7f9121379dc4759df7f7383946812b0
workspace_mirror/recovered/extracted/engine/springfish/__init__.py,129,c852b19273e731430e866d363fa7409b496e1a3ef5662ac9599ca56f0950a232
workspace_mirror/recovered/extracted/engine/springfish/adapters.py,4396,2191c97145dadd6089c2b69e022e186ae1c254c5f23fce53c23656492be9935e
workspace_mirror/recovered/extracted/engine/springfish/architected_extraction.py,38275,1af8901aae3c6a10786f84cbd7c97dfc9780ec5334167af6fc02fc0cf6284bf0
workspace_mirror/recovered/extracted/engine/springfish/architected_extraction_intake.py,24638,c3e24540ba7347cd78b26e0b45f223f5f920fdf7a728029805fb8e8b1c8ebaf4
workspace_mirror/recovered/extracted/engine/springfish/bridge.py,2857,fd6c37b7fda4102ec879101eaf21bc59d2937d546ddb2e4bf8c30f051724453a
workspace_mirror/recovered/extracted/engine/springfish/cadcad_runner.py,2745,253e8ca4ff87e17a30e844d1a8b8e35399695b652060288ccbcda2d151bb001a
workspace_mirror/recovered/extracted/engine/springfish/cli.py,15722,5a7b87a167c7dd2fce054af29e4582e964755605ee0f66020828f003a496550a
workspace_mirror/recovered/extracted/engine/springfish/config.py,2424,22f5d55699a0870502fdd3be3e1d202a11735f0571cb3be966caa3a4a7ba368f
workspace_mirror/recovered/extracted/engine/springfish/endogenous.py,28634,da72e2f281fca85b10c283e85b72a3750572ba7463aabf125a042efa8aeffac1
workspace_mirror/recovered/extracted/engine/springfish/endogenous_llm.py,7963,8b92813c0dde3249719144c0f1eef0d0ee53502c62b0980d6e5adc786859213b
workspace_mirror/recovered/extracted/engine/springfish/environments.py,1860,30303106bb2d266fe24ab9f629da8874c5aeffb6fbe9c2c63535cf9dbb8762c0
workspace_mirror/recovered/extracted/engine/springfish/game.py,3451,1a14704ac1e26498cb2f4d27218e5efdd1c24d080eac3e99c76a464b7f07147e
workspace_mirror/recovered/extracted/engine/springfish/graph.py,5130,f53f33bb9ddf8dcef479fedeed887b51e0b0d7e9c2c50f563a3eb9ddb5d962d9
workspace_mirror/recovered/extracted/engine/springfish/llm.py,6402,2363de33eed8ee1748eb897ef62007d660f31f8b8a3f7c7797ac70fb83a44f2e
workspace_mirror/recovered/extracted/engine/springfish/memory.py,3439,14b04c3dc9ed61b47a3f6b3054fb265ce11ad6b7efc2056bf1dec0c3745abe0b
workspace_mirror/recovered/extracted/engine/springfish/oasis_import.py,2257,eb1234dbd0e32d1d52b4c79ef27dc6eee8df4cccc7e1ef6ccf955cdef7a0705a
workspace_mirror/recovered/extracted/engine/springfish/persona.py,2746,e8aa5ec68f22aa6d452048d565517b95bf375e7048b706b1542c7d56457468a3
workspace_mirror/recovered/extracted/engine/springfish/report.py,2240,508b5c5736af30db1417c63326085d77ac60da37779c8f90dfb066e17811b0c6
workspace_mirror/recovered/extracted/engine/springfish/rq621_bridge.py,4584,6342c1519045df45c3dcc8d247a873334804186b6680c0130eb2b185230ebb2d
workspace_mirror/recovered/extracted/engine/springfish/rq621_c1_evidence.py,2308,d3f847f0c0616b7d72084cbe0dbb668f4f53235111e36caf251b7d84e81e4dbf
workspace_mirror/recovered/extracted/engine/springfish/rq621_shadow.py,3774,f41b09ea8f1558b811cbf0e5e5b7c527ae567681fd67a90acbcbdc0a10b33a19
workspace_mirror/recovered/extracted/engine/springfish/scheduler.py,571,a19af8ebc3949b5cfb4e1bb0305967a6e4a7abc501b213069bc25ecb5aaa4b36
workspace_mirror/recovered/extracted/engine/springfish/schemas.py,2066,0afaf8dab408eba52254ea9aea4e961ac90e1ad8419210b2ddca46e255581b4d
workspace_mirror/recovered/extracted/engine/springfish/simulation.py,19169,c5360a819464e861f3c007bb57c6c741c251cd7bd7c22d9934e7f07829ca2ba4
workspace_mirror/recovered/extracted/engine/tests/test_architected_extraction.py,10014,202e000bf2827518c0f714e97b3f9c6d3900b00f0324f1726343edb7be4aaacc
workspace_mirror/recovered/extracted/engine/tests/test_architected_extraction_intake.py,12493,05020e22db5118a8c8609c154afc8ff423cecbdf9104097cc7266557259bca63
workspace_mirror/recovered/extracted/engine/tests/test_cli_integration.py,4042,18eeaa18025e095717306f552a4148c62cdda744567b96ce64326bb25c411fb2
workspace_mirror/recovered/extracted/engine/tests/test_endogenous.py,1534,95b8a9d561a23326cc4fc9a81fe1d04e4a1f6235bd914e479fa2b3d8da1b0db4
workspace_mirror/recovered/extracted/engine/tests/test_game.py,784,50349bc3cc30d9c591772b4bae4afa96a286ad1ba15d88b880f67e2ed9737f55
workspace_mirror/recovered/extracted/engine/tests/test_graph.py,1001,efcaf5a4c18e7c7f1dcb64664e9d6440328258cab8172dc502bd5517f5d8dcdd
workspace_mirror/recovered/extracted/engine/tests/test_integration_layers.py,1804,d75c58b9daeb761f21fde72675ba8157d1cb0f44dbc8dcafecbaedf50514ff54
workspace_mirror/recovered/extracted/engine/tests/test_memory.py,1294,536e9d4445e70389a2c836fc6f32c9510d9d9c1977a54a4db06629b345547342
workspace_mirror/recovered/extracted/engine/tests/test_oasis_import.py,469,7dff46a1e4be33ff2fb4788fc31b82ea3d7d8b596204b0ee97f7719e437ffe29
workspace_mirror/recovered/extracted/engine/tests/test_persona_bridge.py,745,074429408ff5d10f64b836743db96f46ffd868b9b64a9e8a810d25bce699f652
workspace_mirror/recovered/extracted/engine/tests/test_rq621_bridge.py,4217,3b011b0d908c85259f5308480922452e16c16bf3e0ddaf115d566a866c7ccca0
workspace_mirror/recovered/extracted/engine/tests/test_rq621_c1_evidence.py,2886,9bb29d162c5e2faac1bb854832f25e2f2fdb91e983bafa9b9edd5b24032284ed
workspace_mirror/recovered/extracted/engine/tests/test_rq621_shadow.py,2732,c11ca01fcbc7f7e9ac2001ce594f8e18bb0f02d764d3a841753fde68983d17fe
workspace_mirror/recovered/extracted/engine/tests/test_simulation.py,610,7e00cdc05b697f0020b73f19981880f720753d01a1f67199eb5cfe5798ba5778
workspace_mirror/recovered/extracted/engine/tests/test_study007e_adapter.py,689,79614225099f807a5ad83de61fec02712d3d01108cfd102cde7efaf4cb3f0839
workspace_mirror/recovered/extracted/engine/tests/test_study_007f_adapter.py,682,81631f35ec0621d1df747a30eef30ec28f19cf2356b3398020a07a45bd2b6464
workspace_mirror/recovered/extracted/engine/tests/test_study_007g_adapter.py,596,74ad506ff234c93385a70321e9e4016cb10e05e45b743df684167981b115d6d0
workspace_mirror/recovered/extracted/engine/tests/test_study_007h_adapter.py,902,0bde0b7af7bfe69be7c7e485deca6106038ec2b9fc05e44692a65c0ded538706
workspace_mirror/recovered/extracted/engine/tests/test_transition.py,1196,93450ee99acddafeff1a566d1010374f098e0946bf60a1eb73650dfb2cbbe338
workspace_mirror/recovered/extracted/engine/validation/BETA3_VALIDATION.json,1488,d312873107b1e378521078a78b8a56546030d877888aecef9f1af1f02c431e27
workspace_mirror/recovered/extracted/engine/validation/DEFAULT_BASELINE_INVARIANCE.csv,672,14029a0f9c41b51e0b5157274489c7b75d7583b42452371b7d2a26e9b93350b5
workspace_mirror/recovered/extracted/engine/validation/LEGACY_OBSERVER_INVARIANCE.csv,127,b4576453307232847293aefe5f68a940af494fc6525acdc2f5630972bd87da34
workspace_mirror/recovered/extracted/engine/validation/PROMOTION_GATES.csv,1420,e82e21fd680b337d175b953aec7091a68ba642d3f527bfc4287e2205ec243b59
workspace_mirror/recovered/extracted/engine/validation/PYTEST_OUTPUT.txt,704,12368ea7648d3edc813ba38388404854788d96467b64a8962d969ab5d39dfa3b
workspace_mirror/recovered/extracted/engine/validation/RELEASE_GATES.csv,972,a24da5690d382209148e1c8c916fb228e9ca5acfd5d8585dc850f39ef33f556f
workspace_mirror/recovered/extracted/engine/validation/STUDY008B_ADMISSION_VALIDATION.json,2097,2a2e7a736f875d9723d8e6d103431711ba6a192048bb9250c0cfe331b27c6a71
workspace_mirror/recovered/extracted/engine/validation/STUDY008B_BANGLADESH_UNPOPULATED_AUDIT.json,5238,38064787a83640fee1b9ce3c7e4c08d6862e2dbc8c6f3bedb2fb5a1a29f2078e
workspace_mirror/recovered/extracted/engine/validation/STUDY008B_CLEAN_EXTRACTION_OUTPUT.txt,6350,96546d4bd42c6b4f52a50f7ce8d414eb97af413096f1b0b4ff89710490449437
workspace_mirror/recovered/extracted/engine/validation/STUDY008B_EXACT_REPLAY.json,612,d26c6e36d12c208f25b6bc5593be5bd38694477c3c7af77696b9e6d03975c487
workspace_mirror/recovered/extracted/engine/validation/STUDY008B_PRIOR_CANDIDATE_INVARIANCE.csv,38104,b0588736662752d1052ba1e42dac54974cfe043458ce278438fa6563189c4322
workspace_mirror/recovered/extracted/engine/validation/STUDY008B_PYTEST_OUTPUT.txt,767,8bd89579f13f19accdf48bcd7f8265091ec65d70068445ca0425e3ea960adb5c
workspace_mirror/recovered/extracted/engine/validation/STUDY008B_RELEASE_GATES.csv,663,b358d23512df206fa21208d8ca7cdcdae574e464f209d1f639416f97c3f05789
workspace_mirror/recovered/extracted/engine/validation/STUDY008B_SYNTHETIC_ADMISSION_AUDIT.json,7814,eb0fc8752893837af495a67fd3ed3bd06d296f8ff07f9c017b0a5fdc217bd312
workspace_mirror/recovered/extracted/engine/validation/STUDY008B_VALIDATION.json,1740,8655578bb0e38bc7f961e3e6d3f90e8d4b18a86270bbb461f5baf1e1065eb269
workspace_mirror/recovered/extracted/engine/validation/STUDY008_ADAPTER_VALIDATION.json,2454,a54b066f656b1bfa0d1c56ed458dce6110acb5e9d9ba3143802840d2a95b97e2
workspace_mirror/recovered/extracted/engine/validation/STUDY008_BANGLADESH_DATA_CENTRE_HYPOTHETICAL_REPLAY.json,121410,03ac5a3e4953e638964f817583559829e69430007ec3de7fa46292bc98c8088e
workspace_mirror/recovered/extracted/engine/validation/STUDY008_BASELINE_INVARIANCE.csv,31627,5050cc21ba3d16c76eb12750fa85bb9f206be272a2d1050a9f48b788986ddfb4
workspace_mirror/recovered/extracted/engine/validation/STUDY008_CLEAN_EXTRACTION_OUTPUT.txt,3222,103bfe0514e1c45a1cfb791c58ed1c125751c147df3e159ebdd1c5a1e9c8848b
workspace_mirror/recovered/extracted/engine/validation/STUDY008_EXACT_REPLAY.json,443,81d04e222c87fa6d8513794edafea3e4edb9ae26eb5d1935c785061e5d4b220d
workspace_mirror/recovered/extracted/engine/validation/STUDY008_PYTEST_OUTPUT.txt,767,36289bd38fd66257fbecccef905632ff2a788822ab0bf7820d08bd0bba9c72db
workspace_mirror/recovered/extracted/engine/validation/STUDY008_RELEASE_GATES.csv,947,8da9dc658f6914528d41367d8234c55ae706faf28d646316505710cbdbf27d6c
workspace_mirror/recovered/extracted/engine/validation/STUDY008_SYNTHETIC_CONVERSION_PROJECT_REPLAY.json,121786,9a10b81b0ac338c390a9301aae68ce061195426ac76cabab90a12275d63400f2
workspace_mirror/recovered/extracted/engine/validation/STUDY008_VALIDATION.json,1439,e1740f786e1e2a5114a2c1a748192911057fcc5a4a97d7e9d717f682df98e79b
workspace_mirror/recovered/extracted/engine/vendor/sld_sim/__init__.py,79,f19bd4c847094b9b39a01413df6c85361b1cebe00355ea554bd98983b50345fe
workspace_mirror/recovered/extracted/engine/vendor/sld_sim/cadcad_adapter.py,2996,5859afac968e78b91c6f44b2e94758864396f0a4f9b43a7391b95aadbee91c78
workspace_mirror/recovered/extracted/engine/vendor/sld_sim/calibration.py,958,2b7804d4253ec86d501035fa858cedbbfcb213550e21bb3f2effd90e433c9410
workspace_mirror/recovered/extracted/engine/vendor/sld_sim/causal_validation.py,3011,88235549fb242d8449d738a4b75aa31b89b98dba2851ffc4fd027cae9f2f36df
workspace_mirror/recovered/extracted/engine/vendor/sld_sim/engine.py,70915,0e56e8d48d3430c2be856992b1484b5b33a8b4435bb7320ae80d71a8c7e04614
workspace_mirror/recovered/extracted/engine/vendor/sld_sim/games.py,13146,a8de52eac0866aff0a46b8bb1ed3cb09f8db49fc81628e82fd486bf6f7bff80e
workspace_mirror/recovered/extracted/engine/vendor/sld_sim/graph_loader.py,8331,99c7cd44b25709d75f1ba71dbee96f9c5d5471637ab98218ea7b7d9e096c9ed9
workspace_mirror/recovered/extracted/engine/vendor/sld_sim/micro_agents.py,9325,78e49271e4b6a44f062538379c8145be612d0af33a560a658ecc8f405c456253
workspace_mirror/recovered/extracted/engine/vendor/sld_sim/payoff_calibration.py,8682,a6fe6adb31522e7fe85ea8d68dbf42facd570d3971eb10f81ea43022ba470ad3
workspace_mirror/recovered/extracted/engine/vendor/sld_sim/risk_analysis.py,6232,e4eca0f5cfbcdb7496c185adc5631f6faa14302dacf1035a19a9da9a83312284
workspace_mirror/recovered/extracted/engine/vendor/sld_sim/validation.py,11946,117f85b373d67035fddfddd0d38ff61e1942b28342d951a20584ad4d3af02a42
workspace_mirror/recovered/extracted/handoff/SPRINGFISH_HANDOFF_AFTER_V34_2_3_MIROFISH_RECONCILIATION_2026_08_10/00_START_HERE.md,464,1648f174cca25e1a9c8945ef25863a84b1c330a88ba0da5e6389e90c11ab17c1
workspace_mirror/recovered/extracted/handoff/SPRINGFISH_HANDOFF_AFTER_V34_2_3_MIROFISH_RECONCILIATION_2026_08_10/01_CURRENT_CHECKPOINT/SPRING_LOADED_DOOR_V34_2_3_MIROFISH_RECONCILIATION_CHECKPOINT_2026_08_10.zip,527900,63771bea97264f1d2345772ad938b89ddd07bf0b8a12383fd1576928fde5b11a
workspace_mirror/recovered/extracted/handoff/SPRINGFISH_HANDOFF_AFTER_V34_2_3_MIROFISH_RECONCILIATION_2026_08_10/01_CURRENT_CHECKPOINT/SPRING_LOADED_DOOR_V34_2_3_MIROFISH_RECONCILIATION_CHECKPOINT_2026_08_10.zip.integrity.json,558,2b614654a9994856ea5cf865b56e9ca1d82f92a219f29a9735d0051eae1a5f72
workspace_mirror/recovered/extracted/handoff/SPRINGFISH_HANDOFF_AFTER_V34_2_3_MIROFISH_RECONCILIATION_2026_08_10/01_CURRENT_CHECKPOINT/SPRING_LOADED_DOOR_V34_2_3_MIROFISH_RECONCILIATION_CHECKPOINT_2026_08_10.zip.sha256,143,9512de919f0630f154eb30bbc87fa37f57d13a23170af63398c3bdbbe98679a3
workspace_mirror/recovered/extracted/handoff/SPRINGFISH_HANDOFF_AFTER_V34_2_3_MIROFISH_RECONCILIATION_2026_08_10/01_CURRENT_CHECKPOINT/THE_SPRING_LOADED_DOOR_MASTER_SYNTHESIS_V34_2_3_MIROFISH_RECONCILIATION_AUGUST_2026.md,1556731,ed8c906d904ad14807e2e183232bea4d345bc3fea206e74df7706e9b46dc8ad2
workspace_mirror/recovered/extracted/handoff/SPRINGFISH_HANDOFF_AFTER_V34_2_3_MIROFISH_RECONCILIATION_2026_08_10/02_BRIDGE_AUDIT/MANIFEST_DISCREPANCY_REPORT.md,549,5e9e016eae3599af2d249d28387438216fb0d04f532554297ee100be9b8ab101
workspace_mirror/recovered/extracted/handoff/SPRINGFISH_HANDOFF_AFTER_V34_2_3_MIROFISH_RECONCILIATION_2026_08_10/02_BRIDGE_AUDIT/MIROFISH_BRIDGE_MANIFEST_V0_1_0_FROZEN_BETA3_ORIGINAL.json,1163,21d2ceb4a58c2fbe211db50e0c12e2b53e03079fd1be5a08c24047f9ab7a42bb
workspace_mirror/recovered/extracted/handoff/SPRINGFISH_HANDOFF_AFTER_V34_2_3_MIROFISH_RECONCILIATION_2026_08_10/02_BRIDGE_AUDIT/MIROFISH_BRIDGE_MANIFEST_V0_1_1_CANDIDATE.json,1425,4a394e382404edb05f224c0bc17534c842d284f2264c11566d5fa6bc038a33a6
workspace_mirror/recovered/extracted/handoff/SPRINGFISH_HANDOFF_AFTER_V34_2_3_MIROFISH_RECONCILIATION_2026_08_10/02_BRIDGE_AUDIT/UPSTREAM_AUDIT_LOCK.json,1161,cb72980658dccb9f07a36bae74e43f7c983e431db783af8648ff78403fc25976
workspace_mirror/recovered/extracted/handoff/SPRINGFISH_HANDOFF_AFTER_V34_2_3_MIROFISH_RECONCILIATION_2026_08_10/CHECKSUMS.sha256,1639,17b26d74ce7100b44d02619449f4d75bfa63110394f13bc5cfa927766d6d2211
workspace_mirror/recovered/extracted/handoff/SPRINGFISH_HANDOFF_AFTER_V34_2_3_MIROFISH_RECONCILIATION_2026_08_10/DETAILED_HANDOFF.md,1782,2df865e0b5eafc1e48b100ef78886cb3aba2f5640a8ccb7284b81fd8d8540fe6
workspace_mirror/recovered/extracted/handoff/SPRINGFISH_HANDOFF_AFTER_V34_2_3_MIROFISH_RECONCILIATION_2026_08_10/MANIFEST.json,2480,c42d40688816a704bac39af2b1996362030d8b92b50eff60dc1710458494ef60
workspace_mirror/recovered/extracted/handoff/SPRINGFISH_HANDOFF_AFTER_V34_2_3_MIROFISH_RECONCILIATION_2026_08_10/PROJECT_STATE.json,6543,498113c0eb19faaab491385bb104d390e45a3013f2fec256fd9f64f608416c5d
workspace_mirror/recovered/extracted/handoff/SPRINGFISH_HANDOFF_AFTER_V34_2_3_MIROFISH_RECONCILIATION_2026_08_10/SPRINGFISH_CURRENT_HANDOFF_POINTER_2026_08_10_V34_2_3.md,1860,941c84d66ae2fab74af9cd8bbc7e38c8e3edf3befa52b47870b7686ee1d019a3
workspace_mirror/recovery/library/HAMBA_Consolidated_Business_Plan(1).md,93513,d4dc6063440100a2d9dd57e0747d2a8d8abd35a71a42453990da5931b16af319
workspace_mirror/recovery/library/SPRINGFISH_V34_2_6_AEQ001_QUALIFICATION_CANDIDATE_2026_08_14.zip,6771863,65f3aa4b1c378c81198a5ff175442e52d4fef510310f80f1e00ffddfb4ce8366
workspace_mirror/recovery/v3426/SPRINGFISH_V34_2_6_AEQ001_QUALIFICATION_CANDIDATE_2026_08_14/00_HANDOFF/00_START_HERE.md,879,5237ca938a4a6e10a27cbd360fb93048238a647351b6f12e1251dfb1232ab68d
workspace_mirror/recovery/v3426/SPRINGFISH_V34_2_6_AEQ001_QUALIFICATION_CANDIDATE_2026_08_14/00_HANDOFF/DETAILED_HANDOFF.md,2081,0428a7fc3a55d1f639dae87ea6df2c8054657c46774d05f960cb07d9d5329424
workspace_mirror/recovery/v3426/SPRINGFISH_V34_2_6_AEQ001_QUALIFICATION_CANDIDATE_2026_08_14/00_HANDOFF/FILE_SYSTEM_MAP.md,1081,3fafe65db742a5d156e32103c76ff45b43c2a4cdd9407dfff36bbba77363d167
workspace_mirror/recovery/v3426/SPRINGFISH_V34_2_6_AEQ001_QUALIFICATION_CANDIDATE_2026_08_14/00_HANDOFF/MIGRATION_COVERAGE.md,1235,8937c14eb027b6795dad6c1b2ca0873b30e962830670c111521ea4921f782da6
workspace_mirror/recovery/v3426/SPRINGFISH_V34_2_6_AEQ001_QUALIFICATION_CANDIDATE_2026_08_14/00_HANDOFF/NEXT_SESSION_INSTRUCTIONS.md,1040,1a0c502daaae6669fbf7dfadbaac19b888ada6228fa7e270a33e76f4aa1cecc4
workspace_mirror/recovery/v3426/SPRINGFISH_V34_2_6_AEQ001_QUALIFICATION_CANDIDATE_2026_08_14/00_HANDOFF/PROJECT_STATE.json,1309,cb6439cbb40187c5f1aea0b0c70f42256ed133524f14a83f400234e3b9b9e571
workspace_mirror/recovery/v3426/SPRINGFISH_V34_2_6_AEQ001_QUALIFICATION_CANDIDATE_2026_08_14/00_HANDOFF/verify_migration.py,912,35c27aaeaa230754237758de58cedde23c26fd227392d3da283759f3aa788683
workspace_mirror/recovery/v3426/SPRINGFISH_V34_2_6_AEQ001_QUALIFICATION_CANDIDATE_2026_08_14/CANDIDATE_RELEASE.json,1160,7cd571e2b71b8a1eecd3b81a4cdfbaa19c9d12680051f481184dd46ddfe573f8
workspace_mirror/recovery/v3426/SPRINGFISH_V34_2_6_AEQ001_QUALIFICATION_CANDIDATE_2026_08_14/CANDIDATE_RELEASE_EXTERNAL_QUALIFICATION.json,1385,11f9e15c32f1d2f7336b0ea4c2fe6f21d764800791683eda39f4f3d44c18355a
workspace_mirror/recovery/v3426/SPRINGFISH_V34_2_6_AEQ001_QUALIFICATION_CANDIDATE_2026_08_14/CANDIDATE_RELEASE_MIROFISH_BRIDGE.json,911,50b1efbdff257b05490d768928e9a94e1727f49ec78e381680faaaebe426c109
workspace_mirror/recovery/v3426/SPRINGFISH_V34_2_6_AEQ001_QUALIFICATION_CANDIDATE_2026_08_14/CANDIDATE_RELEASE_V34_2_6.json,1197,157b76ddf3ffcaae193cdff00cfbd8ec1181a629268b6e0be9b8340fae8200c4
workspace_mirror/recovery/v3426/SPRINGFISH_V34_2_6_AEQ001_QUALIFICATION_CANDIDATE_2026_08_14/CANONICAL_INTEGRATION_BOUNDARIES.md,189,8f80c0a2520bbc917cb706bdb3fb5ca19471efbebe3cb7845a43fc0e17938c2e
workspace_mirror/recovery/v3426/SPRINGFISH_V34_2_6_AEQ001_QUALIFICATION_CANDIDATE_2026_08_14/CHECKSUMS.sha256,24520,fac7f7507379a9d1324b1a1ce6feced00e36ac37b570d8dfca4280361de61840
workspace_mirror/recovery/v3426/SPRINGFISH_V34_2_6_AEQ001_QUALIFICATION_CANDIDATE_2026_08_14/CHECKSUMS_V34_2_6.sha256,55427,38d22000639bfe91f229725493f47e57b2ec04b4920e294a2e082844fc8a2018
workspace_mirror/recovery/v3426/SPRINGFISH_V34_2_6_AEQ001_QUALIFICATION_CANDIDATE_2026_08_14/EXECUTION_REPORT.md,1385,6be49a79f5e06620cb4f27dcf13ac71b14e34eccb106cdf1ae6f6f5874b45d63
workspace_mirror/recovery/v3426/SPRINGFISH_V34_2_6_AEQ001_QUALIFICATION_CANDIDATE_2026_08_14/MANIFEST.json,41882,a96f3a384748d501f3adbbc0bc2e3ecd56241279f2f90bb981ac6f5b73cb38e2
workspace_mirror/recovery/v3426/SPRINGFISH_V34_2_6_AEQ001_QUALIFICATION_CANDIDATE_2026_08_14/MANIFEST_V34_2_6.json,85243,6bab3f2bdbe419c295174adf7af1ebadf303be124e1eb4925e9622d44bcb036e
workspace_mirror/recovery/v3426/SPRINGFISH_V34_2_6_AEQ001_QUALIFICATION_CANDIDATE_2026_08_14/MIROFISH_BRIDGE_CHECKPOINT_README.md,3343,c6eb3f779fc76b637d80de65043e893f733548e4a6d6407f10f4c55e3ef28734
workspace_mirror/recovery/v3426/SPRINGFISH_V34_2_6_AEQ001_QUALIFICATION_CANDIDATE_2026_08_14/MIROFISH_BRIDGE_SOURCE_CONTRACT.md,1573,890ef2c43682dd1e0b82dc80e4b600df0b73dc995567078e4d1606644b17b57b
workspace_mirror/recovery/v3426/SPRINGFISH_V34_2_6_AEQ001_QUALIFICATION_CANDIDATE_2026_08_14/README.md,2157,2ee665d1a39a9a894f9e4db9e2efb47b60cc6be123e09ab7eaf40b7bd217eaa1
workspace_mirror/recovery/v3426/SPRINGFISH_V34_2_6_AEQ001_QUALIFICATION_CANDIDATE_2026_08_14/RQ621_BRIDGE_PREREGISTRATION.md,566,4cb97e99837c8b38b41c5d61c52878663001815ac1d9a7a330147567cfa3aac2
workspace_mirror/recovery/v3426/SPRINGFISH_V34_2_6_AEQ001_QUALIFICATION_CANDIDATE_2026_08_14/RQ621_SHADOW_ACTIVATION.md,877,966d00b0d3f117fdc74d05a837d9ec6c224eef0769c46f4e7040a18a4f88a5e5
workspace_mirror/recovery/v3426/SPRINGFISH_V34_2_6_AEQ001_QUALIFICATION_CANDIDATE_2026_08_14/adapters/architected_extraction/CASE_REGISTER.json,888,e2fb64ee7c5c2b2aace216dac426fdcea66952cbfdc9fc9c19ae8a4b6e675bdd
workspace_mirror/recovery/v3426/SPRINGFISH_V34_2_6_AEQ001_QUALIFICATION_CANDIDATE_2026_08_14/adapters/architected_extraction/EVIDENCE_FIREWALL.json,1203,09d38cb5b0691a32c335fa8251b967439483725f2461f1c5fb2f274fc18fb49a
workspace_mirror/recovery/v3426/SPRINGFISH_V34_2_6_AEQ001_QUALIFICATION_CANDIDATE_2026_08_14/adapters/architected_extraction/EVIDENCE_GAPS.csv,1882,4326530aa227dad3c5f658498c4beccdc57e70fe913fe3ea11ecb172161ecca8
workspace_mirror/recovery/v3426/SPRINGFISH_V34_2_6_AEQ001_QUALIFICATION_CANDIDATE_2026_08_14/adapters/architected_extraction/EVIDENTIARY_CONDITION_REGISTER.csv,1553,6168ba8b2870c0f5bd3a19999ddf56890b352dca7d991d0acba2edff28e56740
workspace_mirror/recovery/v3426/SPRINGFISH_V34_2_6_AEQ001_QUALIFICATION_CANDIDATE_2026_08_14/adapters/architected_extraction/MODEL_SPECIFICATION.md,2599,1e633810d8485fc1f830e05268b2fec8e5f41e865aa618e6059ca6dca13fdf2e
workspace_mirror/recovery/v3426/SPRINGFISH_V34_2_6_AEQ001_QUALIFICATION_CANDIDATE_2026_08_14/adapters/architected_extraction/MODULE_EVIDENCE_REGISTER.csv,1061,fc5d9f428be02e3f0f4eb0bbe6c8e535ac60d7ea6008a8d9b588fa2e4dfea727
workspace_mirror/recovery/v3426/SPRINGFISH_V34_2_6_AEQ001_QUALIFICATION_CANDIDATE_2026_08_14/adapters/architected_extraction/PARAMETER_REGISTER.csv,4898,400fa3e9472309fe12f677e74fa977d8baf2db862f7167ffe8fc993cdc7f1dee
workspace_mirror/recovery/v3426/SPRINGFISH_V34_2_6_AEQ001_QUALIFICATION_CANDIDATE_2026_08_14/adapters/architected_extraction/PRE_REGISTRATION.md,2693,9b4d77185e5b2104a550ac5d120925c87851bfa2cb08c6d49e1ae996a22dfd77
workspace_mirror/recovery/v3426/SPRINGFISH_V34_2_6_AEQ001_QUALIFICATION_CANDIDATE_2026_08_14/adapters/architected_extraction/README.md,1577,a843f1b41da5da46fa17072d01f70e1c2103ab6ea2e57950d8c9e270717afadf
workspace_mirror/recovery/v3426/SPRINGFISH_V34_2_6_AEQ001_QUALIFICATION_CANDIDATE_2026_08_14/adapters/architected_extraction/SCENARIOS.json,6525,704143b24f4f8e89e757db669755cf0e84abe32a2d27a2c8c2a69ab9dbec700b
workspace_mirror/recovery/v3426/SPRINGFISH_V34_2_6_AEQ001_QUALIFICATION_CANDIDATE_2026_08_14/adapters/architected_extraction/SCIENTIFIC_SUMMARY.json,847,ef641ac320b17e41f4c5623e1d401da32190742213868c61d721f1f89188159e
workspace_mirror/recovery/v3426/SPRINGFISH_V34_2_6_AEQ001_QUALIFICATION_CANDIDATE_2026_08_14/adapters/architected_extraction/SOURCE_CONTRACT.md,2223,a5d91b779ee9a94bad4793cf50cc312b2b37088c851ed5ae3f580643f4979a39
workspace_mirror/recovery/v3426/SPRINGFISH_V34_2_6_AEQ001_QUALIFICATION_CANDIDATE_2026_08_14/adapters/architected_extraction/STRESS_SCENARIOS.json,1716,bc69ba138ce09bb9fb1ddee76326e1878d7c51888275088ce1c369b07980d2da
workspace_mirror/recovery/v3426/SPRINGFISH_V34_2_6_AEQ001_QUALIFICATION_CANDIDATE_2026_08_14/adapters/architected_extraction/cases/bangladesh_data_centre_hypothetical.json,3163,ec9d2bbb87538160ef82dadcefa0670baa56735185ce86a1304a0211b21ee234
workspace_mirror/recovery/v3426/SPRINGFISH_V34_2_6_AEQ001_QUALIFICATION_CANDIDATE_2026_08_14/adapters/architected_extraction/cases/synthetic_conversion_project.json,3081,01ba159bfc2f17a26096131ea6a0de4be2ee6e537d44ab0ee2f2c38ac7c09b17
workspace_mirror/recovery/v3426/SPRINGFISH_V34_2_6_AEQ001_QUALIFICATION_CANDIDATE_2026_08_14/adapters/architected_extraction/reference/V34_2_CANDIDATE_DELTA.json,251220,eef14915e5b41b68ccbe22a5503e652abe69f677f1cc355122c782707e6986af
workspace_mirror/recovery/v3426/SPRINGFISH_V34_2_6_AEQ001_QUALIFICATION_CANDIDATE_2026_08_14/adapters/architected_extraction_intake/ADMISSION_RULES.json,1639,31e0d4fd65ce13212f22fee6ebd69fe79a945beed71ad325ec7f55367ebdbf68
workspace_mirror/recovery/v3426/SPRINGFISH_V34_2_6_AEQ001_QUALIFICATION_CANDIDATE_2026_08_14/adapters/architected_extraction_intake/PROJECT_INTAKE_SCHEMA.json,3057,f4f17b63ea6adc0ee3d0388cf8fe26f13c2e19a52214c47f5e33f03dcbdc3abb
workspace_mirror/recovery/v3426/SPRINGFISH_V34_2_6_AEQ001_QUALIFICATION_CANDIDATE_2026_08_14/adapters/architected_extraction_intake/README.md,1977,84e0380d90f2d21991e80397c50fdcb581f83ecd41d7c026994067301086b135
workspace_mirror/recovery/v3426/SPRINGFISH_V34_2_6_AEQ001_QUALIFICATION_CANDIDATE_2026_08_14/adapters/architected_extraction_intake/reference/BANGLADESH_PROJECT_INTAKE_UNPOPULATED.json,1134,98d3b2802d970a81ef3d6bde792f7913d3ea2b4e2569982b779abfde83f29161
workspace_mirror/recovery/v3426/SPRINGFISH_V34_2_6_AEQ001_QUALIFICATION_CANDIDATE_2026_08_14/adapters/architected_extraction_intake/reference/SYNTHETIC_ADMISSIBLE_PACKET.json,4548,c1458008b016fc3b3eee2cb30ea1a72695892094f41e94e7b73e13de9735e332
workspace_mirror/recovery/v3426/SPRINGFISH_V34_2_6_AEQ001_QUALIFICATION_CANDIDATE_2026_08_14/adapters/architected_extraction_intake/templates/BENEFIT_CHANNEL_REGISTER_TEMPLATE.csv,84,9ca6ebaf761204447f421c05588cda96bf7436aa030a8e89d50da153a7d3eaac
workspace_mirror/recovery/v3426/SPRINGFISH_V34_2_6_AEQ001_QUALIFICATION_CANDIDATE_2026_08_14/adapters/architected_extraction_intake/templates/EVIDENCE_ITEM_REGISTER_TEMPLATE.csv,91,e23ef9ba9127a13a9cc2f6af1fef952ac8557e411f5d47411736f07c07a8149a
workspace_mirror/recovery/v3426/SPRINGFISH_V34_2_6_AEQ001_QUALIFICATION_CANDIDATE_2026_08_14/adapters/architected_extraction_intake/templates/LIABILITY_GATE_EVIDENCE_REGISTER_TEMPLATE.csv,242,df1e10bc3ccf01ef913419b21c25e9d7c9e6867d5cd489f6c6a74a543244871a
workspace_mirror/recovery/v3426/SPRINGFISH_V34_2_6_AEQ001_QUALIFICATION_CANDIDATE_2026_08_14/adapters/architected_extraction_intake/templates/OVERLAP_RECONCILIATION_TEMPLATE.csv,59,bd4f94964a6a6a41e331b119b02afc634948a6c38346699c764b7d2a5b584d39
workspace_mirror/recovery/v3426/SPRINGFISH_V34_2_6_AEQ001_QUALIFICATION_CANDIDATE_2026_08_14/adapters/architected_extraction_intake/templates/PROJECT_INTAKE_TEMPLATE.json,980,3e86af359ed6ba792cd025f41289b2ee09687ac90dedbe688a7e6ce9d9fc78f1
workspace_mirror/recovery/v3426/SPRINGFISH_V34_2_6_AEQ001_QUALIFICATION_CANDIDATE_2026_08_14/adapters/architected_extraction_intake/templates/RIVAL_EXPLANATION_REGISTER_TEMPLATE.csv,55,9823d602e4aeac479ea9994d95ab22e446ea5a06d66dd4c8b3abf0103b3c2df1
workspace_mirror/recovery/v3426/SPRINGFISH_V34_2_6_AEQ001_QUALIFICATION_CANDIDATE_2026_08_14/adapters/architected_extraction_intake/templates/SOURCE_REGISTER_TEMPLATE.csv,114,77dd60e6a5cdd1c06f493d1cb27684d855e8c76895fde6dfc04663d59160aa77
workspace_mirror/recovery/v3426/SPRINGFISH_V34_2_6_AEQ001_QUALIFICATION_CANDIDATE_2026_08_14/adapters/rq621_bridge/BRIDGE_VALIDATION_SUMMARY.json,954,1ea01f1375277234e073e4cdca02df3f808ed838c32e13596b808cd22aca7d6a
workspace_mirror/recovery/v3426/SPRINGFISH_V34_2_6_AEQ001_QUALIFICATION_CANDIDATE_2026_08_14/adapters/rq621_bridge/CANDIDATE_MAPPING_REGISTER.csv,2915,46e3d48b5f95ee76e656f9e17921970345c2b6a7d5ac16e4bdc112ef55036128
workspace_mirror/recovery/v3426/SPRINGFISH_V34_2_6_AEQ001_QUALIFICATION_CANDIDATE_2026_08_14/adapters/rq621_bridge/ENGINE_OBSERVABLE_REGISTER.csv,825,abad655ba800cb0f18bc853d8b4f00e1b9bd941387a1556bf520cb03d2d3aa63
workspace_mirror/recovery/v3426/SPRINGFISH_V34_2_6_AEQ001_QUALIFICATION_CANDIDATE_2026_08_14/adapters/rq621_bridge/PREREGISTRATION_CONTRACT.json,1429,3091b5ce8c192ad44ea1fff2d1fba161707b1867151f5014131c276f1130a5ec
workspace_mirror/recovery/v3426/SPRINGFISH_V34_2_6_AEQ001_QUALIFICATION_CANDIDATE_2026_08_14/adapters/rq621_bridge/SEMANTIC_FIREWALL.csv,570,1aa8accb6aee1cf145dec79f7ca7ec985484d5d49683a259db1177d3ae7dd835
workspace_mirror/recovery/v3426/SPRINGFISH_V34_2_6_AEQ001_QUALIFICATION_CANDIDATE_2026_08_14/adapters/rq621_c1_evidence/ACCESS_GAPS.csv,2025,1bd448eed36bbbe7a709f6dcddf0c323de8cab1f17ca931920734f06655c4ff3
workspace_mirror/recovery/v3426/SPRINGFISH_V34_2_6_AEQ001_QUALIFICATION_CANDIDATE_2026_08_14/adapters/rq621_c1_evidence/CLAIM_REGISTER.csv,2275,3c9785199223e0b91679bd4ce3c8db6b433b459efab91dc3e5c625e61a836d96
workspace_mirror/recovery/v3426/SPRINGFISH_V34_2_6_AEQ001_QUALIFICATION_CANDIDATE_2026_08_14/adapters/rq621_c1_evidence/DEVELOPMENT_OBSERVATIONS.csv,4532,acb0e043dd1dad563b9af60cf7c8c138b1b251cab7236a13ea92fd8d978b676e
workspace_mirror/recovery/v3426/SPRINGFISH_V34_2_6_AEQ001_QUALIFICATION_CANDIDATE_2026_08_14/adapters/rq621_c1_evidence/ENTITY_SEPARATION_REGISTER.csv,775,fe4a76e0c52cc768090773e512a122d3004bb813ed8ec5aa28dd01501e27734f
workspace_mirror/recovery/v3426/SPRINGFISH_V34_2_6_AEQ001_QUALIFICATION_CANDIDATE_2026_08_14/adapters/rq621_c1_evidence/FINANCE_STAGE_REGISTER.csv,633,fe1746c6f6e4abded0e0ff074088f2c25a26b369c9f4569626cd5a0457eda016
workspace_mirror/recovery/v3426/SPRINGFISH_V34_2_6_AEQ001_QUALIFICATION_CANDIDATE_2026_08_14/adapters/rq621_c1_evidence/PINK_SHEET_FERTILIZER_EXTRACT.csv,351,021b4e3fc7958e97993f1faacd2b4cd0f0720ee09e0a0b964d9c627a5d67dc8a
workspace_mirror/recovery/v3426/SPRINGFISH_V34_2_6_AEQ001_QUALIFICATION_CANDIDATE_2026_08_14/adapters/rq621_c1_evidence/PROSPECTIVE_HOLDOUT.json,1206,6b2d172f89dc0c5ba9a413228d82984d4b2119fbaba57d71a154aced97826f14
workspace_mirror/recovery/v3426/SPRINGFISH_V34_2_6_AEQ001_QUALIFICATION_CANDIDATE_2026_08_14/adapters/rq621_c1_evidence/SCIENTIFIC_SUMMARY.json,1037,f49b562dcc2aef3cb2a0cb417e07ff434a76875374528f00ee84c4d493512996
workspace_mirror/recovery/v3426/SPRINGFISH_V34_2_6_AEQ001_QUALIFICATION_CANDIDATE_2026_08_14/adapters/rq621_c1_evidence/SOURCE_REGISTER.csv,7533,2e57dccf54bb5b47f114faa1f970fe07d99782b3d314100c3073523aec0c1c83
workspace_mirror/recovery/v3426/SPRINGFISH_V34_2_6_AEQ001_QUALIFICATION_CANDIDATE_2026_08_14/adapters/rq621_c1_evidence/STATE_EVIDENCE_MATRIX.csv,3127,821e7144895da33b6085d162ce48e3e570c44e06bc22867d023276dd632bffd2
workspace_mirror/recovery/v3426/SPRINGFISH_V34_2_6_AEQ001_QUALIFICATION_CANDIDATE_2026_08_14/adapters/rq621_shadow/CONSTRAINT_SWITCH_RESULTS.csv,508,ca591488fb60ebe0083fe499fc0558b57bd5bb174cf70c1d640a453d4aa50ba0
workspace_mirror/recovery/v3426/SPRINGFISH_V34_2_6_AEQ001_QUALIFICATION_CANDIDATE_2026_08_14/adapters/rq621_shadow/DOMINANT_FEEDBACK_CHANNELS.csv,8143,fa8ca376e572d63eab5ee453ca18effc43ce88cfc9832cae9b5c01ae13425b98
workspace_mirror/recovery/v3426/SPRINGFISH_V34_2_6_AEQ001_QUALIFICATION_CANDIDATE_2026_08_14/adapters/rq621_shadow/EIGENVALUES.csv,9127,95c156793030354c267e91cc6fed00b3ab3e2ba6e974a2cad3e84bc676b06313
workspace_mirror/recovery/v3426/SPRINGFISH_V34_2_6_AEQ001_QUALIFICATION_CANDIDATE_2026_08_14/adapters/rq621_shadow/FINITE_DIFFERENCE_VALIDATION.csv,3590,c54e4abdd30f6c37a3fe7885905e21cd92766f4553bea22dfb3b91fb73bc14f0
workspace_mirror/recovery/v3426/SPRINGFISH_V34_2_6_AEQ001_QUALIFICATION_CANDIDATE_2026_08_14/adapters/rq621_shadow/FIXED_POINTS.csv,2263,d4f31655ef2b5fdbbe44936e541c6fbb45497d7e9b48b949fbc3d15c02ef4be3
workspace_mirror/recovery/v3426/SPRINGFISH_V34_2_6_AEQ001_QUALIFICATION_CANDIDATE_2026_08_14/adapters/rq621_shadow/JACOBIAN_MATRICES_LONG.csv,83336,708e47978fd273d6d61e88ab4c70f434dd60a9664bdef4b6e11de7c6cd2a7ee7
workspace_mirror/recovery/v3426/SPRINGFISH_V34_2_6_AEQ001_QUALIFICATION_CANDIDATE_2026_08_14/adapters/rq621_shadow/LOCAL_GLOBAL_BOUNDARY.csv,635,8c9927bcc093034c3e0dd1ff3932578896f6c99651d3762f343af20cb4ffc1b6
workspace_mirror/recovery/v3426/SPRINGFISH_V34_2_6_AEQ001_QUALIFICATION_CANDIDATE_2026_08_14/adapters/rq621_shadow/PARAMETER_REGISTER.csv,5324,910d8cf2b7c694d7d8e1382b657bafdbe7e8959be30f24834fe76002d67c228d
workspace_mirror/recovery/v3426/SPRINGFISH_V34_2_6_AEQ001_QUALIFICATION_CANDIDATE_2026_08_14/adapters/rq621_shadow/PERTURBATION_TRAJECTORIES.csv,64959,125f72a99c6674412199dd09e9e9cde178ac46451d87dc364d0d3ad78da9d506
workspace_mirror/recovery/v3426/SPRINGFISH_V34_2_6_AEQ001_QUALIFICATION_CANDIDATE_2026_08_14/adapters/rq621_shadow/SCIENTIFIC_SUMMARY.json,323,2e41dac2a548bb1f1ce3864beeb45cf7fd496af7891312130fd2fe84445bd727
workspace_mirror/recovery/v3426/SPRINGFISH_V34_2_6_AEQ001_QUALIFICATION_CANDIDATE_2026_08_14/adapters/rq621_shadow/SHADOW_ACTIVATION_CONTRACT.json,828,d8b05e017e543a4fcc420412b64cbb813af291b46d4eb90c470b2bc26e2db878
workspace_mirror/recovery/v3426/SPRINGFISH_V34_2_6_AEQ001_QUALIFICATION_CANDIDATE_2026_08_14/adapters/rq621_shadow/SPECTRAL_RADIUS_SUMMARY.csv,1211,45d1de301bd515f4e9ee1897e3bd90254d2e3d08cf94746eab3f9430c4b5c454
workspace_mirror/recovery/v3426/SPRINGFISH_V34_2_6_AEQ001_QUALIFICATION_CANDIDATE_2026_08_14/adapters/rq621_shadow/STABILITY_CLASSIFICATION.csv,172,6282032b05eb11f81bba8ebdd7a7eecf63204966d867ed11dbe78fa82b2a72e4
workspace_mirror/recovery/v3426/SPRINGFISH_V34_2_6_AEQ001_QUALIFICATION_CANDIDATE_2026_08_14/adapters/rq621_shadow/STABILITY_SCENARIOS.csv,5324,910d8cf2b7c694d7d8e1382b657bafdbe7e8959be30f24834fe76002d67c228d
workspace_mirror/recovery/v3426/SPRINGFISH_V34_2_6_AEQ001_QUALIFICATION_CANDIDATE_2026_08_14/adapters/rq621_shadow/STATE_MAPPING_REGISTER.csv,1298,bcd60252dfbc037d27a65ea9b68750aa7c3a6c7509540ab0b74e08f057b1c252
workspace_mirror/recovery/v3426/SPRINGFISH_V34_2_6_AEQ001_QUALIFICATION_CANDIDATE_2026_08_14/adapters/study_007e/COMPARATIVE_CLAIM_REGISTER.csv,776,925dec9f4a0f9ac7708d9484f8bef2b72499b221ea146fcbcb85d1f08c1de175
workspace_mirror/recovery/v3426/SPRINGFISH_V34_2_6_AEQ001_QUALIFICATION_CANDIDATE_2026_08_14/adapters/study_007e/EVIDENCE_GAPS.csv,802,a2a021ddada68ed825776462fa48e39b8b43d36b2070bda3f19e0916c68cc968
workspace_mirror/recovery/v3426/SPRINGFISH_V34_2_6_AEQ001_QUALIFICATION_CANDIDATE_2026_08_14/adapters/study_007e/EXIT_LAYER_REGISTER.csv,1613,248d7176cd118fbaf43506344b61dec20122fa7aa96135d3b6579576af4a83b1
workspace_mirror/recovery/v3426/SPRINGFISH_V34_2_6_AEQ001_QUALIFICATION_CANDIDATE_2026_08_14/adapters/study_007e/PLATFORM_PORTABILITY_MATRIX.csv,2755,76a645227ed85c730c4a772a0c8dc5d27dcc6783eac5ad7c78be5d30bfac8778
workspace_mirror/recovery/v3426/SPRINGFISH_V34_2_6_AEQ001_QUALIFICATION_CANDIDATE_2026_08_14/adapters/study_007e/PORTABILITY_BY_LAYER.csv,3960,a797df71fa3beb145fd26c012cb08e583314f59551569d430a18572df3192fb0
workspace_mirror/recovery/v3426/SPRINGFISH_V34_2_6_AEQ001_QUALIFICATION_CANDIDATE_2026_08_14/adapters/study_007e/SCIENTIFIC_SUMMARY.json,682,d06a44035043d0ade62228eba376ce35f7cc7ae2eb2d5a7ac65294f7774978e1
workspace_mirror/recovery/v3426/SPRINGFISH_V34_2_6_AEQ001_QUALIFICATION_CANDIDATE_2026_08_14/adapters/study_007e/SOURCE_REGISTER.csv,4160,11b9f43b781383df2328ac315cc5199a7b6023eded9ae531fc098d29842fc7a0
workspace_mirror/recovery/v3426/SPRINGFISH_V34_2_6_AEQ001_QUALIFICATION_CANDIDATE_2026_08_14/adapters/study_007f/COMPARATIVE_CLAIM_REGISTER.csv,1123,095970491dccfbc0ad5eed285ed2fec837a17ca2faa63537d5daf90f3bf44b99
workspace_mirror/recovery/v3426/SPRINGFISH_V34_2_6_AEQ001_QUALIFICATION_CANDIDATE_2026_08_14/adapters/study_007f/DEVOPS_CATEGORY_SUMMARY.csv,325,e7c99649d326b22c63f704934073afdddb37e520a1c715ebe1ea95b7127a8a29
workspace_mirror/recovery/v3426/SPRINGFISH_V34_2_6_AEQ001_QUALIFICATION_CANDIDATE_2026_08_14/adapters/study_007f/DEVOPS_INCIDENT_LEDGER.csv,2144,50a6ff7477a07ef19cfd063ff591d673040981db5d5c92a4afdda923dd76f9a1
workspace_mirror/recovery/v3426/SPRINGFISH_V34_2_6_AEQ001_QUALIFICATION_CANDIDATE_2026_08_14/adapters/study_007f/DEVOPS_LAYER_REGISTER.csv,2779,e058b08a4d3e4f48c31726d5a0ea5940287329ddac725852c6af3c822110434b
workspace_mirror/recovery/v3426/SPRINGFISH_V34_2_6_AEQ001_QUALIFICATION_CANDIDATE_2026_08_14/adapters/study_007f/EVIDENCE_GAPS.csv,1284,751be9c01fc50cf19f2cb911a84dc0be1f42e9dcdc4d3ef9705dc3927adb8558
workspace_mirror/recovery/v3426/SPRINGFISH_V34_2_6_AEQ001_QUALIFICATION_CANDIDATE_2026_08_14/adapters/study_007f/MIGRATION_REVERSIBILITY_MATRIX.csv,1175,5cacc1c9fcd92d70433350a6d94270c44617629a2e1e77348fa6f718d6915c49
workspace_mirror/recovery/v3426/SPRINGFISH_V34_2_6_AEQ001_QUALIFICATION_CANDIDATE_2026_08_14/adapters/study_007f/PLATFORM_EXECUTION_MATRIX.csv,2859,deab9c979c705d5df9710a990d8d31552c6109a6d7a0f87e81ade706f742402c
workspace_mirror/recovery/v3426/SPRINGFISH_V34_2_6_AEQ001_QUALIFICATION_CANDIDATE_2026_08_14/adapters/study_007f/PLATFORM_LAYER_COVERAGE.csv,612,9b7810fe98324c6adfb7ef3f269e6c99e9de1319f26fca47acd3b76c946b16c4
workspace_mirror/recovery/v3426/SPRINGFISH_V34_2_6_AEQ001_QUALIFICATION_CANDIDATE_2026_08_14/adapters/study_007f/SCIENTIFIC_SUMMARY.json,739,67de840dfb547f02622c4df84b61d6a2a2bb7cb06008f11539a423f7fd57ace3
workspace_mirror/recovery/v3426/SPRINGFISH_V34_2_6_AEQ001_QUALIFICATION_CANDIDATE_2026_08_14/adapters/study_007f/SOURCE_REGISTER.csv,5417,8a8a4b08bc6bf75ee3a3454f9d8a97053da80c462b4005f0d561ba2e3c7bec38
workspace_mirror/recovery/v3426/SPRINGFISH_V34_2_6_AEQ001_QUALIFICATION_CANDIDATE_2026_08_14/adapters/study_007g/COMPARATIVE_CLAIM_REGISTER.csv,864,ffac55536aa029e5bf695398ccccd8dedd615ff829acd4dc028a35e694fd75c3
workspace_mirror/recovery/v3426/SPRINGFISH_V34_2_6_AEQ001_QUALIFICATION_CANDIDATE_2026_08_14/adapters/study_007g/EVIDENCE_GAPS.csv,980,bbcf9d87988971faf3b91a89401c2e09118a1f5ad11bd5c83e6373be420650f4
workspace_mirror/recovery/v3426/SPRINGFISH_V34_2_6_AEQ001_QUALIFICATION_CANDIDATE_2026_08_14/adapters/study_007g/HISTORY_DEPENDENCY_LAYER_REGISTER.csv,1827,2f07dab586a70d3a7545f53db4b570aaa614969865ab73358ab09ffc06f5c3c4
workspace_mirror/recovery/v3426/SPRINGFISH_V34_2_6_AEQ001_QUALIFICATION_CANDIDATE_2026_08_14/adapters/study_007g/INCIDENT_LEDGER.csv,1103,95662c34983847b9c0e857df2bfc4ce7dd41542a01bbb29fa0a239e8f7ff2086
workspace_mirror/recovery/v3426/SPRINGFISH_V34_2_6_AEQ001_QUALIFICATION_CANDIDATE_2026_08_14/adapters/study_007g/PLATFORM_HISTORY_PORTABILITY_MATRIX.csv,4457,685e465174c0ed0fe69dbcc2cd380c72ddb319b70281e53071bd776ccefc0e4f
workspace_mirror/recovery/v3426/SPRINGFISH_V34_2_6_AEQ001_QUALIFICATION_CANDIDATE_2026_08_14/adapters/study_007g/RAMP_CATEGORY_METRICS.csv,1157,1f8fda3af28f1fbd1ac9471fcaf4d1b4f50c7b9251cbfea2bcaa4f903e6125a5
workspace_mirror/recovery/v3426/SPRINGFISH_V34_2_6_AEQ001_QUALIFICATION_CANDIDATE_2026_08_14/adapters/study_007g/RAMP_VENDOR_METRICS.csv,3225,82ab19e015cc7fdcb2da901a093b6aa2e5a8bf9e589ce5fd86c0126bbea921ba
workspace_mirror/recovery/v3426/SPRINGFISH_V34_2_6_AEQ001_QUALIFICATION_CANDIDATE_2026_08_14/adapters/study_007g/SCIENTIFIC_SUMMARY.json,601,08400b3e27a16a2610ae1ca02e3172a2a233c655f94bff6d3cbbb11b05b0fc97
workspace_mirror/recovery/v3426/SPRINGFISH_V34_2_6_AEQ001_QUALIFICATION_CANDIDATE_2026_08_14/adapters/study_007g/SOURCE_REGISTER.csv,6478,f967554b2aaa97e1649e6c17b7484ad98ecd8dc22977f96f7dbdba865146f98d
workspace_mirror/recovery/v3426/SPRINGFISH_V34_2_6_AEQ001_QUALIFICATION_CANDIDATE_2026_08_14/adapters/study_007h/ANOMALY_HYPOTHESIS_REGISTER.csv,3092,b9cadc4f75911f58d63731acac5f04dd3a81c222247a622ed3f9be84be574e7c
workspace_mirror/recovery/v3426/SPRINGFISH_V34_2_6_AEQ001_QUALIFICATION_CANDIDATE_2026_08_14/adapters/study_007h/BI_VENDOR_DIAGNOSTIC.csv,2046,709f5c38afca07b43ba613ab7e028798d08320e4b97c0c302ce4768b494bef31
workspace_mirror/recovery/v3426/SPRINGFISH_V34_2_6_AEQ001_QUALIFICATION_CANDIDATE_2026_08_14/adapters/study_007h/CATEGORY_CONCENTRATION_SUMMARY.csv,741,fccedf17ed46cbcd609c9fd61bc45bac2fe73a43b05b1d9fed927f11d73365bd
workspace_mirror/recovery/v3426/SPRINGFISH_V34_2_6_AEQ001_QUALIFICATION_CANDIDATE_2026_08_14/adapters/study_007h/COMPARATIVE_CLAIM_REGISTER.csv,1914,82d250affc4c87925b4e891069c5c2b122b660ee9c726aa6f1328b9164910c60
workspace_mirror/recovery/v3426/SPRINGFISH_V34_2_6_AEQ001_QUALIFICATION_CANDIDATE_2026_08_14/adapters/study_007h/EVIDENCE_GAPS.csv,1694,e01a6a7e0183b25ce38672fc2606f56c92af000a732618ab06b277f43b9a28ab
workspace_mirror/recovery/v3426/SPRINGFISH_V34_2_6_AEQ001_QUALIFICATION_CANDIDATE_2026_08_14/adapters/study_007h/LOOKER_SEGMENT_PROFILE.csv,473,0b76192227af65b364447579a415886c7308fd6955a67b421642b2e8a5c2bfab
workspace_mirror/recovery/v3426/SPRINGFISH_V34_2_6_AEQ001_QUALIFICATION_CANDIDATE_2026_08_14/adapters/study_007h/NAMED_SCALE_EXEMPLARS.csv,949,53182124a66cdfc60290348df1ed8dcad031a63ec9c239cb36f7ae5b4602af4d
workspace_mirror/recovery/v3426/SPRINGFISH_V34_2_6_AEQ001_QUALIFICATION_CANDIDATE_2026_08_14/adapters/study_007h/PRODUCT_ARCHITECTURE_REGISTER.csv,1782,4ea8cd48d5117d73ca6e77db497aad8f46f31b6b7b9ae89fc6a4c4d8c856f7a1
workspace_mirror/recovery/v3426/SPRINGFISH_V34_2_6_AEQ001_QUALIFICATION_CANDIDATE_2026_08_14/adapters/study_007h/SCIENTIFIC_SUMMARY.json,952,30c77496782a8110909f923670622a0c267d9cf80cda140f9038793d36ce38ce
workspace_mirror/recovery/v3426/SPRINGFISH_V34_2_6_AEQ001_QUALIFICATION_CANDIDATE_2026_08_14/adapters/study_007h/SOURCE_REGISTER.csv,4762,1c538d915be0789be6d14d50da3fd4039c32db13a134c084bba507ee52fdf7b9
workspace_mirror/recovery/v3426/SPRINGFISH_V34_2_6_AEQ001_QUALIFICATION_CANDIDATE_2026_08_14/aeq001/00_START_HERE.md,2821,59480f71be86fa914474f8a3e4283968dc03f2fab0a9359077cb9bf4056f3574
workspace_mirror/recovery/v3426/SPRINGFISH_V34_2_6_AEQ001_QUALIFICATION_CANDIDATE_2026_08_14/aeq001/AEQ001_ADJUDICATION_AND_QUALIFICATION_WORKBOOK.xlsx,14542,5fba10816b0aeb9781417d4b5b064982170a09bb61a442400fa1968e17a3f0b2
workspace_mirror/recovery/v3426/SPRINGFISH_V34_2_6_AEQ001_QUALIFICATION_CANDIDATE_2026_08_14/aeq001/AEQ001_ADJUDICATION_AND_QUALIFICATION_WORKBOOK.xlsx.inspect.ndjson,193401,191bc66e1e3f1e6853c5f681dff37de283ce10eebd80bd6f573e4c87bef2a91d
workspace_mirror/recovery/v3426/SPRINGFISH_V34_2_6_AEQ001_QUALIFICATION_CANDIDATE_2026_08_14/aeq001/analysis/CASE_ADJUDICATION_SUMMARY.csv,1068,846781bc029f16721340baaad233ca033bacf3357b46523d4964b524d13c84e0
workspace_mirror/recovery/v3426/SPRINGFISH_V34_2_6_AEQ001_QUALIFICATION_CANDIDATE_2026_08_14/aeq001/analysis/PRACTICE_FUSION_ADMISSION_AUDIT.json,12044,8c5be9d51ec50f8c5c9b988547ec8ff98b11842c8a561ba7365b325085336c3a
workspace_mirror/recovery/v3426/SPRINGFISH_V34_2_6_AEQ001_QUALIFICATION_CANDIDATE_2026_08_14/aeq001/analysis/RIVAL_AND_NEGATIVE_CASE_REGISTER.csv,1301,31d8791e8ff99279ee24c83c3e846d76565ac01d9aa08ee0e1f28854828eed63
workspace_mirror/recovery/v3426/SPRINGFISH_V34_2_6_AEQ001_QUALIFICATION_CANDIDATE_2026_08_14/aeq001/analysis/SCIENTIFIC_SYNTHESIS.md,4420,bb321e8ed8aefed65223e0aed85d259306bf0127997ab368724fbb19a18df4ed
workspace_mirror/recovery/v3426/SPRINGFISH_V34_2_6_AEQ001_QUALIFICATION_CANDIDATE_2026_08_14/aeq001/analysis/WEDGE_INPUT.json,3103,0b0915dca5fcb483313d10481b2a94c5130a9f0378baa66042d222ef3936fd44
workspace_mirror/recovery/v3426/SPRINGFISH_V34_2_6_AEQ001_QUALIFICATION_CANDIDATE_2026_08_14/aeq001/analysis/WEDGE_RESULT.json,1588,332bcecbc11a07d454c102a144b8f3fd13d724ea8eb33cbceda5e6cc001f66cf
workspace_mirror/recovery/v3426/SPRINGFISH_V34_2_6_AEQ001_QUALIFICATION_CANDIDATE_2026_08_14/aeq001/cases/PRACTICE_FUSION_PAIN_CDS_2016_2019.json,13368,ddb8b3a3e542e5389f85a43236b1ff1439dff9293a0880c8160bc5bda36c4a1e
workspace_mirror/recovery/v3426/SPRINGFISH_V34_2_6_AEQ001_QUALIFICATION_CANDIDATE_2026_08_14/aeq001/external/ADJUDICATION_TEMPLATE.csv,552,a63edaa41b1f7eb98cd114ea3c22492a9116a1b110f19ffcb2c678e584b276b5
workspace_mirror/recovery/v3426/SPRINGFISH_V34_2_6_AEQ001_QUALIFICATION_CANDIDATE_2026_08_14/aeq001/external/BLINDED_CODER_TEMPLATE.csv,812,f6ff8f1dcec5c2f7633ddae8a3b6cf7418664ecf807661b23de8eeacf80132dd
workspace_mirror/recovery/v3426/SPRINGFISH_V34_2_6_AEQ001_QUALIFICATION_CANDIDATE_2026_08_14/aeq001/external/INDEPENDENCE_DECLARATION_TEMPLATE.md,566,55b53572580a0c7826ef39c9241e6fa3627411f61e50c3ce25ed558b39cb5756
workspace_mirror/recovery/v3426/SPRINGFISH_V34_2_6_AEQ001_QUALIFICATION_CANDIDATE_2026_08_14/aeq001/external/INDEPENDENT_CODING_PROTOCOL.md,1476,cdd77f73ecddf53c4373b1a355c2af2b4b9e9b42c8f3f20463c15901eabc496f
workspace_mirror/recovery/v3426/SPRINGFISH_V34_2_6_AEQ001_QUALIFICATION_CANDIDATE_2026_08_14/aeq001/external/REPLICATION_REPORT_TEMPLATE.md,379,9ff98eb03e144415f3287df2c421233655f455e399193608c86bbf0532b966dd
workspace_mirror/recovery/v3426/SPRINGFISH_V34_2_6_AEQ001_QUALIFICATION_CANDIDATE_2026_08_14/aeq001/external/UNAFFILIATED_REPLICATION_PROTOCOL.md,916,e387ee0ae489fcb4e6c4e3cb65d3d243b67c354773e698818683d7f1c2f55e3b
workspace_mirror/recovery/v3426/SPRINGFISH_V34_2_6_AEQ001_QUALIFICATION_CANDIDATE_2026_08_14/aeq001/inherited_phase2/PHASE2_LIVE_USE_RESULT.json,556951,9d03893097dc491295471a724bc7dd8867651b7262ada3b6a72814cff7c36dda
workspace_mirror/recovery/v3426/SPRINGFISH_V34_2_6_AEQ001_QUALIFICATION_CANDIDATE_2026_08_14/aeq001/inherited_phase2/PHASE2_REPORT.md,78794,442167143050689449c9e0774138dfff08453c7ed98fbf6ea120d8ffe9485da2
workspace_mirror/recovery/v3426/SPRINGFISH_V34_2_6_AEQ001_QUALIFICATION_CANDIDATE_2026_08_14/aeq001/inherited_phase2/PHASE2_RESULTS.xlsx,80830,8286ec49b4efb46548d2fbaee55d1049abef8b839383e252144eea99472fdf6e
workspace_mirror/recovery/v3426/SPRINGFISH_V34_2_6_AEQ001_QUALIFICATION_CANDIDATE_2026_08_14/aeq001/inherited_phase2/PHASES1_TO_6_DETAILED_HANDOFF.md,4884,1704a8b1e63bb78eb160e5ed10b85886d8a7f879150fa6a38ce0420a869d2f90
workspace_mirror/recovery/v3426/SPRINGFISH_V34_2_6_AEQ001_QUALIFICATION_CANDIDATE_2026_08_14/aeq001/inherited_phase2/PROGRAMME_STATE_BEFORE_AEQ001.json,2423,4a80bab23716072fbce65d0a053e9b9dcf3f4f12258e85f6f11c8209a6509b22
workspace_mirror/recovery/v3426/SPRINGFISH_V34_2_6_AEQ001_QUALIFICATION_CANDIDATE_2026_08_14/aeq001/prospective/AEQ_P01_PREREGISTRATION.md,1359,60674134a1e541ea2813a9bd930648a07cf5dd68c824e1ccc6f978fa3568ba0b
workspace_mirror/recovery/v3426/SPRINGFISH_V34_2_6_AEQ001_QUALIFICATION_CANDIDATE_2026_08_14/aeq001/prospective/PROSPECTIVE_EXECUTION_STATUS.json,1499,f443a75ba53125e995fd2b04f808bc5e3f36ff8f8226d6ddfcc04571215165a6
workspace_mirror/recovery/v3426/SPRINGFISH_V34_2_6_AEQ001_QUALIFICATION_CANDIDATE_2026_08_14/aeq001/sources/SOURCE_CAPTURE_NOTES.md,901,935cf5d3483743918195d08ec8e2ec8492cc70c55b441ccb877ad5b7ed36a8a0
workspace_mirror/recovery/v3426/SPRINGFISH_V34_2_6_AEQ001_QUALIFICATION_CANDIDATE_2026_08_14/aeq001/sources/SOURCE_REGISTER.csv,1584,2b2fd5eb1a26f069c3800a039701c3b88bf7229e0fcd17eddf9aeb39654e43c9
workspace_mirror/recovery/v3426/SPRINGFISH_V34_2_6_AEQ001_QUALIFICATION_CANDIDATE_2026_08_14/aeq001/validation/AEQ001_RELEASE_VALIDATION.json,898,c7c89ac3024ed9c29f75c39142af49f4e765073edee08f38bc5088a001cd119a
workspace_mirror/recovery/v3426/SPRINGFISH_V34_2_6_AEQ001_QUALIFICATION_CANDIDATE_2026_08_14/aeq001/validation/AEQ001_VALIDATION_CONSOLE.txt,898,c7c89ac3024ed9c29f75c39142af49f4e765073edee08f38bc5088a001cd119a
workspace_mirror/recovery/v3426/SPRINGFISH_V34_2_6_AEQ001_QUALIFICATION_CANDIDATE_2026_08_14/aeq001/validation/PYTEST_OUTPUT.txt,748,d85e23fd9dd98d2c94af20fbe9db81a36f57ae9711760ade59907a34bda81db4
workspace_mirror/recovery/v3426/SPRINGFISH_V34_2_6_AEQ001_QUALIFICATION_CANDIDATE_2026_08_14/aeq001/validation/WORKBOOK_BUILD_LOG.txt,12132,f9ea23685c7972687e572d224a96faa259eceb58a49e3b58341a0baa68d2750f
workspace_mirror/recovery/v3426/SPRINGFISH_V34_2_6_AEQ001_QUALIFICATION_CANDIDATE_2026_08_14/aeq001/validation/workbook_previews/case_matrix.png,96029,f1da58a267c033fe99c07bbe4dad9a3622b1c941b382bcee1b62949598e6986c
workspace_mirror/recovery/v3426/SPRINGFISH_V34_2_6_AEQ001_QUALIFICATION_CANDIDATE_2026_08_14/aeq001/validation/workbook_previews/executive_summary.png,122873,3097f0519fdee0734a2373a9069d839bdceef392ff9d92eb43de115e44ad7dcd
workspace_mirror/recovery/v3426/SPRINGFISH_V34_2_6_AEQ001_QUALIFICATION_CANDIDATE_2026_08_14/aeq001/validation/workbook_previews/external_gates.png,91034,01ae756145950c5e5eb927f291146a7c37f90ef0e51e115b3e8d5b28c47fb892
workspace_mirror/recovery/v3426/SPRINGFISH_V34_2_6_AEQ001_QUALIFICATION_CANDIDATE_2026_08_14/aeq001/validation/workbook_previews/promotion.png,99119,275e31318b09c0676fa12e15ea56b8939629f98b914b75725e194f3a88d007b9
workspace_mirror/recovery/v3426/SPRINGFISH_V34_2_6_AEQ001_QUALIFICATION_CANDIDATE_2026_08_14/aeq001/validation/workbook_previews/rivals.png,100872,4a5d60814bbbeaf78605c2111dc5a2a8fb3386e940a4faf121662f3d06a371b3
workspace_mirror/recovery/v3426/SPRINGFISH_V34_2_6_AEQ001_QUALIFICATION_CANDIDATE_2026_08_14/aeq001/validation/workbook_previews/six_conditions.png,112366,969bb9032d7dac39b9e1aafb301aead483bbc97df417c5e24e6f1a2122798b2e
workspace_mirror/recovery/v3426/SPRINGFISH_V34_2_6_AEQ001_QUALIFICATION_CANDIDATE_2026_08_14/aeq001/validation/workbook_previews/sources.png,81441,54c5b99e7fc00cb981b5eb0498ad8c824cbde0d8726ecfa24f2286086ef92353
workspace_mirror/recovery/v3426/SPRINGFISH_V34_2_6_AEQ001_QUALIFICATION_CANDIDATE_2026_08_14/aeq001/validation/workbook_previews/wedge.png,132041,7246c7b786279e9f9b35efb505f272d6ed05807c7569725ef78c05700aaf7cf7
workspace_mirror/recovery/v3426/SPRINGFISH_V34_2_6_AEQ001_QUALIFICATION_CANDIDATE_2026_08_14/base_release/SPRINGFISH_V3_0_BETA3_STUDY008_ARCHITECTED_EXTRACTION_EXPERIMENTAL_CANDIDATE.zip,2346626,8ace06854c6c8961769274653e5b612734fc30b1858c7260c58b2f42a745b092
workspace_mirror/recovery/v3426/SPRINGFISH_V34_2_6_AEQ001_QUALIFICATION_CANDIDATE_2026_08_14/base_release/SPRINGFISH_V3_0_BETA3_STUDY008_ARCHITECTED_EXTRACTION_EXPERIMENTAL_CANDIDATE.zip.integrity.json,777,3f25bac553ac66f8278fce114930dbcbd987c95d56657335ab76cf300b046b12
workspace_mirror/recovery/v3426/SPRINGFISH_V34_2_6_AEQ001_QUALIFICATION_CANDIDATE_2026_08_14/base_release/SPRINGFISH_V3_0_BETA3_STUDY008_ARCHITECTED_EXTRACTION_EXPERIMENTAL_CANDIDATE.zip.sha256,147,2401d4ead18562eeb2b0d6a070d771c6e0050bb73af4e53c3ca21b92602e1fff
workspace_mirror/recovery/v3426/SPRINGFISH_V34_2_6_AEQ001_QUALIFICATION_CANDIDATE_2026_08_14/base_release/SPRINGFISH_V3_0_CANONICAL_ENGINE_BETA3.zip,1124637,3875bfd84a34bc4842d48f6ec7775169161ee809e4039358d8d7691b4c1df055
workspace_mirror/recovery/v3426/SPRINGFISH_V34_2_6_AEQ001_QUALIFICATION_CANDIDATE_2026_08_14/base_release/SPRINGFISH_V3_0_CANONICAL_ENGINE_BETA3.zip.integrity.json,530,cee5a144cc39b004344b0ef1f30e3ae138464731a76c336d956974d73c22070d
workspace_mirror/recovery/v3426/SPRINGFISH_V34_2_6_AEQ001_QUALIFICATION_CANDIDATE_2026_08_14/base_release/SPRINGFISH_V3_0_CANONICAL_ENGINE_BETA3.zip.sha256,109,e3fb793a332901f7a33d88900ae466f47775ac9958820b8b7b6a509081bb59d8
workspace_mirror/recovery/v3426/SPRINGFISH_V34_2_6_AEQ001_QUALIFICATION_CANDIDATE_2026_08_14/build_aeq001_workbook.mjs,15195,ec731b700130e53943e8344c8b9d8c20fc76afc9e826117c2cbb3b22a91c7a65
workspace_mirror/recovery/v3426/SPRINGFISH_V34_2_6_AEQ001_QUALIFICATION_CANDIDATE_2026_08_14/build_study008_release.py,18317,2eb011c74585d4c445ae00db301cf82c78c18bfdbca64cf7152ddeec0e4dd1b8
workspace_mirror/recovery/v3426/SPRINGFISH_V34_2_6_AEQ001_QUALIFICATION_CANDIDATE_2026_08_14/build_study008b_release.py,27413,d866204906f151f256bda1dd7a50045f84b6e0573e72e7e65bd5f805e6ce3bbf
workspace_mirror/recovery/v3426/SPRINGFISH_V34_2_6_AEQ001_QUALIFICATION_CANDIDATE_2026_08_14/config/base.yaml,2589,3debdbf90da000c2990e25bfbef38ad31bc2c1490b725a1f20ba9b4315b16ed5
workspace_mirror/recovery/v3426/SPRINGFISH_V34_2_6_AEQ001_QUALIFICATION_CANDIDATE_2026_08_14/config/cases/C1_bangladesh_fertiliser.yaml,2453,9a5aabf809ddda56e41fbf7293229fad0f51712f301432d8f692ef3eee67f8b7
workspace_mirror/recovery/v3426/SPRINGFISH_V34_2_6_AEQ001_QUALIFICATION_CANDIDATE_2026_08_14/config/cases/C2_ukraine_recovery.yaml,2814,d6fbc301f1d665730a8c87a10829bf5802d3d8a45160a946b25ce6f84cd7640c
workspace_mirror/recovery/v3426/SPRINGFISH_V34_2_6_AEQ001_QUALIFICATION_CANDIDATE_2026_08_14/config/cases/C3_venezuela_claims.yaml,2617,28644acb889a4decd9258786f0822545c1212986e3f3bf2821c5d68782c7a662
workspace_mirror/recovery/v3426/SPRINGFISH_V34_2_6_AEQ001_QUALIFICATION_CANDIDATE_2026_08_14/config/cases/C4_kenya_future_revenue.yaml,2401,d2472f2e29b7e7336c02379e37709af175747c31e051b8e2b67ddad0792869c8
workspace_mirror/recovery/v3426/SPRINGFISH_V34_2_6_AEQ001_QUALIFICATION_CANDIDATE_2026_08_14/config/model_families/baseline_v13.yaml,487,c9c6a70e4a6f9cdf0d2f2dacc472a22c07d7dc4b15c16e35d656955c4c27ab04
workspace_mirror/recovery/v3426/SPRINGFISH_V34_2_6_AEQ001_QUALIFICATION_CANDIDATE_2026_08_14/config/model_families/conservative_propagation.yaml,665,ca3f2cb569f17c33409d4e33580d59e1078f6086ef8801b572a9bc7809e5a8b7
workspace_mirror/recovery/v3426/SPRINGFISH_V34_2_6_AEQ001_QUALIFICATION_CANDIDATE_2026_08_14/config/model_families/institutional_hysteresis.yaml,828,699d4f20bac5c366222e59d298fe8d285d3b85219af7fba1c4c1d73163c00cb4
workspace_mirror/recovery/v3426/SPRINGFISH_V34_2_6_AEQ001_QUALIFICATION_CANDIDATE_2026_08_14/config/model_families/quantal_adaptation.yaml,690,9fb83f360ad13c934431cd6c6663173f3325562ae7e64e50e3d177135aa0aec1
workspace_mirror/recovery/v3426/SPRINGFISH_V34_2_6_AEQ001_QUALIFICATION_CANDIDATE_2026_08_14/data/actor_calibration_bridge.csv,1479,bb9c9f5d74dca2e464ffa6251e46074dc9ff22b4001c1a041ea66036fc15ec7c
workspace_mirror/recovery/v3426/SPRINGFISH_V34_2_6_AEQ001_QUALIFICATION_CANDIDATE_2026_08_14/data/case_subgraphs/C1_edges.csv,48142,5ecd70a1096a31e42fee7388530a3b96faa123e9bdb677ffc90a8c68fd634750
workspace_mirror/recovery/v3426/SPRINGFISH_V34_2_6_AEQ001_QUALIFICATION_CANDIDATE_2026_08_14/data/case_subgraphs/C1_manifest.json,146,2b1a14483856894ef98981f7bbabd2f4b87ff132387210276a2653035cb69f07
workspace_mirror/recovery/v3426/SPRINGFISH_V34_2_6_AEQ001_QUALIFICATION_CANDIDATE_2026_08_14/data/case_subgraphs/C1_nodes.csv,15555,e8f686903f2441e4dafdae62961af79a12724176cb5aac76f78e5fad46189d58
workspace_mirror/recovery/v3426/SPRINGFISH_V34_2_6_AEQ001_QUALIFICATION_CANDIDATE_2026_08_14/data/case_subgraphs/C2_edges.csv,2837,d16b7008331bd2ac723b4ec15d3ab8a95cdc457a13c007bf0cf20919a05770b7
workspace_mirror/recovery/v3426/SPRINGFISH_V34_2_6_AEQ001_QUALIFICATION_CANDIDATE_2026_08_14/data/case_subgraphs/C2_manifest.json,125,1fee98676c5fb3d06c97f39056632a7db129ae943ee5cea0586d0a933af28ca2
workspace_mirror/recovery/v3426/SPRINGFISH_V34_2_6_AEQ001_QUALIFICATION_CANDIDATE_2026_08_14/data/case_subgraphs/C2_nodes.csv,1453,3a31b5c4a68ee91c81ba3a28bbd8792bce19dbb2be4c11a473d8f9997f486406
workspace_mirror/recovery/v3426/SPRINGFISH_V34_2_6_AEQ001_QUALIFICATION_CANDIDATE_2026_08_14/data/case_subgraphs/C3_edges.csv,117932,ed7dbf8b1df3cbb044050103979472fa6179392297eb093d818772553e587bf5
workspace_mirror/recovery/v3426/SPRINGFISH_V34_2_6_AEQ001_QUALIFICATION_CANDIDATE_2026_08_14/data/case_subgraphs/C3_manifest.json,240,b838ff8d475b0ef7252770e194fb5158a140226da269f89c7910adae9df54c3b
workspace_mirror/recovery/v3426/SPRINGFISH_V34_2_6_AEQ001_QUALIFICATION_CANDIDATE_2026_08_14/data/case_subgraphs/C3_nodes.csv,27899,ab9703139e5dea22442710c16b414c17d9ad3077a4876c67546e45f9be94e275
workspace_mirror/recovery/v3426/SPRINGFISH_V34_2_6_AEQ001_QUALIFICATION_CANDIDATE_2026_08_14/data/case_subgraphs/C4_edges.csv,2778,f554bd7e75e200e85c7db98afe5c7aad41245f4f9d8d9bfa045ef52acee0f208
workspace_mirror/recovery/v3426/SPRINGFISH_V34_2_6_AEQ001_QUALIFICATION_CANDIDATE_2026_08_14/data/case_subgraphs/C4_manifest.json,142,e96771715b12929aa9956df90dc5b43cfd38a12feba7123ab12f7282d459411b
workspace_mirror/recovery/v3426/SPRINGFISH_V34_2_6_AEQ001_QUALIFICATION_CANDIDATE_2026_08_14/data/case_subgraphs/C4_nodes.csv,1218,5698fc5a5e9d5fb07087d2ce710eb4b2b1a31e2e05675bcbd47bd2a167f8dc7a
workspace_mirror/recovery/v3426/SPRINGFISH_V34_2_6_AEQ001_QUALIFICATION_CANDIDATE_2026_08_14/data/network_metrics.json,308,9b8f5ff505437014312cd47224bf331de33366baa7cc46fc7804adda17ff8217
workspace_mirror/recovery/v3426/SPRINGFISH_V34_2_6_AEQ001_QUALIFICATION_CANDIDATE_2026_08_14/data/nodes.csv,1141163,5a866b63eda564564cac7726e87411ce8886b9130466b966740ec9e5e5446697
workspace_mirror/recovery/v3426/SPRINGFISH_V34_2_6_AEQ001_QUALIFICATION_CANDIDATE_2026_08_14/data/payoff_priors.csv,4488,7869ba79e6d4371078f94ecd865f8486b8e8537c898fd8d9b5ad278bfc89e10e
workspace_mirror/recovery/v3426/SPRINGFISH_V34_2_6_AEQ001_QUALIFICATION_CANDIDATE_2026_08_14/data/relationships.csv,2966839,b5c9304644a02494e49a2d5c5b76973297e1a0287ba27aff660313174276470b
workspace_mirror/recovery/v3426/SPRINGFISH_V34_2_6_AEQ001_QUALIFICATION_CANDIDATE_2026_08_14/data/rq621/DOMINANT_FEEDBACK_CHANNELS.csv,8143,fa8ca376e572d63eab5ee453ca18effc43ce88cfc9832cae9b5c01ae13425b98
workspace_mirror/recovery/v3426/SPRINGFISH_V34_2_6_AEQ001_QUALIFICATION_CANDIDATE_2026_08_14/data/rq621/PARAMETER_REGISTER.csv,5324,910d8cf2b7c694d7d8e1382b657bafdbe7e8959be30f24834fe76002d67c228d
workspace_mirror/recovery/v3426/SPRINGFISH_V34_2_6_AEQ001_QUALIFICATION_CANDIDATE_2026_08_14/data/rq621/SCIENTIFIC_SUMMARY.json,323,2e41dac2a548bb1f1ce3864beeb45cf7fd496af7891312130fd2fe84445bd727
workspace_mirror/recovery/v3426/SPRINGFISH_V34_2_6_AEQ001_QUALIFICATION_CANDIDATE_2026_08_14/data/rq621/SPECTRAL_RADIUS_SUMMARY.csv,1211,45d1de301bd515f4e9ee1897e3bd90254d2e3d08cf94746eab3f9430c4b5c454
workspace_mirror/recovery/v3426/SPRINGFISH_V34_2_6_AEQ001_QUALIFICATION_CANDIDATE_2026_08_14/data/rq621/STABILITY_CLASSIFICATION.csv,172,6282032b05eb11f81bba8ebdd7a7eecf63204966d867ed11dbe78fa82b2a72e4
workspace_mirror/recovery/v3426/SPRINGFISH_V34_2_6_AEQ001_QUALIFICATION_CANDIDATE_2026_08_14/data/rq621/STABILITY_SCENARIOS.csv,5324,910d8cf2b7c694d7d8e1382b657bafdbe7e8959be30f24834fe76002d67c228d
workspace_mirror/recovery/v3426/SPRINGFISH_V34_2_6_AEQ001_QUALIFICATION_CANDIDATE_2026_08_14/data/study_adapter_registry.csv,4198,f104f3ca7d4a70a5acabd234cd3c5865c75105d71ecf5957c6ba95780ed0455b
workspace_mirror/recovery/v3426/SPRINGFISH_V34_2_6_AEQ001_QUALIFICATION_CANDIDATE_2026_08_14/data/unresolved_calibration_mappings.csv,971,81eb6f0dd5ea1e2f1fbb6c0125d1f8bd9fd077c5d9b0c61d229f3d506eb6f90d
workspace_mirror/recovery/v3426/SPRINGFISH_V34_2_6_AEQ001_QUALIFICATION_CANDIDATE_2026_08_14/external_qualification/ACTOR_DIMENSION_SCORING_RUBRIC_V2_PROSPECTIVE.csv,2080,f0f1b8cc4f45cceada4dae3b3f7fda8a705bead48abecd2ba782b8af3a966d83
workspace_mirror/recovery/v3426/SPRINGFISH_V34_2_6_AEQ001_QUALIFICATION_CANDIDATE_2026_08_14/external_qualification/CAPABILITY_ACTIVATION_MATRIX.csv,2197,b220d2cd2de43a3178b9d28c032ffaad78602725452eaa7319525c8684ef7b46
workspace_mirror/recovery/v3426/SPRINGFISH_V34_2_6_AEQ001_QUALIFICATION_CANDIDATE_2026_08_14/external_qualification/EXPECTED_REPLICATION_HASHES.sha256,1045,4f891959bb2dc23754de0bf048249c16bfc5b6721013e4c9121bf93939b1826a
workspace_mirror/recovery/v3426/SPRINGFISH_V34_2_6_AEQ001_QUALIFICATION_CANDIDATE_2026_08_14/external_qualification/EXTERNAL_QUALIFICATION_PROTOCOL.md,3510,422808accf55ae8829b6d0aec6bb6dd9fa9d101854e80d6472fb5ed1128c16b2
workspace_mirror/recovery/v3426/SPRINGFISH_V34_2_6_AEQ001_QUALIFICATION_CANDIDATE_2026_08_14/external_qualification/POST_VALIDATION_CAPABILITIES.md,3065,092da5ced9f0a9a2b511ef76545f1ec4ea5feb762557b224732fb4ab83be1288
workspace_mirror/recovery/v3426/SPRINGFISH_V34_2_6_AEQ001_QUALIFICATION_CANDIDATE_2026_08_14/external_qualification/README.md,1224,5d596d829e087d9ec211cacc2e3a6025850b06afea53d0a89c93abd98efd1285
workspace_mirror/recovery/v3426/SPRINGFISH_V34_2_6_AEQ001_QUALIFICATION_CANDIDATE_2026_08_14/external_qualification/V34_2_4_INHERITED_FILE_HASHES.sha256,45546,a77d398648b6560033a0bb3f25ac5084cc90b926f7452f6572d6c89bbd3a871a
workspace_mirror/recovery/v3426/SPRINGFISH_V34_2_6_AEQ001_QUALIFICATION_CANDIDATE_2026_08_14/external_qualification/base/04_BLINDED_CELL_OBLIGATIONS.csv,6753,8b37addae058e488e14eacaf422bee91c2f5d7d790a4ed2faa7ffc8bdf1e506a
workspace_mirror/recovery/v3426/SPRINGFISH_V34_2_6_AEQ001_QUALIFICATION_CANDIDATE_2026_08_14/external_qualification/base/ACTOR_CANONICAL_MAPPING.csv,1479,bb9c9f5d74dca2e464ffa6251e46074dc9ff22b4001c1a041ea66036fc15ec7c
workspace_mirror/recovery/v3426/SPRINGFISH_V34_2_6_AEQ001_QUALIFICATION_CANDIDATE_2026_08_14/external_qualification/base/ACTOR_DIMENSION_EVIDENCE.csv,9401,e8f5a632ae53bdc11f85a88cbcd3c0bcfde55d9c568c18a5ddfe91a279243f18
workspace_mirror/recovery/v3426/SPRINGFISH_V34_2_6_AEQ001_QUALIFICATION_CANDIDATE_2026_08_14/external_qualification/base/CELL_LINEAGE_RECOVERY_AUDIT.csv,18198,2eab948d691d3255596be4c2dea7101e1d99b44c575fde84934c2619b7eb4fb6
workspace_mirror/recovery/v3426/SPRINGFISH_V34_2_6_AEQ001_QUALIFICATION_CANDIDATE_2026_08_14/external_qualification/base/RQ620_M1A_EXTERNAL_CODER_BLINDED_PACKET.zip,10388,080f1a8008f596e3e0bdd42c7af84d941e09bda4147f9d8e0a70102230ea1c90
workspace_mirror/recovery/v3426/SPRINGFISH_V34_2_6_AEQ001_QUALIFICATION_CANDIDATE_2026_08_14/external_qualification/base/SOURCE_REGISTER.csv,4148,1fed575731e8ef7dac4340d6bfa13b2aa46adf4b67589195e7fd4d668189b9a6
workspace_mirror/recovery/v3426/SPRINGFISH_V34_2_6_AEQ001_QUALIFICATION_CANDIDATE_2026_08_14/external_qualification/base/SPRINGFISH_PARAMETER_BRIDGE.csv,731,b99562b18831a2f87e923d7012c2e2badc18caa8603e94fe2441a5971bd8d248
workspace_mirror/recovery/v3426/SPRINGFISH_V34_2_6_AEQ001_QUALIFICATION_CANDIDATE_2026_08_14/external_qualification/base/SPRINGFISH_RQ620_M1A_UPSTREAM_RECOVERY_EXTERNAL_CODER_PACKET_2026_08_10.zip,93594,3fbe2a153c61afba1314a473db5af140585daefa95bff9a6f7e6ebd9a887ea6e
workspace_mirror/recovery/v3426/SPRINGFISH_V34_2_6_AEQ001_QUALIFICATION_CANDIDATE_2026_08_14/external_qualification/results/ACTOR_CALIBRATION_DATA_QUALITY.json,2122,6fbfd361109baa5ee553b633f5a04a1a0e040d2a20e62f52f13facf27ec43c17
workspace_mirror/recovery/v3426/SPRINGFISH_V34_2_6_AEQ001_QUALIFICATION_CANDIDATE_2026_08_14/external_qualification/results/CURRENT_EXTERNAL_QUALIFICATION_STATUS.json,12419,6427b740de3b4e05bc767b16b29c81224ae51174abf7397532f354d8632c316e
workspace_mirror/recovery/v3426/SPRINGFISH_V34_2_6_AEQ001_QUALIFICATION_CANDIDATE_2026_08_14/external_qualification/results/EXTERNAL_QUALIFICATION_STATUS.json,12218,d914ee8b828c53842cf6b37f7f8e8251f304f9033e87145593511bfc301b687d
workspace_mirror/recovery/v3426/SPRINGFISH_V34_2_6_AEQ001_QUALIFICATION_CANDIDATE_2026_08_14/external_qualification/results/RELEASE_GATES.csv,761,d1104432803d30b3038d2d7a88cfa5311994dcd3924dd37f0b3966bfbb29c8aa
workspace_mirror/recovery/v3426/SPRINGFISH_V34_2_6_AEQ001_QUALIFICATION_CANDIDATE_2026_08_14/external_qualification/results/RELEASE_VALIDATION.json,2258,40bc9e8ffeccc630874d2d2985b96e3aea1a6b6f87ee4382e665e2b76f3f22ea
workspace_mirror/recovery/v3426/SPRINGFISH_V34_2_6_AEQ001_QUALIFICATION_CANDIDATE_2026_08_14/external_qualification/templates/ADJUDICATION.csv,77,2929188c4c15227471fb1588522d887b75f1381386bf38aa21e9c7e44a72b1f7
workspace_mirror/recovery/v3426/SPRINGFISH_V34_2_6_AEQ001_QUALIFICATION_CANDIDATE_2026_08_14/external_qualification/templates/CODER_A_DECISIONS.csv,2892,a0be7c1e9b9e11c0946185e04cb8f5a4e41f6e640f1123bbcfcef80c92fc5c21
workspace_mirror/recovery/v3426/SPRINGFISH_V34_2_6_AEQ001_QUALIFICATION_CANDIDATE_2026_08_14/external_qualification/templates/CODER_A_DECLARATION.md,502,c4401f8e9afa15082e4e0b1d354de05f43fb81fc64f7df7458397dba983467be
workspace_mirror/recovery/v3426/SPRINGFISH_V34_2_6_AEQ001_QUALIFICATION_CANDIDATE_2026_08_14/external_qualification/templates/CODER_B_DECISIONS.csv,2892,a0be7c1e9b9e11c0946185e04cb8f5a4e41f6e640f1123bbcfcef80c92fc5c21
workspace_mirror/recovery/v3426/SPRINGFISH_V34_2_6_AEQ001_QUALIFICATION_CANDIDATE_2026_08_14/external_qualification/templates/CODER_B_DECLARATION.md,502,a0e4d805b2093c19ce10ffb8bd86bb5cd70be4b02872834ff1490f203703f043
workspace_mirror/recovery/v3426/SPRINGFISH_V34_2_6_AEQ001_QUALIFICATION_CANDIDATE_2026_08_14/external_qualification/templates/PERSONNEL_REGISTER.csv,222,1419511ffa675e7a672fd09e1633738be52f3372b5aca82b262ce5f2c1922739
workspace_mirror/recovery/v3426/SPRINGFISH_V34_2_6_AEQ001_QUALIFICATION_CANDIDATE_2026_08_14/external_qualification/templates/REPLICATION_ATTESTATION.json,217,46c03c3ba8dc3e40f855c5050abed36011ace0cc5c1d7e93d3d14de57c57445c
workspace_mirror/recovery/v3426/SPRINGFISH_V34_2_6_AEQ001_QUALIFICATION_CANDIDATE_2026_08_14/integration/APPLY_TO_MIROFISH_OFFLINE.md,1536,d7d9fa5e565165d1a63cbb8bb1d35432f4b9e2b7061f6c33b5bc01aabb043e32
workspace_mirror/recovery/v3426/SPRINGFISH_V34_2_6_AEQ001_QUALIFICATION_CANDIDATE_2026_08_14/integration/MIROFISH_BRIDGE_MANIFEST.json,2053,86a510ea3a6b385cf42d80a620689ce6ec351ed216ce3793da81808a255224ca
workspace_mirror/recovery/v3426/SPRINGFISH_V34_2_6_AEQ001_QUALIFICATION_CANDIDATE_2026_08_14/outputs/mirofish_offline_replay/EXECUTION_SUMMARY.json,176,9345f9a3f2b55b03aea89b93d22960536565fb3f39e14a510c4977f194e057bf
workspace_mirror/recovery/v3426/SPRINGFISH_V34_2_6_AEQ001_QUALIFICATION_CANDIDATE_2026_08_14/outputs/mirofish_offline_replay/MANIFEST_GATE.json,919,a69dfcc95c193d445e58e9eadc16c782780d6385597e733aa9d21b472606703d
workspace_mirror/recovery/v3426/SPRINGFISH_V34_2_6_AEQ001_QUALIFICATION_CANDIDATE_2026_08_14/outputs/mirofish_offline_replay/matrix/MATRIX_RESULTS.json,61770,b8db629db3c478370f6dc1cbf7c3c1b0a3e6e6323a1ddc411943d73951a68991
workspace_mirror/recovery/v3426/SPRINGFISH_V34_2_6_AEQ001_QUALIFICATION_CANDIDATE_2026_08_14/outputs/mirofish_offline_replay/matrix/direct_evidence__deterministic_rule__no_interaction/normalized_actions.jsonl,0,e3b0c44298fc1c149afbf4c8996fb92427ae41e4649b934ca495991b7852b855
workspace_mirror/recovery/v3426/SPRINGFISH_V34_2_6_AEQ001_QUALIFICATION_CANDIDATE_2026_08_14/outputs/mirofish_offline_replay/matrix/direct_evidence__deterministic_rule__no_interaction/profiles/reddit_profiles.json,17243,c26ad52fc0ba9bccc5717fbc24335888ce5cc92c23c31e57c364a48b12ddee35
workspace_mirror/recovery/v3426/SPRINGFISH_V34_2_6_AEQ001_QUALIFICATION_CANDIDATE_2026_08_14/outputs/mirofish_offline_replay/matrix/direct_evidence__deterministic_rule__no_interaction/profiles/twitter_profiles.json,17966,f9d2126e6d1064565b5c57384e6faced1992c34a36dcaa1ae250b94d6185446a
workspace_mirror/recovery/v3426/SPRINGFISH_V34_2_6_AEQ001_QUALIFICATION_CANDIDATE_2026_08_14/outputs/mirofish_offline_replay/matrix/direct_evidence__deterministic_rule__no_interaction/propagation.json,3,37517e5f3dc66819f61f5a7bb8ace1921282415f10551d2defa5c3eb0985b570
workspace_mirror/recovery/v3426/SPRINGFISH_V34_2_6_AEQ001_QUALIFICATION_CANDIDATE_2026_08_14/outputs/mirofish_offline_replay/matrix/direct_evidence__deterministic_rule__no_interaction/raw_oasis_actions.jsonl,0,e3b0c44298fc1c149afbf4c8996fb92427ae41e4649b934ca495991b7852b855
workspace_mirror/recovery/v3426/SPRINGFISH_V34_2_6_AEQ001_QUALIFICATION_CANDIDATE_2026_08_14/outputs/mirofish_offline_replay/matrix/direct_evidence__deterministic_rule__no_interaction/result.json,3111,e2366287adf4e27c385a85a4edb73bf725e40ad2fd60f48f54d0ea3a8b32f1da
workspace_mirror/recovery/v3426/SPRINGFISH_V34_2_6_AEQ001_QUALIFICATION_CANDIDATE_2026_08_14/outputs/mirofish_offline_replay/matrix/direct_evidence__deterministic_rule__observed/normalized_actions.jsonl,7394,51cb8cfc47740e0fe71532effe645cb034d792350760aa05523561825a94e8d2
workspace_mirror/recovery/v3426/SPRINGFISH_V34_2_6_AEQ001_QUALIFICATION_CANDIDATE_2026_08_14/outputs/mirofish_offline_replay/matrix/direct_evidence__deterministic_rule__observed/profiles/reddit_profiles.json,17243,c26ad52fc0ba9bccc5717fbc24335888ce5cc92c23c31e57c364a48b12ddee35
workspace_mirror/recovery/v3426/SPRINGFISH_V34_2_6_AEQ001_QUALIFICATION_CANDIDATE_2026_08_14/outputs/mirofish_offline_replay/matrix/direct_evidence__deterministic_rule__observed/profiles/twitter_profiles.json,17966,f9d2126e6d1064565b5c57384e6faced1992c34a36dcaa1ae250b94d6185446a
workspace_mirror/recovery/v3426/SPRINGFISH_V34_2_6_AEQ001_QUALIFICATION_CANDIDATE_2026_08_14/outputs/mirofish_offline_replay/matrix/direct_evidence__deterministic_rule__observed/propagation.json,2105,28085af9dedc1fc478dd704d35129487da086795771896d704b5a85ff1dd315f
workspace_mirror/recovery/v3426/SPRINGFISH_V34_2_6_AEQ001_QUALIFICATION_CANDIDATE_2026_08_14/outputs/mirofish_offline_replay/matrix/direct_evidence__deterministic_rule__observed/raw_oasis_actions.jsonl,3059,3ac6edac7a80137ef0395e31fecdaef25539e83a79dd0c668d29b6dfb8e581bd
workspace_mirror/recovery/v3426/SPRINGFISH_V34_2_6_AEQ001_QUALIFICATION_CANDIDATE_2026_08_14/outputs/mirofish_offline_replay/matrix/direct_evidence__deterministic_rule__observed/result.json,3115,72f6ef3390689b692a94cc6acce92ac37e2b57cc202177ec021067bbb57779b7
workspace_mirror/recovery/v3426/SPRINGFISH_V34_2_6_AEQ001_QUALIFICATION_CANDIDATE_2026_08_14/outputs/mirofish_offline_replay/matrix/direct_evidence__deterministic_rule__shuffled/normalized_actions.jsonl,7494,fe65325ea36c991425dec06a7270ece4ccc768da486f257db62d0c9476794dbe
workspace_mirror/recovery/v3426/SPRINGFISH_V34_2_6_AEQ001_QUALIFICATION_CANDIDATE_2026_08_14/outputs/mirofish_offline_replay/matrix/direct_evidence__deterministic_rule__shuffled/profiles/reddit_profiles.json,17243,c26ad52fc0ba9bccc5717fbc24335888ce5cc92c23c31e57c364a48b12ddee35
workspace_mirror/recovery/v3426/SPRINGFISH_V34_2_6_AEQ001_QUALIFICATION_CANDIDATE_2026_08_14/outputs/mirofish_offline_replay/matrix/direct_evidence__deterministic_rule__shuffled/profiles/twitter_profiles.json,17966,f9d2126e6d1064565b5c57384e6faced1992c34a36dcaa1ae250b94d6185446a
workspace_mirror/recovery/v3426/SPRINGFISH_V34_2_6_AEQ001_QUALIFICATION_CANDIDATE_2026_08_14/outputs/mirofish_offline_replay/matrix/direct_evidence__deterministic_rule__shuffled/propagation.json,2155,214791b9048ff71cb346c17730eb875a4c48b7981e30cf1b42477f4931fe8b08
workspace_mirror/recovery/v3426/SPRINGFISH_V34_2_6_AEQ001_QUALIFICATION_CANDIDATE_2026_08_14/outputs/mirofish_offline_replay/matrix/direct_evidence__deterministic_rule__shuffled/raw_oasis_actions.jsonl,3109,55dac391ac3b0b08d2149a12c3c043f59069129793572b196516b7246aec1e60
workspace_mirror/recovery/v3426/SPRINGFISH_V34_2_6_AEQ001_QUALIFICATION_CANDIDATE_2026_08_14/outputs/mirofish_offline_replay/matrix/direct_evidence__deterministic_rule__shuffled/result.json,3115,da9f5926297c91cf4f03fb7fff8d75219a7129a2c71d9af67d69047ba4ca00a8
workspace_mirror/recovery/v3426/SPRINGFISH_V34_2_6_AEQ001_QUALIFICATION_CANDIDATE_2026_08_14/outputs/mirofish_offline_replay/matrix/direct_evidence__persona_heuristic__no_interaction/normalized_actions.jsonl,0,e3b0c44298fc1c149afbf4c8996fb92427ae41e4649b934ca495991b7852b855
workspace_mirror/recovery/v3426/SPRINGFISH_V34_2_6_AEQ001_QUALIFICATION_CANDIDATE_2026_08_14/outputs/mirofish_offline_replay/matrix/direct_evidence__persona_heuristic__no_interaction/profiles/reddit_profiles.json,17243,c26ad52fc0ba9bccc5717fbc24335888ce5cc92c23c31e57c364a48b12ddee35
workspace_mirror/recovery/v3426/SPRINGFISH_V34_2_6_AEQ001_QUALIFICATION_CANDIDATE_2026_08_14/outputs/mirofish_offline_replay/matrix/direct_evidence__persona_heuristic__no_interaction/profiles/twitter_profiles.json,17966,f9d2126e6d1064565b5c57384e6faced1992c34a36dcaa1ae250b94d6185446a
workspace_mirror/recovery/v3426/SPRINGFISH_V34_2_6_AEQ001_QUALIFICATION_CANDIDATE_2026_08_14/outputs/mirofish_offline_replay/matrix/direct_evidence__persona_heuristic__no_interaction/propagation.json,3,37517e5f3dc66819f61f5a7bb8ace1921282415f10551d2defa5c3eb0985b570
workspace_mirror/recovery/v3426/SPRINGFISH_V34_2_6_AEQ001_QUALIFICATION_CANDIDATE_2026_08_14/outputs/mirofish_offline_replay/matrix/direct_evidence__persona_heuristic__no_interaction/raw_oasis_actions.jsonl,0,e3b0c44298fc1c149afbf4c8996fb92427ae41e4649b934ca495991b7852b855
workspace_mirror/recovery/v3426/SPRINGFISH_V34_2_6_AEQ001_QUALIFICATION_CANDIDATE_2026_08_14/outputs/mirofish_offline_replay/matrix/direct_evidence__persona_heuristic__no_interaction/result.json,3110,7e6e7dd9fe17ce595632403e68aaeed7452687e2d7c598fb70ade91648d88432
workspace_mirror/recovery/v3426/SPRINGFISH_V34_2_6_AEQ001_QUALIFICATION_CANDIDATE_2026_08_14/outputs/mirofish_offline_replay/matrix/direct_evidence__persona_heuristic__observed/normalized_actions.jsonl,7394,51cb8cfc47740e0fe71532effe645cb034d792350760aa05523561825a94e8d2
workspace_mirror/recovery/v3426/SPRINGFISH_V34_2_6_AEQ001_QUALIFICATION_CANDIDATE_2026_08_14/outputs/mirofish_offline_replay/matrix/direct_evidence__persona_heuristic__observed/profiles/reddit_profiles.json,17243,c26ad52fc0ba9bccc5717fbc24335888ce5cc92c23c31e57c364a48b12ddee35
workspace_mirror/recovery/v3426/SPRINGFISH_V34_2_6_AEQ001_QUALIFICATION_CANDIDATE_2026_08_14/outputs/mirofish_offline_replay/matrix/direct_evidence__persona_heuristic__observed/profiles/twitter_profiles.json,17966,f9d2126e6d1064565b5c57384e6faced1992c34a36dcaa1ae250b94d6185446a
workspace_mirror/recovery/v3426/SPRINGFISH_V34_2_6_AEQ001_QUALIFICATION_CANDIDATE_2026_08_14/outputs/mirofish_offline_replay/matrix/direct_evidence__persona_heuristic__observed/propagation.json,2105,28085af9dedc1fc478dd704d35129487da086795771896d704b5a85ff1dd315f
workspace_mirror/recovery/v3426/SPRINGFISH_V34_2_6_AEQ001_QUALIFICATION_CANDIDATE_2026_08_14/outputs/mirofish_offline_replay/matrix/direct_evidence__persona_heuristic__observed/raw_oasis_actions.jsonl,3059,3ac6edac7a80137ef0395e31fecdaef25539e83a79dd0c668d29b6dfb8e581bd
workspace_mirror/recovery/v3426/SPRINGFISH_V34_2_6_AEQ001_QUALIFICATION_CANDIDATE_2026_08_14/outputs/mirofish_offline_replay/matrix/direct_evidence__persona_heuristic__observed/result.json,3114,155b38f13c50603d9f55112a56a296a66f737a76b97d0406ff64cea453854e47
workspace_mirror/recovery/v3426/SPRINGFISH_V34_2_6_AEQ001_QUALIFICATION_CANDIDATE_2026_08_14/outputs/mirofish_offline_replay/matrix/direct_evidence__persona_heuristic__shuffled/normalized_actions.jsonl,2766,19268a135477505586b8253a48fc580aeb6bcf37f793ee591027720561c2fb77
workspace_mirror/recovery/v3426/SPRINGFISH_V34_2_6_AEQ001_QUALIFICATION_CANDIDATE_2026_08_14/outputs/mirofish_offline_replay/matrix/direct_evidence__persona_heuristic__shuffled/profiles/reddit_profiles.json,17243,c26ad52fc0ba9bccc5717fbc24335888ce5cc92c23c31e57c364a48b12ddee35
workspace_mirror/recovery/v3426/SPRINGFISH_V34_2_6_AEQ001_QUALIFICATION_CANDIDATE_2026_08_14/outputs/mirofish_offline_replay/matrix/direct_evidence__persona_heuristic__shuffled/profiles/twitter_profiles.json,17966,f9d2126e6d1064565b5c57384e6faced1992c34a36dcaa1ae250b94d6185446a
workspace_mirror/recovery/v3426/SPRINGFISH_V34_2_6_AEQ001_QUALIFICATION_CANDIDATE_2026_08_14/outputs/mirofish_offline_replay/matrix/direct_evidence__persona_heuristic__shuffled/propagation.json,806,ab8f02e52f37ee0def6ee034975e947b082dd62a07494bca0f9ac798f74a9117
workspace_mirror/recovery/v3426/SPRINGFISH_V34_2_6_AEQ001_QUALIFICATION_CANDIDATE_2026_08_14/outputs/mirofish_offline_replay/matrix/direct_evidence__persona_heuristic__shuffled/raw_oasis_actions.jsonl,1151,87070ec82cc71e0d7e559af3769defd10289680a3ee5ec24af4218169271104a
workspace_mirror/recovery/v3426/SPRINGFISH_V34_2_6_AEQ001_QUALIFICATION_CANDIDATE_2026_08_14/outputs/mirofish_offline_replay/matrix/direct_evidence__persona_heuristic__shuffled/result.json,3125,eec912b162e5b3175c1836a260713dc9bbf1a992d8b86ded6894af69b35b0260
workspace_mirror/recovery/v3426/SPRINGFISH_V34_2_6_AEQ001_QUALIFICATION_CANDIDATE_2026_08_14/outputs/mirofish_offline_replay/matrix/direct_evidence__seeded_stochastic_rule__no_interaction/normalized_actions.jsonl,0,e3b0c44298fc1c149afbf4c8996fb92427ae41e4649b934ca495991b7852b855
workspace_mirror/recovery/v3426/SPRINGFISH_V34_2_6_AEQ001_QUALIFICATION_CANDIDATE_2026_08_14/outputs/mirofish_offline_replay/matrix/direct_evidence__seeded_stochastic_rule__no_interaction/profiles/reddit_profiles.json,17243,c26ad52fc0ba9bccc5717fbc24335888ce5cc92c23c31e57c364a48b12ddee35
workspace_mirror/recovery/v3426/SPRINGFISH_V34_2_6_AEQ001_QUALIFICATION_CANDIDATE_2026_08_14/outputs/mirofish_offline_replay/matrix/direct_evidence__seeded_stochastic_rule__no_interaction/profiles/twitter_profiles.json,17966,f9d2126e6d1064565b5c57384e6faced1992c34a36dcaa1ae250b94d6185446a
workspace_mirror/recovery/v3426/SPRINGFISH_V34_2_6_AEQ001_QUALIFICATION_CANDIDATE_2026_08_14/outputs/mirofish_offline_replay/matrix/direct_evidence__seeded_stochastic_rule__no_interaction/propagation.json,3,37517e5f3dc66819f61f5a7bb8ace1921282415f10551d2defa5c3eb0985b570
workspace_mirror/recovery/v3426/SPRINGFISH_V34_2_6_AEQ001_QUALIFICATION_CANDIDATE_2026_08_14/outputs/mirofish_offline_replay/matrix/direct_evidence__seeded_stochastic_rule__no_interaction/raw_oasis_actions.jsonl,0,e3b0c44298fc1c149afbf4c8996fb92427ae41e4649b934ca495991b7852b855
workspace_mirror/recovery/v3426/SPRINGFISH_V34_2_6_AEQ001_QUALIFICATION_CANDIDATE_2026_08_14/outputs/mirofish_offline_replay/matrix/direct_evidence__seeded_stochastic_rule__no_interaction/result.json,3115,692068bc9b65a121ae1517e99c0a01449874801749e8fb88b1d956b1c850a09f
workspace_mirror/recovery/v3426/SPRINGFISH_V34_2_6_AEQ001_QUALIFICATION_CANDIDATE_2026_08_14/outputs/mirofish_offline_replay/matrix/direct_evidence__seeded_stochastic_rule__observed/normalized_actions.jsonl,7394,51cb8cfc47740e0fe71532effe645cb034d792350760aa05523561825a94e8d2
workspace_mirror/recovery/v3426/SPRINGFISH_V34_2_6_AEQ001_QUALIFICATION_CANDIDATE_2026_08_14/outputs/mirofish_offline_replay/matrix/direct_evidence__seeded_stochastic_rule__observed/profiles/reddit_profiles.json,17243,c26ad52fc0ba9bccc5717fbc24335888ce5cc92c23c31e57c364a48b12ddee35
workspace_mirror/recovery/v3426/SPRINGFISH_V34_2_6_AEQ001_QUALIFICATION_CANDIDATE_2026_08_14/outputs/mirofish_offline_replay/matrix/direct_evidence__seeded_stochastic_rule__observed/profiles/twitter_profiles.json,17966,f9d2126e6d1064565b5c57384e6faced1992c34a36dcaa1ae250b94d6185446a
workspace_mirror/recovery/v3426/SPRINGFISH_V34_2_6_AEQ001_QUALIFICATION_CANDIDATE_2026_08_14/outputs/mirofish_offline_replay/matrix/direct_evidence__seeded_stochastic_rule__observed/propagation.json,2105,28085af9dedc1fc478dd704d35129487da086795771896d704b5a85ff1dd315f
workspace_mirror/recovery/v3426/SPRINGFISH_V34_2_6_AEQ001_QUALIFICATION_CANDIDATE_2026_08_14/outputs/mirofish_offline_replay/matrix/direct_evidence__seeded_stochastic_rule__observed/raw_oasis_actions.jsonl,3059,3ac6edac7a80137ef0395e31fecdaef25539e83a79dd0c668d29b6dfb8e581bd
workspace_mirror/recovery/v3426/SPRINGFISH_V34_2_6_AEQ001_QUALIFICATION_CANDIDATE_2026_08_14/outputs/mirofish_offline_replay/matrix/direct_evidence__seeded_stochastic_rule__observed/result.json,3119,117a3f37a6c5ca0f5adf16dbbdcf9d5add563532bdf89490c54326a1b8d60ea0
workspace_mirror/recovery/v3426/SPRINGFISH_V34_2_6_AEQ001_QUALIFICATION_CANDIDATE_2026_08_14/outputs/mirofish_offline_replay/matrix/direct_evidence__seeded_stochastic_rule__shuffled/normalized_actions.jsonl,7494,fe65325ea36c991425dec06a7270ece4ccc768da486f257db62d0c9476794dbe
workspace_mirror/recovery/v3426/SPRINGFISH_V34_2_6_AEQ001_QUALIFICATION_CANDIDATE_2026_08_14/outputs/mirofish_offline_replay/matrix/direct_evidence__seeded_stochastic_rule__shuffled/profiles/reddit_profiles.json,17243,c26ad52fc0ba9bccc5717fbc24335888ce5cc92c23c31e57c364a48b12ddee35
workspace_mirror/recovery/v3426/SPRINGFISH_V34_2_6_AEQ001_QUALIFICATION_CANDIDATE_2026_08_14/outputs/mirofish_offline_replay/matrix/direct_evidence__seeded_stochastic_rule__shuffled/profiles/twitter_profiles.json,17966,f9d2126e6d1064565b5c57384e6faced1992c34a36dcaa1ae250b94d6185446a
workspace_mirror/recovery/v3426/SPRINGFISH_V34_2_6_AEQ001_QUALIFICATION_CANDIDATE_2026_08_14/outputs/mirofish_offline_replay/matrix/direct_evidence__seeded_stochastic_rule__shuffled/propagation.json,2155,214791b9048ff71cb346c17730eb875a4c48b7981e30cf1b42477f4931fe8b08
workspace_mirror/recovery/v3426/SPRINGFISH_V34_2_6_AEQ001_QUALIFICATION_CANDIDATE_2026_08_14/outputs/mirofish_offline_replay/matrix/direct_evidence__seeded_stochastic_rule__shuffled/raw_oasis_actions.jsonl,3109,55dac391ac3b0b08d2149a12c3c043f59069129793572b196516b7246aec1e60
workspace_mirror/recovery/v3426/SPRINGFISH_V34_2_6_AEQ001_QUALIFICATION_CANDIDATE_2026_08_14/outputs/mirofish_offline_replay/matrix/direct_evidence__seeded_stochastic_rule__shuffled/result.json,3119,9bd3538f76a65fbf675096ce980632b813faabacaac63383cc5e174bf3e31b38
workspace_mirror/recovery/v3426/SPRINGFISH_V34_2_6_AEQ001_QUALIFICATION_CANDIDATE_2026_08_14/outputs/mirofish_offline_replay/matrix/unsupported_claim__deterministic_rule__no_interaction/normalized_actions.jsonl,0,e3b0c44298fc1c149afbf4c8996fb92427ae41e4649b934ca495991b7852b855
workspace_mirror/recovery/v3426/SPRINGFISH_V34_2_6_AEQ001_QUALIFICATION_CANDIDATE_2026_08_14/outputs/mirofish_offline_replay/matrix/unsupported_claim__deterministic_rule__no_interaction/profiles/reddit_profiles.json,17243,c26ad52fc0ba9bccc5717fbc24335888ce5cc92c23c31e57c364a48b12ddee35
workspace_mirror/recovery/v3426/SPRINGFISH_V34_2_6_AEQ001_QUALIFICATION_CANDIDATE_2026_08_14/outputs/mirofish_offline_replay/matrix/unsupported_claim__deterministic_rule__no_interaction/profiles/twitter_profiles.json,17966,f9d2126e6d1064565b5c57384e6faced1992c34a36dcaa1ae250b94d6185446a
workspace_mirror/recovery/v3426/SPRINGFISH_V34_2_6_AEQ001_QUALIFICATION_CANDIDATE_2026_08_14/outputs/mirofish_offline_replay/matrix/unsupported_claim__deterministic_rule__no_interaction/propagation.json,3,37517e5f3dc66819f61f5a7bb8ace1921282415f10551d2defa5c3eb0985b570
workspace_mirror/recovery/v3426/SPRINGFISH_V34_2_6_AEQ001_QUALIFICATION_CANDIDATE_2026_08_14/outputs/mirofish_offline_replay/matrix/unsupported_claim__deterministic_rule__no_interaction/raw_oasis_actions.jsonl,0,e3b0c44298fc1c149afbf4c8996fb92427ae41e4649b934ca495991b7852b855
workspace_mirror/recovery/v3426/SPRINGFISH_V34_2_6_AEQ001_QUALIFICATION_CANDIDATE_2026_08_14/outputs/mirofish_offline_replay/matrix/unsupported_claim__deterministic_rule__no_interaction/result.json,3113,47c944c25b56df2cadddf0edbba911b24038937be537cd63e4e11b7566ec235c
workspace_mirror/recovery/v3426/SPRINGFISH_V34_2_6_AEQ001_QUALIFICATION_CANDIDATE_2026_08_14/outputs/mirofish_offline_replay/matrix/unsupported_claim__deterministic_rule__observed/normalized_actions.jsonl,7163,73812d874ad264b7002e709cbe76b6d95c1c76700e879aedcb44f593d2feeb54
workspace_mirror/recovery/v3426/SPRINGFISH_V34_2_6_AEQ001_QUALIFICATION_CANDIDATE_2026_08_14/outputs/mirofish_offline_replay/matrix/unsupported_claim__deterministic_rule__observed/profiles/reddit_profiles.json,17243,c26ad52fc0ba9bccc5717fbc24335888ce5cc92c23c31e57c364a48b12ddee35
workspace_mirror/recovery/v3426/SPRINGFISH_V34_2_6_AEQ001_QUALIFICATION_CANDIDATE_2026_08_14/outputs/mirofish_offline_replay/matrix/unsupported_claim__deterministic_rule__observed/profiles/twitter_profiles.json,17966,f9d2126e6d1064565b5c57384e6faced1992c34a36dcaa1ae250b94d6185446a
workspace_mirror/recovery/v3426/SPRINGFISH_V34_2_6_AEQ001_QUALIFICATION_CANDIDATE_2026_08_14/outputs/mirofish_offline_replay/matrix/unsupported_claim__deterministic_rule__observed/propagation.json,2094,07cf238b931ac7c12ca11a85de7f2313399d36af515e7c68bcf9350841e51480
workspace_mirror/recovery/v3426/SPRINGFISH_V34_2_6_AEQ001_QUALIFICATION_CANDIDATE_2026_08_14/outputs/mirofish_offline_replay/matrix/unsupported_claim__deterministic_rule__observed/raw_oasis_actions.jsonl,2938,e9f6a228dede070607b4780e5bae07eb4aba6b4b2ada13d3a9692b7bb0542317
workspace_mirror/recovery/v3426/SPRINGFISH_V34_2_6_AEQ001_QUALIFICATION_CANDIDATE_2026_08_14/outputs/mirofish_offline_replay/matrix/unsupported_claim__deterministic_rule__observed/result.json,3102,d6f47134f9970fbc9f9f8f427d53efb1e5a05b47609acd3572a88a220e4eb3d4
workspace_mirror/recovery/v3426/SPRINGFISH_V34_2_6_AEQ001_QUALIFICATION_CANDIDATE_2026_08_14/outputs/mirofish_offline_replay/matrix/unsupported_claim__deterministic_rule__shuffled/normalized_actions.jsonl,7263,c1da91315e55d1468107b0939d98ecbadd2063f1097ad59b2bbe31fd7d1f55f9
workspace_mirror/recovery/v3426/SPRINGFISH_V34_2_6_AEQ001_QUALIFICATION_CANDIDATE_2026_08_14/outputs/mirofish_offline_replay/matrix/unsupported_claim__deterministic_rule__shuffled/profiles/reddit_profiles.json,17243,c26ad52fc0ba9bccc5717fbc24335888ce5cc92c23c31e57c364a48b12ddee35
workspace_mirror/recovery/v3426/SPRINGFISH_V34_2_6_AEQ001_QUALIFICATION_CANDIDATE_2026_08_14/outputs/mirofish_offline_replay/matrix/unsupported_claim__deterministic_rule__shuffled/profiles/twitter_profiles.json,17966,f9d2126e6d1064565b5c57384e6faced1992c34a36dcaa1ae250b94d6185446a
workspace_mirror/recovery/v3426/SPRINGFISH_V34_2_6_AEQ001_QUALIFICATION_CANDIDATE_2026_08_14/outputs/mirofish_offline_replay/matrix/unsupported_claim__deterministic_rule__shuffled/propagation.json,2144,2b32cef4b90486da9444001a7219e0424b3ca2108c76d20d0bf8b3596f37c8eb
workspace_mirror/recovery/v3426/SPRINGFISH_V34_2_6_AEQ001_QUALIFICATION_CANDIDATE_2026_08_14/outputs/mirofish_offline_replay/matrix/unsupported_claim__deterministic_rule__shuffled/raw_oasis_actions.jsonl,2988,903b8ac30da30a144bf25a6652373eb33e7b4baaea0b7bd64b68412cff8bfb6e
workspace_mirror/recovery/v3426/SPRINGFISH_V34_2_6_AEQ001_QUALIFICATION_CANDIDATE_2026_08_14/outputs/mirofish_offline_replay/matrix/unsupported_claim__deterministic_rule__shuffled/result.json,3102,cc557e7588aa3a94c3ac81001ba1bce4ab08bb431b76a3d215dcaa472ca89953
workspace_mirror/recovery/v3426/SPRINGFISH_V34_2_6_AEQ001_QUALIFICATION_CANDIDATE_2026_08_14/outputs/mirofish_offline_replay/matrix/unsupported_claim__persona_heuristic__no_interaction/normalized_actions.jsonl,0,e3b0c44298fc1c149afbf4c8996fb92427ae41e4649b934ca495991b7852b855
workspace_mirror/recovery/v3426/SPRINGFISH_V34_2_6_AEQ001_QUALIFICATION_CANDIDATE_2026_08_14/outputs/mirofish_offline_replay/matrix/unsupported_claim__persona_heuristic__no_interaction/profiles/reddit_profiles.json,17243,c26ad52fc0ba9bccc5717fbc24335888ce5cc92c23c31e57c364a48b12ddee35
workspace_mirror/recovery/v3426/SPRINGFISH_V34_2_6_AEQ001_QUALIFICATION_CANDIDATE_2026_08_14/outputs/mirofish_offline_replay/matrix/unsupported_claim__persona_heuristic__no_interaction/profiles/twitter_profiles.json,17966,f9d2126e6d1064565b5c57384e6faced1992c34a36dcaa1ae250b94d6185446a
workspace_mirror/recovery/v3426/SPRINGFISH_V34_2_6_AEQ001_QUALIFICATION_CANDIDATE_2026_08_14/outputs/mirofish_offline_replay/matrix/unsupported_claim__persona_heuristic__no_interaction/propagation.json,3,37517e5f3dc66819f61f5a7bb8ace1921282415f10551d2defa5c3eb0985b570
workspace_mirror/recovery/v3426/SPRINGFISH_V34_2_6_AEQ001_QUALIFICATION_CANDIDATE_2026_08_14/outputs/mirofish_offline_replay/matrix/unsupported_claim__persona_heuristic__no_interaction/raw_oasis_actions.jsonl,0,e3b0c44298fc1c149afbf4c8996fb92427ae41e4649b934ca495991b7852b855
workspace_mirror/recovery/v3426/SPRINGFISH_V34_2_6_AEQ001_QUALIFICATION_CANDIDATE_2026_08_14/outputs/mirofish_offline_replay/matrix/unsupported_claim__persona_heuristic__no_interaction/result.json,3112,cd7d4447f0d5f75b4bc1e1b6469418b5ca59a28b2a75de1cb7d60d219074e65e
workspace_mirror/recovery/v3426/SPRINGFISH_V34_2_6_AEQ001_QUALIFICATION_CANDIDATE_2026_08_14/outputs/mirofish_offline_replay/matrix/unsupported_claim__persona_heuristic__observed/normalized_actions.jsonl,7163,73812d874ad264b7002e709cbe76b6d95c1c76700e879aedcb44f593d2feeb54
workspace_mirror/recovery/v3426/SPRINGFISH_V34_2_6_AEQ001_QUALIFICATION_CANDIDATE_2026_08_14/outputs/mirofish_offline_replay/matrix/unsupported_claim__persona_heuristic__observed/profiles/reddit_profiles.json,17243,c26ad52fc0ba9bccc5717fbc24335888ce5cc92c23c31e57c364a48b12ddee35
workspace_mirror/recovery/v3426/SPRINGFISH_V34_2_6_AEQ001_QUALIFICATION_CANDIDATE_2026_08_14/outputs/mirofish_offline_replay/matrix/unsupported_claim__persona_heuristic__observed/profiles/twitter_profiles.json,17966,f9d2126e6d1064565b5c57384e6faced1992c34a36dcaa1ae250b94d6185446a
workspace_mirror/recovery/v3426/SPRINGFISH_V34_2_6_AEQ001_QUALIFICATION_CANDIDATE_2026_08_14/outputs/mirofish_offline_replay/matrix/unsupported_claim__persona_heuristic__observed/propagation.json,2094,07cf238b931ac7c12ca11a85de7f2313399d36af515e7c68bcf9350841e51480
workspace_mirror/recovery/v3426/SPRINGFISH_V34_2_6_AEQ001_QUALIFICATION_CANDIDATE_2026_08_14/outputs/mirofish_offline_replay/matrix/unsupported_claim__persona_heuristic__observed/raw_oasis_actions.jsonl,2938,e9f6a228dede070607b4780e5bae07eb4aba6b4b2ada13d3a9692b7bb0542317
workspace_mirror/recovery/v3426/SPRINGFISH_V34_2_6_AEQ001_QUALIFICATION_CANDIDATE_2026_08_14/outputs/mirofish_offline_replay/matrix/unsupported_claim__persona_heuristic__observed/result.json,3101,ac6f804e7fbd5194db9d97c33d5905c72827835be6e3a7eac27179a31d05a906
workspace_mirror/recovery/v3426/SPRINGFISH_V34_2_6_AEQ001_QUALIFICATION_CANDIDATE_2026_08_14/outputs/mirofish_offline_replay/matrix/unsupported_claim__persona_heuristic__shuffled/normalized_actions.jsonl,2682,1a60fbfbf154dce41b0f21372c222edb5e7f869b2982c8fe668c3b70aae78ee8
workspace_mirror/recovery/v3426/SPRINGFISH_V34_2_6_AEQ001_QUALIFICATION_CANDIDATE_2026_08_14/outputs/mirofish_offline_replay/matrix/unsupported_claim__persona_heuristic__shuffled/profiles/reddit_profiles.json,17243,c26ad52fc0ba9bccc5717fbc24335888ce5cc92c23c31e57c364a48b12ddee35
workspace_mirror/recovery/v3426/SPRINGFISH_V34_2_6_AEQ001_QUALIFICATION_CANDIDATE_2026_08_14/outputs/mirofish_offline_replay/matrix/unsupported_claim__persona_heuristic__shuffled/profiles/twitter_profiles.json,17966,f9d2126e6d1064565b5c57384e6faced1992c34a36dcaa1ae250b94d6185446a
workspace_mirror/recovery/v3426/SPRINGFISH_V34_2_6_AEQ001_QUALIFICATION_CANDIDATE_2026_08_14/outputs/mirofish_offline_replay/matrix/unsupported_claim__persona_heuristic__shuffled/propagation.json,802,c70b0739014b668c75a42f36c53a6faf221edfe72265b398b02e9811e7fe13bc
workspace_mirror/recovery/v3426/SPRINGFISH_V34_2_6_AEQ001_QUALIFICATION_CANDIDATE_2026_08_14/outputs/mirofish_offline_replay/matrix/unsupported_claim__persona_heuristic__shuffled/raw_oasis_actions.jsonl,1107,da2ea878296dd4b691159f834aef71e7613882cd50b95b34cdaee8dfc84b6828
workspace_mirror/recovery/v3426/SPRINGFISH_V34_2_6_AEQ001_QUALIFICATION_CANDIDATE_2026_08_14/outputs/mirofish_offline_replay/matrix/unsupported_claim__persona_heuristic__shuffled/result.json,3127,e5dd6e901315168c3032df05297acf0d8a3fa0452f79f4fbdb96795dbb12f98a
workspace_mirror/recovery/v3426/SPRINGFISH_V34_2_6_AEQ001_QUALIFICATION_CANDIDATE_2026_08_14/outputs/mirofish_offline_replay/matrix/unsupported_claim__seeded_stochastic_rule__no_interaction/normalized_actions.jsonl,0,e3b0c44298fc1c149afbf4c8996fb92427ae41e4649b934ca495991b7852b855
workspace_mirror/recovery/v3426/SPRINGFISH_V34_2_6_AEQ001_QUALIFICATION_CANDIDATE_2026_08_14/outputs/mirofish_offline_replay/matrix/unsupported_claim__seeded_stochastic_rule__no_interaction/profiles/reddit_profiles.json,17243,c26ad52fc0ba9bccc5717fbc24335888ce5cc92c23c31e57c364a48b12ddee35
workspace_mirror/recovery/v3426/SPRINGFISH_V34_2_6_AEQ001_QUALIFICATION_CANDIDATE_2026_08_14/outputs/mirofish_offline_replay/matrix/unsupported_claim__seeded_stochastic_rule__no_interaction/profiles/twitter_profiles.json,17966,f9d2126e6d1064565b5c57384e6faced1992c34a36dcaa1ae250b94d6185446a
workspace_mirror/recovery/v3426/SPRINGFISH_V34_2_6_AEQ001_QUALIFICATION_CANDIDATE_2026_08_14/outputs/mirofish_offline_replay/matrix/unsupported_claim__seeded_stochastic_rule__no_interaction/propagation.json,3,37517e5f3dc66819f61f5a7bb8ace1921282415f10551d2defa5c3eb0985b570
workspace_mirror/recovery/v3426/SPRINGFISH_V34_2_6_AEQ001_QUALIFICATION_CANDIDATE_2026_08_14/outputs/mirofish_offline_replay/matrix/unsupported_claim__seeded_stochastic_rule__no_interaction/raw_oasis_actions.jsonl,0,e3b0c44298fc1c149afbf4c8996fb92427ae41e4649b934ca495991b7852b855
workspace_mirror/recovery/v3426/SPRINGFISH_V34_2_6_AEQ001_QUALIFICATION_CANDIDATE_2026_08_14/outputs/mirofish_offline_replay/matrix/unsupported_claim__seeded_stochastic_rule__no_interaction/result.json,3117,7a4fca16fdebf9680c3ec0ad91e716b47230521d0a4190370e1144b441cc9304
workspace_mirror/recovery/v3426/SPRINGFISH_V34_2_6_AEQ001_QUALIFICATION_CANDIDATE_2026_08_14/outputs/mirofish_offline_replay/matrix/unsupported_claim__seeded_stochastic_rule__observed/normalized_actions.jsonl,7163,73812d874ad264b7002e709cbe76b6d95c1c76700e879aedcb44f593d2feeb54
workspace_mirror/recovery/v3426/SPRINGFISH_V34_2_6_AEQ001_QUALIFICATION_CANDIDATE_2026_08_14/outputs/mirofish_offline_replay/matrix/unsupported_claim__seeded_stochastic_rule__observed/profiles/reddit_profiles.json,17243,c26ad52fc0ba9bccc5717fbc24335888ce5cc92c23c31e57c364a48b12ddee35
workspace_mirror/recovery/v3426/SPRINGFISH_V34_2_6_AEQ001_QUALIFICATION_CANDIDATE_2026_08_14/outputs/mirofish_offline_replay/matrix/unsupported_claim__seeded_stochastic_rule__observed/profiles/twitter_profiles.json,17966,f9d2126e6d1064565b5c57384e6faced1992c34a36dcaa1ae250b94d6185446a
workspace_mirror/recovery/v3426/SPRINGFISH_V34_2_6_AEQ001_QUALIFICATION_CANDIDATE_2026_08_14/outputs/mirofish_offline_replay/matrix/unsupported_claim__seeded_stochastic_rule__observed/propagation.json,2094,07cf238b931ac7c12ca11a85de7f2313399d36af515e7c68bcf9350841e51480
workspace_mirror/recovery/v3426/SPRINGFISH_V34_2_6_AEQ001_QUALIFICATION_CANDIDATE_2026_08_14/outputs/mirofish_offline_replay/matrix/unsupported_claim__seeded_stochastic_rule__observed/raw_oasis_actions.jsonl,2938,e9f6a228dede070607b4780e5bae07eb4aba6b4b2ada13d3a9692b7bb0542317
workspace_mirror/recovery/v3426/SPRINGFISH_V34_2_6_AEQ001_QUALIFICATION_CANDIDATE_2026_08_14/outputs/mirofish_offline_replay/matrix/unsupported_claim__seeded_stochastic_rule__observed/result.json,3106,f0442a30428fa7154eca830de15ba70622e2df52578a5ae90ff42738c0cfa0aa
workspace_mirror/recovery/v3426/SPRINGFISH_V34_2_6_AEQ001_QUALIFICATION_CANDIDATE_2026_08_14/outputs/mirofish_offline_replay/matrix/unsupported_claim__seeded_stochastic_rule__shuffled/normalized_actions.jsonl,7263,c1da91315e55d1468107b0939d98ecbadd2063f1097ad59b2bbe31fd7d1f55f9
workspace_mirror/recovery/v3426/SPRINGFISH_V34_2_6_AEQ001_QUALIFICATION_CANDIDATE_2026_08_14/outputs/mirofish_offline_replay/matrix/unsupported_claim__seeded_stochastic_rule__shuffled/profiles/reddit_profiles.json,17243,c26ad52fc0ba9bccc5717fbc24335888ce5cc92c23c31e57c364a48b12ddee35
workspace_mirror/recovery/v3426/SPRINGFISH_V34_2_6_AEQ001_QUALIFICATION_CANDIDATE_2026_08_14/outputs/mirofish_offline_replay/matrix/unsupported_claim__seeded_stochastic_rule__shuffled/profiles/twitter_profiles.json,17966,f9d2126e6d1064565b5c57384e6faced1992c34a36dcaa1ae250b94d6185446a
workspace_mirror/recovery/v3426/SPRINGFISH_V34_2_6_AEQ001_QUALIFICATION_CANDIDATE_2026_08_14/outputs/mirofish_offline_replay/matrix/unsupported_claim__seeded_stochastic_rule__shuffled/propagation.json,2144,2b32cef4b90486da9444001a7219e0424b3ca2108c76d20d0bf8b3596f37c8eb
workspace_mirror/recovery/v3426/SPRINGFISH_V34_2_6_AEQ001_QUALIFICATION_CANDIDATE_2026_08_14/outputs/mirofish_offline_replay/matrix/unsupported_claim__seeded_stochastic_rule__shuffled/raw_oasis_actions.jsonl,2988,903b8ac30da30a144bf25a6652373eb33e7b4baaea0b7bd64b68412cff8bfb6e
workspace_mirror/recovery/v3426/SPRINGFISH_V34_2_6_AEQ001_QUALIFICATION_CANDIDATE_2026_08_14/outputs/mirofish_offline_replay/matrix/unsupported_claim__seeded_stochastic_rule__shuffled/result.json,3106,581c25fe5ddfb6a88591f2038b9b54e75b2833f6b38ccffccdb83b0ad3bbcc0f
workspace_mirror/recovery/v3426/SPRINGFISH_V34_2_6_AEQ001_QUALIFICATION_CANDIDATE_2026_08_14/pyproject.toml,850,a29eb20581d692199e822c4b64676260902740b24d33ab7490e23b62d3d851e4
workspace_mirror/recovery/v3426/SPRINGFISH_V34_2_6_AEQ001_QUALIFICATION_CANDIDATE_2026_08_14/release_consolidation/CANONICAL_PROMOTION_DECISION.md,2018,b90edb0b77d87988bdc346977cfb640901c52041b34fcd659446c5571bd377a9
workspace_mirror/recovery/v3426/SPRINGFISH_V34_2_6_AEQ001_QUALIFICATION_CANDIDATE_2026_08_14/release_consolidation/THE_SPRING_LOADED_DOOR_MASTER_SYNTHESIS_V34_2_6_AEQ001_QUALIFICATION_CANDIDATE_AUGUST_2026.md,1580993,5a428207f1d222bc202a648594e38344f0fbf5cb0d52f1637a57d5ffc170562d
workspace_mirror/recovery/v3426/SPRINGFISH_V34_2_6_AEQ001_QUALIFICATION_CANDIDATE_2026_08_14/release_consolidation/V34_2_TO_V34_2_6_MERGE_DECISION_REGISTER.csv,1150,00c7cd2f34f448d88725379c920bd159e4d2eab9546403aa71b9f710253f902b
workspace_mirror/recovery/v3426/SPRINGFISH_V34_2_6_AEQ001_QUALIFICATION_CANDIDATE_2026_08_14/repair_v21d_runtime.py,4178,af23253c5aac3d2a7cb56a636533920caa286ca14cd5a5d25c3043909ef79906
workspace_mirror/recovery/v3426/SPRINGFISH_V34_2_6_AEQ001_QUALIFICATION_CANDIDATE_2026_08_14/requirements.txt,89,3036f3de750bc5a4d870efd5bcf6d1c3f7f9121379dc4759df7f7383946812b0
workspace_mirror/recovery/v3426/SPRINGFISH_V34_2_6_AEQ001_QUALIFICATION_CANDIDATE_2026_08_14/run_aeq001_qualification.py,2219,2d03d96c56ec337f70839d9da61d8c62be17af31e38b35528d1b49ce0f40565f
workspace_mirror/recovery/v3426/SPRINGFISH_V34_2_6_AEQ001_QUALIFICATION_CANDIDATE_2026_08_14/run_external_qualification.py,1800,f3e6f96cd2caa77aa7f53b941c41f794b25112082daf090ba1239706176a401e
workspace_mirror/recovery/v3426/SPRINGFISH_V34_2_6_AEQ001_QUALIFICATION_CANDIDATE_2026_08_14/run_mirofish_bridge_checkpoint.py,1526,2ca73093dbb8d44446ee50d23051377b645bb61d8610590de79f39a4b6d2f5da
workspace_mirror/recovery/v3426/SPRINGFISH_V34_2_6_AEQ001_QUALIFICATION_CANDIDATE_2026_08_14/springfish/__init__.py,129,c852b19273e731430e866d363fa7409b496e1a3ef5662ac9599ca56f0950a232
workspace_mirror/recovery/v3426/SPRINGFISH_V34_2_6_AEQ001_QUALIFICATION_CANDIDATE_2026_08_14/springfish/adapters.py,4396,2191c97145dadd6089c2b69e022e186ae1c254c5f23fce53c23656492be9935e
workspace_mirror/recovery/v3426/SPRINGFISH_V34_2_6_AEQ001_QUALIFICATION_CANDIDATE_2026_08_14/springfish/aeq001.py,3479,6f981fcaf5a60e5e18022a950db6c0405be4b4d62f818f81c4f223aa7233ca8e
workspace_mirror/recovery/v3426/SPRINGFISH_V34_2_6_AEQ001_QUALIFICATION_CANDIDATE_2026_08_14/springfish/architected_extraction.py,38275,1af8901aae3c6a10786f84cbd7c97dfc9780ec5334167af6fc02fc0cf6284bf0
workspace_mirror/recovery/v3426/SPRINGFISH_V34_2_6_AEQ001_QUALIFICATION_CANDIDATE_2026_08_14/springfish/architected_extraction_intake.py,24638,c3e24540ba7347cd78b26e0b45f223f5f920fdf7a728029805fb8e8b1c8ebaf4
workspace_mirror/recovery/v3426/SPRINGFISH_V34_2_6_AEQ001_QUALIFICATION_CANDIDATE_2026_08_14/springfish/bridge.py,2857,fd6c37b7fda4102ec879101eaf21bc59d2937d546ddb2e4bf8c30f051724453a
workspace_mirror/recovery/v3426/SPRINGFISH_V34_2_6_AEQ001_QUALIFICATION_CANDIDATE_2026_08_14/springfish/cadcad_runner.py,2745,253e8ca4ff87e17a30e844d1a8b8e35399695b652060288ccbcda2d151bb001a
workspace_mirror/recovery/v3426/SPRINGFISH_V34_2_6_AEQ001_QUALIFICATION_CANDIDATE_2026_08_14/springfish/cli.py,15722,5a7b87a167c7dd2fce054af29e4582e964755605ee0f66020828f003a496550a
workspace_mirror/recovery/v3426/SPRINGFISH_V34_2_6_AEQ001_QUALIFICATION_CANDIDATE_2026_08_14/springfish/config.py,2424,22f5d55699a0870502fdd3be3e1d202a11735f0571cb3be966caa3a4a7ba368f
workspace_mirror/recovery/v3426/SPRINGFISH_V34_2_6_AEQ001_QUALIFICATION_CANDIDATE_2026_08_14/springfish/endogenous.py,28634,da72e2f281fca85b10c283e85b72a3750572ba7463aabf125a042efa8aeffac1
workspace_mirror/recovery/v3426/SPRINGFISH_V34_2_6_AEQ001_QUALIFICATION_CANDIDATE_2026_08_14/springfish/endogenous_llm.py,7963,8b92813c0dde3249719144c0f1eef0d0ee53502c62b0980d6e5adc786859213b
workspace_mirror/recovery/v3426/SPRINGFISH_V34_2_6_AEQ001_QUALIFICATION_CANDIDATE_2026_08_14/springfish/environments.py,1860,30303106bb2d266fe24ab9f629da8874c5aeffb6fbe9c2c63535cf9dbb8762c0
workspace_mirror/recovery/v3426/SPRINGFISH_V34_2_6_AEQ001_QUALIFICATION_CANDIDATE_2026_08_14/springfish/external_qualification.py,20449,ed4604734df558620da45ea47f18bdfcfe191b371ff7edb2baeb1b6c80a6f481
workspace_mirror/recovery/v3426/SPRINGFISH_V34_2_6_AEQ001_QUALIFICATION_CANDIDATE_2026_08_14/springfish/game.py,3451,1a14704ac1e26498cb2f4d27218e5efdd1c24d080eac3e99c76a464b7f07147e
workspace_mirror/recovery/v3426/SPRINGFISH_V34_2_6_AEQ001_QUALIFICATION_CANDIDATE_2026_08_14/springfish/graph.py,5130,f53f33bb9ddf8dcef479fedeed887b51e0b0d7e9c2c50f563a3eb9ddb5d962d9
workspace_mirror/recovery/v3426/SPRINGFISH_V34_2_6_AEQ001_QUALIFICATION_CANDIDATE_2026_08_14/springfish/llm.py,6402,2363de33eed8ee1748eb897ef62007d660f31f8b8a3f7c7797ac70fb83a44f2e
workspace_mirror/recovery/v3426/SPRINGFISH_V34_2_6_AEQ001_QUALIFICATION_CANDIDATE_2026_08_14/springfish/memory.py,3439,14b04c3dc9ed61b47a3f6b3054fb265ce11ad6b7efc2056bf1dec0c3745abe0b
workspace_mirror/recovery/v3426/SPRINGFISH_V34_2_6_AEQ001_QUALIFICATION_CANDIDATE_2026_08_14/springfish/mirofish_gate.py,5553,3cf8c8445e828e24702a5e8529dc3b7fde1e8408a3ba1f972be1396f7bdf8a0e
workspace_mirror/recovery/v3426/SPRINGFISH_V34_2_6_AEQ001_QUALIFICATION_CANDIDATE_2026_08_14/springfish/mirofish_replay.py,16604,0167815cb3da55b0ed22fdbc27c4952a2aa2660cb1903eb3f322a37b85274d70
workspace_mirror/recovery/v3426/SPRINGFISH_V34_2_6_AEQ001_QUALIFICATION_CANDIDATE_2026_08_14/springfish/oasis_import.py,2257,eb1234dbd0e32d1d52b4c79ef27dc6eee8df4cccc7e1ef6ccf955cdef7a0705a
workspace_mirror/recovery/v3426/SPRINGFISH_V34_2_6_AEQ001_QUALIFICATION_CANDIDATE_2026_08_14/springfish/persona.py,2746,e8aa5ec68f22aa6d452048d565517b95bf375e7048b706b1542c7d56457468a3
workspace_mirror/recovery/v3426/SPRINGFISH_V34_2_6_AEQ001_QUALIFICATION_CANDIDATE_2026_08_14/springfish/report.py,2240,508b5c5736af30db1417c63326085d77ac60da37779c8f90dfb066e17811b0c6
workspace_mirror/recovery/v3426/SPRINGFISH_V34_2_6_AEQ001_QUALIFICATION_CANDIDATE_2026_08_14/springfish/rq621_bridge.py,4584,6342c1519045df45c3dcc8d247a873334804186b6680c0130eb2b185230ebb2d
workspace_mirror/recovery/v3426/SPRINGFISH_V34_2_6_AEQ001_QUALIFICATION_CANDIDATE_2026_08_14/springfish/rq621_c1_evidence.py,2308,d3f847f0c0616b7d72084cbe0dbb668f4f53235111e36caf251b7d84e81e4dbf
workspace_mirror/recovery/v3426/SPRINGFISH_V34_2_6_AEQ001_QUALIFICATION_CANDIDATE_2026_08_14/springfish/rq621_shadow.py,3774,f41b09ea8f1558b811cbf0e5e5b7c527ae567681fd67a90acbcbdc0a10b33a19
workspace_mirror/recovery/v3426/SPRINGFISH_V34_2_6_AEQ001_QUALIFICATION_CANDIDATE_2026_08_14/springfish/scheduler.py,571,a19af8ebc3949b5cfb4e1bb0305967a6e4a7abc501b213069bc25ecb5aaa4b36
workspace_mirror/recovery/v3426/SPRINGFISH_V34_2_6_AEQ001_QUALIFICATION_CANDIDATE_2026_08_14/springfish/schemas.py,2066,0afaf8dab408eba52254ea9aea4e961ac90e1ad8419210b2ddca46e255581b4d
workspace_mirror/recovery/v3426/SPRINGFISH_V34_2_6_AEQ001_QUALIFICATION_CANDIDATE_2026_08_14/springfish/simulation.py,19169,c5360a819464e861f3c007bb57c6c741c251cd7bd7c22d9934e7f07829ca2ba4
workspace_mirror/recovery/v3426/SPRINGFISH_V34_2_6_AEQ001_QUALIFICATION_CANDIDATE_2026_08_14/tests/test_aeq001.py,1737,b934e0ec2d61c64cd6f2e80a8b25aa4325d62cdd7b52e0d68995281c6a43ee96
workspace_mirror/recovery/v3426/SPRINGFISH_V34_2_6_AEQ001_QUALIFICATION_CANDIDATE_2026_08_14/tests/test_architected_extraction.py,10014,202e000bf2827518c0f714e97b3f9c6d3900b00f0324f1726343edb7be4aaacc
workspace_mirror/recovery/v3426/SPRINGFISH_V34_2_6_AEQ001_QUALIFICATION_CANDIDATE_2026_08_14/tests/test_architected_extraction_intake.py,12493,05020e22db5118a8c8609c154afc8ff423cecbdf9104097cc7266557259bca63
workspace_mirror/recovery/v3426/SPRINGFISH_V34_2_6_AEQ001_QUALIFICATION_CANDIDATE_2026_08_14/tests/test_cli_integration.py,4042,18eeaa18025e095717306f552a4148c62cdda744567b96ce64326bb25c411fb2
workspace_mirror/recovery/v3426/SPRINGFISH_V34_2_6_AEQ001_QUALIFICATION_CANDIDATE_2026_08_14/tests/test_endogenous.py,1534,95b8a9d561a23326cc4fc9a81fe1d04e4a1f6235bd914e479fa2b3d8da1b0db4
workspace_mirror/recovery/v3426/SPRINGFISH_V34_2_6_AEQ001_QUALIFICATION_CANDIDATE_2026_08_14/tests/test_external_qualification.py,10342,d576c7c337c271491a41b25194a9607725c8641fa099f8ed6e567afb725eee48
workspace_mirror/recovery/v3426/SPRINGFISH_V34_2_6_AEQ001_QUALIFICATION_CANDIDATE_2026_08_14/tests/test_game.py,784,50349bc3cc30d9c591772b4bae4afa96a286ad1ba15d88b880f67e2ed9737f55
workspace_mirror/recovery/v3426/SPRINGFISH_V34_2_6_AEQ001_QUALIFICATION_CANDIDATE_2026_08_14/tests/test_graph.py,1001,efcaf5a4c18e7c7f1dcb64664e9d6440328258cab8172dc502bd5517f5d8dcdd
workspace_mirror/recovery/v3426/SPRINGFISH_V34_2_6_AEQ001_QUALIFICATION_CANDIDATE_2026_08_14/tests/test_integration_layers.py,1804,d75c58b9daeb761f21fde72675ba8157d1cb0f44dbc8dcafecbaedf50514ff54
workspace_mirror/recovery/v3426/SPRINGFISH_V34_2_6_AEQ001_QUALIFICATION_CANDIDATE_2026_08_14/tests/test_memory.py,1294,536e9d4445e70389a2c836fc6f32c9510d9d9c1977a54a4db06629b345547342
workspace_mirror/recovery/v3426/SPRINGFISH_V34_2_6_AEQ001_QUALIFICATION_CANDIDATE_2026_08_14/tests/test_mirofish_gate.py,1726,e4071a7c104b71d549758293f16b7cd97007fefd202e9428039516f4d213c4f7
workspace_mirror/recovery/v3426/SPRINGFISH_V34_2_6_AEQ001_QUALIFICATION_CANDIDATE_2026_08_14/tests/test_mirofish_replay.py,2838,a931f56c7bcdfd747ad52a74c551aa7e6a3caa3dbc41432f7fe4cb108e868ac8
workspace_mirror/recovery/v3426/SPRINGFISH_V34_2_6_AEQ001_QUALIFICATION_CANDIDATE_2026_08_14/tests/test_oasis_import.py,469,7dff46a1e4be33ff2fb4788fc31b82ea3d7d8b596204b0ee97f7719e437ffe29
workspace_mirror/recovery/v3426/SPRINGFISH_V34_2_6_AEQ001_QUALIFICATION_CANDIDATE_2026_08_14/tests/test_persona_bridge.py,745,074429408ff5d10f64b836743db96f46ffd868b9b64a9e8a810d25bce699f652
workspace_mirror/recovery/v3426/SPRINGFISH_V34_2_6_AEQ001_QUALIFICATION_CANDIDATE_2026_08_14/tests/test_rq621_bridge.py,4217,3b011b0d908c85259f5308480922452e16c16bf3e0ddaf115d566a866c7ccca0
workspace_mirror/recovery/v3426/SPRINGFISH_V34_2_6_AEQ001_QUALIFICATION_CANDIDATE_2026_08_14/tests/test_rq621_c1_evidence.py,2886,9bb29d162c5e2faac1bb854832f25e2f2fdb91e983bafa9b9edd5b24032284ed
workspace_mirror/recovery/v3426/SPRINGFISH_V34_2_6_AEQ001_QUALIFICATION_CANDIDATE_2026_08_14/tests/test_rq621_shadow.py,2732,c11ca01fcbc7f7e9ac2001ce594f8e18bb0f02d764d3a841753fde68983d17fe
workspace_mirror/recovery/v3426/SPRINGFISH_V34_2_6_AEQ001_QUALIFICATION_CANDIDATE_2026_08_14/tests/test_simulation.py,610,7e00cdc05b697f0020b73f19981880f720753d01a1f67199eb5cfe5798ba5778
workspace_mirror/recovery/v3426/SPRINGFISH_V34_2_6_AEQ001_QUALIFICATION_CANDIDATE_2026_08_14/tests/test_study007e_adapter.py,689,79614225099f807a5ad83de61fec02712d3d01108cfd102cde7efaf4cb3f0839
workspace_mirror/recovery/v3426/SPRINGFISH_V34_2_6_AEQ001_QUALIFICATION_CANDIDATE_2026_08_14/tests/test_study_007f_adapter.py,682,81631f35ec0621d1df747a30eef30ec28f19cf2356b3398020a07a45bd2b6464
workspace_mirror/recovery/v3426/SPRINGFISH_V34_2_6_AEQ001_QUALIFICATION_CANDIDATE_2026_08_14/tests/test_study_007g_adapter.py,596,74ad506ff234c93385a70321e9e4016cb10e05e45b743df684167981b115d6d0
workspace_mirror/recovery/v3426/SPRINGFISH_V34_2_6_AEQ001_QUALIFICATION_CANDIDATE_2026_08_14/tests/test_study_007h_adapter.py,902,0bde0b7af7bfe69be7c7e485deca6106038ec2b9fc05e44692a65c0ded538706
workspace_mirror/recovery/v3426/SPRINGFISH_V34_2_6_AEQ001_QUALIFICATION_CANDIDATE_2026_08_14/tests/test_transition.py,1196,93450ee99acddafeff1a566d1010374f098e0946bf60a1eb73650dfb2cbbe338
workspace_mirror/recovery/v3426/SPRINGFISH_V34_2_6_AEQ001_QUALIFICATION_CANDIDATE_2026_08_14/validate_aeq001_release.py,2546,f091388d7c42f6533919371b58c05a5073c9191a27880fcd24fe359a31a95f02
workspace_mirror/recovery/v3426/SPRINGFISH_V34_2_6_AEQ001_QUALIFICATION_CANDIDATE_2026_08_14/validate_external_qualification_release.py,5642,b718a584cebbc446c4c4e758a63946a65587f437d3497aecbf1fba22f95449bc
workspace_mirror/recovery/v3426/SPRINGFISH_V34_2_6_AEQ001_QUALIFICATION_CANDIDATE_2026_08_14/validate_mirofish_bridge.py,6429,38b42b61d75d34edebbe669225d475110489c932d4c6bca0aa58a7d48f4aa129
workspace_mirror/recovery/v3426/SPRINGFISH_V34_2_6_AEQ001_QUALIFICATION_CANDIDATE_2026_08_14/validation/BETA3_VALIDATION.json,1488,d312873107b1e378521078a78b8a56546030d877888aecef9f1af1f02c431e27
workspace_mirror/recovery/v3426/SPRINGFISH_V34_2_6_AEQ001_QUALIFICATION_CANDIDATE_2026_08_14/validation/DEFAULT_BASELINE_INVARIANCE.csv,672,14029a0f9c41b51e0b5157274489c7b75d7583b42452371b7d2a26e9b93350b5
workspace_mirror/recovery/v3426/SPRINGFISH_V34_2_6_AEQ001_QUALIFICATION_CANDIDATE_2026_08_14/validation/LEGACY_OBSERVER_INVARIANCE.csv,127,b4576453307232847293aefe5f68a940af494fc6525acdc2f5630972bd87da34
workspace_mirror/recovery/v3426/SPRINGFISH_V34_2_6_AEQ001_QUALIFICATION_CANDIDATE_2026_08_14/validation/PROMOTION_GATES.csv,1420,e82e21fd680b337d175b953aec7091a68ba642d3f527bfc4287e2205ec243b59
workspace_mirror/recovery/v3426/SPRINGFISH_V34_2_6_AEQ001_QUALIFICATION_CANDIDATE_2026_08_14/validation/PYTEST_OUTPUT.txt,704,12368ea7648d3edc813ba38388404854788d96467b64a8962d969ab5d39dfa3b
workspace_mirror/recovery/v3426/SPRINGFISH_V34_2_6_AEQ001_QUALIFICATION_CANDIDATE_2026_08_14/validation/RELEASE_GATES.csv,972,a24da5690d382209148e1c8c916fb228e9ca5acfd5d8585dc850f39ef33f556f
workspace_mirror/recovery/v3426/SPRINGFISH_V34_2_6_AEQ001_QUALIFICATION_CANDIDATE_2026_08_14/validation/STUDY008B_ADMISSION_VALIDATION.json,2097,2a2e7a736f875d9723d8e6d103431711ba6a192048bb9250c0cfe331b27c6a71
workspace_mirror/recovery/v3426/SPRINGFISH_V34_2_6_AEQ001_QUALIFICATION_CANDIDATE_2026_08_14/validation/STUDY008B_BANGLADESH_UNPOPULATED_AUDIT.json,5238,38064787a83640fee1b9ce3c7e4c08d6862e2dbc8c6f3bedb2fb5a1a29f2078e
workspace_mirror/recovery/v3426/SPRINGFISH_V34_2_6_AEQ001_QUALIFICATION_CANDIDATE_2026_08_14/validation/STUDY008B_CLEAN_EXTRACTION_OUTPUT.txt,6350,96546d4bd42c6b4f52a50f7ce8d414eb97af413096f1b0b4ff89710490449437
workspace_mirror/recovery/v3426/SPRINGFISH_V34_2_6_AEQ001_QUALIFICATION_CANDIDATE_2026_08_14/validation/STUDY008B_EXACT_REPLAY.json,612,d26c6e36d12c208f25b6bc5593be5bd38694477c3c7af77696b9e6d03975c487
workspace_mirror/recovery/v3426/SPRINGFISH_V34_2_6_AEQ001_QUALIFICATION_CANDIDATE_2026_08_14/validation/STUDY008B_PRIOR_CANDIDATE_INVARIANCE.csv,38104,b0588736662752d1052ba1e42dac54974cfe043458ce278438fa6563189c4322
workspace_mirror/recovery/v3426/SPRINGFISH_V34_2_6_AEQ001_QUALIFICATION_CANDIDATE_2026_08_14/validation/STUDY008B_PYTEST_OUTPUT.txt,767,8bd89579f13f19accdf48bcd7f8265091ec65d70068445ca0425e3ea960adb5c
workspace_mirror/recovery/v3426/SPRINGFISH_V34_2_6_AEQ001_QUALIFICATION_CANDIDATE_2026_08_14/validation/STUDY008B_RELEASE_GATES.csv,663,b358d23512df206fa21208d8ca7cdcdae574e464f209d1f639416f97c3f05789
workspace_mirror/recovery/v3426/SPRINGFISH_V34_2_6_AEQ001_QUALIFICATION_CANDIDATE_2026_08_14/validation/STUDY008B_SYNTHETIC_ADMISSION_AUDIT.json,7814,eb0fc8752893837af495a67fd3ed3bd06d296f8ff07f9c017b0a5fdc217bd312
workspace_mirror/recovery/v3426/SPRINGFISH_V34_2_6_AEQ001_QUALIFICATION_CANDIDATE_2026_08_14/validation/STUDY008B_VALIDATION.json,1740,8655578bb0e38bc7f961e3e6d3f90e8d4b18a86270bbb461f5baf1e1065eb269
workspace_mirror/recovery/v3426/SPRINGFISH_V34_2_6_AEQ001_QUALIFICATION_CANDIDATE_2026_08_14/validation/STUDY008_ADAPTER_VALIDATION.json,2454,a54b066f656b1bfa0d1c56ed458dce6110acb5e9d9ba3143802840d2a95b97e2
workspace_mirror/recovery/v3426/SPRINGFISH_V34_2_6_AEQ001_QUALIFICATION_CANDIDATE_2026_08_14/validation/STUDY008_BANGLADESH_DATA_CENTRE_HYPOTHETICAL_REPLAY.json,121410,03ac5a3e4953e638964f817583559829e69430007ec3de7fa46292bc98c8088e
workspace_mirror/recovery/v3426/SPRINGFISH_V34_2_6_AEQ001_QUALIFICATION_CANDIDATE_2026_08_14/validation/STUDY008_BASELINE_INVARIANCE.csv,31627,5050cc21ba3d16c76eb12750fa85bb9f206be272a2d1050a9f48b788986ddfb4
workspace_mirror/recovery/v3426/SPRINGFISH_V34_2_6_AEQ001_QUALIFICATION_CANDIDATE_2026_08_14/validation/STUDY008_CLEAN_EXTRACTION_OUTPUT.txt,3222,103bfe0514e1c45a1cfb791c58ed1c125751c147df3e159ebdd1c5a1e9c8848b
workspace_mirror/recovery/v3426/SPRINGFISH_V34_2_6_AEQ001_QUALIFICATION_CANDIDATE_2026_08_14/validation/STUDY008_EXACT_REPLAY.json,443,81d04e222c87fa6d8513794edafea3e4edb9ae26eb5d1935c785061e5d4b220d
workspace_mirror/recovery/v3426/SPRINGFISH_V34_2_6_AEQ001_QUALIFICATION_CANDIDATE_2026_08_14/validation/STUDY008_PYTEST_OUTPUT.txt,767,36289bd38fd66257fbecccef905632ff2a788822ab0bf7820d08bd0bba9c72db
workspace_mirror/recovery/v3426/SPRINGFISH_V34_2_6_AEQ001_QUALIFICATION_CANDIDATE_2026_08_14/validation/STUDY008_RELEASE_GATES.csv,947,8da9dc658f6914528d41367d8234c55ae706faf28d646316505710cbdbf27d6c
workspace_mirror/recovery/v3426/SPRINGFISH_V34_2_6_AEQ001_QUALIFICATION_CANDIDATE_2026_08_14/validation/STUDY008_SYNTHETIC_CONVERSION_PROJECT_REPLAY.json,121786,9a10b81b0ac338c390a9301aae68ce061195426ac76cabab90a12275d63400f2
workspace_mirror/recovery/v3426/SPRINGFISH_V34_2_6_AEQ001_QUALIFICATION_CANDIDATE_2026_08_14/validation/STUDY008_VALIDATION.json,1439,e1740f786e1e2a5114a2c1a748192911057fcc5a4a97d7e9d717f682df98e79b
workspace_mirror/recovery/v3426/SPRINGFISH_V34_2_6_AEQ001_QUALIFICATION_CANDIDATE_2026_08_14/validation/mirofish_bridge/BASELINE_INVARIANCE.json,13981,d6e3c4c9b8a0f06b09f0089facc8b2ff34fb66736f7da27df77229cde05b2798
workspace_mirror/recovery/v3426/SPRINGFISH_V34_2_6_AEQ001_QUALIFICATION_CANDIDATE_2026_08_14/validation/mirofish_bridge/RELEASE_GATES.csv,1433,896b4a07db6b01dcf97b1ee289d1fc9567e627192b6f136e7d0db431be6979f5
workspace_mirror/recovery/v3426/SPRINGFISH_V34_2_6_AEQ001_QUALIFICATION_CANDIDATE_2026_08_14/validation/mirofish_bridge/TEST_OUTPUT.txt,854,bd39e80d8fce460be0ec5d24d18bd51191b3a93f2fac0b6763efcf9696d1b73a
workspace_mirror/recovery/v3426/SPRINGFISH_V34_2_6_AEQ001_QUALIFICATION_CANDIDATE_2026_08_14/validation/mirofish_bridge/VALIDATION_RESULTS.json,2612,9d0502cd3f0311cfe81a782db1637efd72a309a893bd5888bcb69af39f5aad9d
workspace_mirror/recovery/v3426/SPRINGFISH_V34_2_6_AEQ001_QUALIFICATION_CANDIDATE_2026_08_14/vendor/sld_sim/__init__.py,79,f19bd4c847094b9b39a01413df6c85361b1cebe00355ea554bd98983b50345fe
workspace_mirror/recovery/v3426/SPRINGFISH_V34_2_6_AEQ001_QUALIFICATION_CANDIDATE_2026_08_14/vendor/sld_sim/cadcad_adapter.py,2996,5859afac968e78b91c6f44b2e94758864396f0a4f9b43a7391b95aadbee91c78
workspace_mirror/recovery/v3426/SPRINGFISH_V34_2_6_AEQ001_QUALIFICATION_CANDIDATE_2026_08_14/vendor/sld_sim/calibration.py,958,2b7804d4253ec86d501035fa858cedbbfcb213550e21bb3f2effd90e433c9410
workspace_mirror/recovery/v3426/SPRINGFISH_V34_2_6_AEQ001_QUALIFICATION_CANDIDATE_2026_08_14/vendor/sld_sim/causal_validation.py,3011,88235549fb242d8449d738a4b75aa31b89b98dba2851ffc4fd027cae9f2f36df
workspace_mirror/recovery/v3426/SPRINGFISH_V34_2_6_AEQ001_QUALIFICATION_CANDIDATE_2026_08_14/vendor/sld_sim/engine.py,70915,0e56e8d48d3430c2be856992b1484b5b33a8b4435bb7320ae80d71a8c7e04614
workspace_mirror/recovery/v3426/SPRINGFISH_V34_2_6_AEQ001_QUALIFICATION_CANDIDATE_2026_08_14/vendor/sld_sim/games.py,13146,a8de52eac0866aff0a46b8bb1ed3cb09f8db49fc81628e82fd486bf6f7bff80e
workspace_mirror/recovery/v3426/SPRINGFISH_V34_2_6_AEQ001_QUALIFICATION_CANDIDATE_2026_08_14/vendor/sld_sim/graph_loader.py,8331,99c7cd44b25709d75f1ba71dbee96f9c5d5471637ab98218ea7b7d9e096c9ed9
workspace_mirror/recovery/v3426/SPRINGFISH_V34_2_6_AEQ001_QUALIFICATION_CANDIDATE_2026_08_14/vendor/sld_sim/micro_agents.py,9325,78e49271e4b6a44f062538379c8145be612d0af33a560a658ecc8f405c456253
workspace_mirror/recovery/v3426/SPRINGFISH_V34_2_6_AEQ001_QUALIFICATION_CANDIDATE_2026_08_14/vendor/sld_sim/payoff_calibration.py,8682,a6fe6adb31522e7fe85ea8d68dbf42facd570d3971eb10f81ea43022ba470ad3
workspace_mirror/recovery/v3426/SPRINGFISH_V34_2_6_AEQ001_QUALIFICATION_CANDIDATE_2026_08_14/vendor/sld_sim/risk_analysis.py,6232,e4eca0f5cfbcdb7496c185adc5631f6faa14302dacf1035a19a9da9a83312284
workspace_mirror/recovery/v3426/SPRINGFISH_V34_2_6_AEQ001_QUALIFICATION_CANDIDATE_2026_08_14/vendor/sld_sim/validation.py,11946,117f85b373d67035fddfddd0d38ff61e1942b28342d951a20584ad4d3af02a42
workspace_mirror/work/bridge_candidate_engine/CANDIDATE_RELEASE.json,1160,7cd571e2b71b8a1eecd3b81a4cdfbaa19c9d12680051f481184dd46ddfe573f8
workspace_mirror/work/bridge_candidate_engine/CANDIDATE_RELEASE_MIROFISH_BRIDGE.json,911,50b1efbdff257b05490d768928e9a94e1727f49ec78e381680faaaebe426c109
workspace_mirror/work/bridge_candidate_engine/CANONICAL_INTEGRATION_BOUNDARIES.md,189,8f80c0a2520bbc917cb706bdb3fb5ca19471efbebe3cb7845a43fc0e17938c2e
workspace_mirror/work/bridge_candidate_engine/CHECKSUMS.sha256,24520,fac7f7507379a9d1324b1a1ce6feced00e36ac37b570d8dfca4280361de61840
workspace_mirror/work/bridge_candidate_engine/EXECUTION_REPORT.md,1385,6be49a79f5e06620cb4f27dcf13ac71b14e34eccb106cdf1ae6f6f5874b45d63
workspace_mirror/work/bridge_candidate_engine/MANIFEST.json,41882,a96f3a384748d501f3adbbc0bc2e3ecd56241279f2f90bb981ac6f5b73cb38e2
workspace_mirror/work/bridge_candidate_engine/MIROFISH_BRIDGE_CHECKPOINT_README.md,3343,c6eb3f779fc76b637d80de65043e893f733548e4a6d6407f10f4c55e3ef28734
workspace_mirror/work/bridge_candidate_engine/MIROFISH_BRIDGE_SOURCE_CONTRACT.md,1573,890ef2c43682dd1e0b82dc80e4b600df0b73dc995567078e4d1606644b17b57b
workspace_mirror/work/bridge_candidate_engine/README.md,1218,981dbf4ae2ddad08fa1dfab28a35fbc9d8f66b92f764d97039f5fe8f25e6bda1
workspace_mirror/work/bridge_candidate_engine/RQ621_BRIDGE_PREREGISTRATION.md,566,4cb97e99837c8b38b41c5d61c52878663001815ac1d9a7a330147567cfa3aac2
workspace_mirror/work/bridge_candidate_engine/RQ621_SHADOW_ACTIVATION.md,877,966d00b0d3f117fdc74d05a837d9ec6c224eef0769c46f4e7040a18a4f88a5e5
workspace_mirror/work/bridge_candidate_engine/adapters/architected_extraction/CASE_REGISTER.json,888,e2fb64ee7c5c2b2aace216dac426fdcea66952cbfdc9fc9c19ae8a4b6e675bdd
workspace_mirror/work/bridge_candidate_engine/adapters/architected_extraction/EVIDENCE_FIREWALL.json,1203,09d38cb5b0691a32c335fa8251b967439483725f2461f1c5fb2f274fc18fb49a
workspace_mirror/work/bridge_candidate_engine/adapters/architected_extraction/EVIDENCE_GAPS.csv,1882,4326530aa227dad3c5f658498c4beccdc57e70fe913fe3ea11ecb172161ecca8
workspace_mirror/work/bridge_candidate_engine/adapters/architected_extraction/EVIDENTIARY_CONDITION_REGISTER.csv,1553,6168ba8b2870c0f5bd3a19999ddf56890b352dca7d991d0acba2edff28e56740
workspace_mirror/work/bridge_candidate_engine/adapters/architected_extraction/MODEL_SPECIFICATION.md,2599,1e633810d8485fc1f830e05268b2fec8e5f41e865aa618e6059ca6dca13fdf2e
workspace_mirror/work/bridge_candidate_engine/adapters/architected_extraction/MODULE_EVIDENCE_REGISTER.csv,1061,fc5d9f428be02e3f0f4eb0bbe6c8e535ac60d7ea6008a8d9b588fa2e4dfea727
workspace_mirror/work/bridge_candidate_engine/adapters/architected_extraction/PARAMETER_REGISTER.csv,4898,400fa3e9472309fe12f677e74fa977d8baf2db862f7167ffe8fc993cdc7f1dee
workspace_mirror/work/bridge_candidate_engine/adapters/architected_extraction/PRE_REGISTRATION.md,2693,9b4d77185e5b2104a550ac5d120925c87851bfa2cb08c6d49e1ae996a22dfd77
workspace_mirror/work/bridge_candidate_engine/adapters/architected_extraction/README.md,1577,a843f1b41da5da46fa17072d01f70e1c2103ab6ea2e57950d8c9e270717afadf
workspace_mirror/work/bridge_candidate_engine/adapters/architected_extraction/SCENARIOS.json,6525,704143b24f4f8e89e757db669755cf0e84abe32a2d27a2c8c2a69ab9dbec700b
workspace_mirror/work/bridge_candidate_engine/adapters/architected_extraction/SCIENTIFIC_SUMMARY.json,847,ef641ac320b17e41f4c5623e1d401da32190742213868c61d721f1f89188159e
workspace_mirror/work/bridge_candidate_engine/adapters/architected_extraction/SOURCE_CONTRACT.md,2223,a5d91b779ee9a94bad4793cf50cc312b2b37088c851ed5ae3f580643f4979a39
workspace_mirror/work/bridge_candidate_engine/adapters/architected_extraction/STRESS_SCENARIOS.json,1716,bc69ba138ce09bb9fb1ddee76326e1878d7c51888275088ce1c369b07980d2da
workspace_mirror/work/bridge_candidate_engine/adapters/architected_extraction/cases/bangladesh_data_centre_hypothetical.json,3163,ec9d2bbb87538160ef82dadcefa0670baa56735185ce86a1304a0211b21ee234
workspace_mirror/work/bridge_candidate_engine/adapters/architected_extraction/cases/synthetic_conversion_project.json,3081,01ba159bfc2f17a26096131ea6a0de4be2ee6e537d44ab0ee2f2c38ac7c09b17
workspace_mirror/work/bridge_candidate_engine/adapters/architected_extraction/reference/V34_2_CANDIDATE_DELTA.json,251220,eef14915e5b41b68ccbe22a5503e652abe69f677f1cc355122c782707e6986af
workspace_mirror/work/bridge_candidate_engine/adapters/architected_extraction_intake/ADMISSION_RULES.json,1639,31e0d4fd65ce13212f22fee6ebd69fe79a945beed71ad325ec7f55367ebdbf68
workspace_mirror/work/bridge_candidate_engine/adapters/architected_extraction_intake/PROJECT_INTAKE_SCHEMA.json,3057,f4f17b63ea6adc0ee3d0388cf8fe26f13c2e19a52214c47f5e33f03dcbdc3abb
workspace_mirror/work/bridge_candidate_engine/adapters/architected_extraction_intake/README.md,1977,84e0380d90f2d21991e80397c50fdcb581f83ecd41d7c026994067301086b135
workspace_mirror/work/bridge_candidate_engine/adapters/architected_extraction_intake/reference/BANGLADESH_PROJECT_INTAKE_UNPOPULATED.json,1134,98d3b2802d970a81ef3d6bde792f7913d3ea2b4e2569982b779abfde83f29161
workspace_mirror/work/bridge_candidate_engine/adapters/architected_extraction_intake/reference/SYNTHETIC_ADMISSIBLE_PACKET.json,4548,c1458008b016fc3b3eee2cb30ea1a72695892094f41e94e7b73e13de9735e332
workspace_mirror/work/bridge_candidate_engine/adapters/architected_extraction_intake/templates/BENEFIT_CHANNEL_REGISTER_TEMPLATE.csv,84,9ca6ebaf761204447f421c05588cda96bf7436aa030a8e89d50da153a7d3eaac
workspace_mirror/work/bridge_candidate_engine/adapters/architected_extraction_intake/templates/EVIDENCE_ITEM_REGISTER_TEMPLATE.csv,91,e23ef9ba9127a13a9cc2f6af1fef952ac8557e411f5d47411736f07c07a8149a
workspace_mirror/work/bridge_candidate_engine/adapters/architected_extraction_intake/templates/LIABILITY_GATE_EVIDENCE_REGISTER_TEMPLATE.csv,242,df1e10bc3ccf01ef913419b21c25e9d7c9e6867d5cd489f6c6a74a543244871a
workspace_mirror/work/bridge_candidate_engine/adapters/architected_extraction_intake/templates/OVERLAP_RECONCILIATION_TEMPLATE.csv,59,bd4f94964a6a6a41e331b119b02afc634948a6c38346699c764b7d2a5b584d39
workspace_mirror/work/bridge_candidate_engine/adapters/architected_extraction_intake/templates/PROJECT_INTAKE_TEMPLATE.json,980,3e86af359ed6ba792cd025f41289b2ee09687ac90dedbe688a7e6ce9d9fc78f1
workspace_mirror/work/bridge_candidate_engine/adapters/architected_extraction_intake/templates/RIVAL_EXPLANATION_REGISTER_TEMPLATE.csv,55,9823d602e4aeac479ea9994d95ab22e446ea5a06d66dd4c8b3abf0103b3c2df1
workspace_mirror/work/bridge_candidate_engine/adapters/architected_extraction_intake/templates/SOURCE_REGISTER_TEMPLATE.csv,114,77dd60e6a5cdd1c06f493d1cb27684d855e8c76895fde6dfc04663d59160aa77
workspace_mirror/work/bridge_candidate_engine/adapters/rq621_bridge/BRIDGE_VALIDATION_SUMMARY.json,954,1ea01f1375277234e073e4cdca02df3f808ed838c32e13596b808cd22aca7d6a
workspace_mirror/work/bridge_candidate_engine/adapters/rq621_bridge/CANDIDATE_MAPPING_REGISTER.csv,2915,46e3d48b5f95ee76e656f9e17921970345c2b6a7d5ac16e4bdc112ef55036128
workspace_mirror/work/bridge_candidate_engine/adapters/rq621_bridge/ENGINE_OBSERVABLE_REGISTER.csv,825,abad655ba800cb0f18bc853d8b4f00e1b9bd941387a1556bf520cb03d2d3aa63
workspace_mirror/work/bridge_candidate_engine/adapters/rq621_bridge/PREREGISTRATION_CONTRACT.json,1429,3091b5ce8c192ad44ea1fff2d1fba161707b1867151f5014131c276f1130a5ec
workspace_mirror/work/bridge_candidate_engine/adapters/rq621_bridge/SEMANTIC_FIREWALL.csv,570,1aa8accb6aee1cf145dec79f7ca7ec985484d5d49683a259db1177d3ae7dd835
workspace_mirror/work/bridge_candidate_engine/adapters/rq621_c1_evidence/ACCESS_GAPS.csv,2025,1bd448eed36bbbe7a709f6dcddf0c323de8cab1f17ca931920734f06655c4ff3
workspace_mirror/work/bridge_candidate_engine/adapters/rq621_c1_evidence/CLAIM_REGISTER.csv,2275,3c9785199223e0b91679bd4ce3c8db6b433b459efab91dc3e5c625e61a836d96
workspace_mirror/work/bridge_candidate_engine/adapters/rq621_c1_evidence/DEVELOPMENT_OBSERVATIONS.csv,4532,acb0e043dd1dad563b9af60cf7c8c138b1b251cab7236a13ea92fd8d978b676e
workspace_mirror/work/bridge_candidate_engine/adapters/rq621_c1_evidence/ENTITY_SEPARATION_REGISTER.csv,775,fe4a76e0c52cc768090773e512a122d3004bb813ed8ec5aa28dd01501e27734f
workspace_mirror/work/bridge_candidate_engine/adapters/rq621_c1_evidence/FINANCE_STAGE_REGISTER.csv,633,fe1746c6f6e4abded0e0ff074088f2c25a26b369c9f4569626cd5a0457eda016
workspace_mirror/work/bridge_candidate_engine/adapters/rq621_c1_evidence/PINK_SHEET_FERTILIZER_EXTRACT.csv,351,021b4e3fc7958e97993f1faacd2b4cd0f0720ee09e0a0b964d9c627a5d67dc8a
workspace_mirror/work/bridge_candidate_engine/adapters/rq621_c1_evidence/PROSPECTIVE_HOLDOUT.json,1206,6b2d172f89dc0c5ba9a413228d82984d4b2119fbaba57d71a154aced97826f14
workspace_mirror/work/bridge_candidate_engine/adapters/rq621_c1_evidence/SCIENTIFIC_SUMMARY.json,1037,f49b562dcc2aef3cb2a0cb417e07ff434a76875374528f00ee84c4d493512996
workspace_mirror/work/bridge_candidate_engine/adapters/rq621_c1_evidence/SOURCE_REGISTER.csv,7533,2e57dccf54bb5b47f114faa1f970fe07d99782b3d314100c3073523aec0c1c83
workspace_mirror/work/bridge_candidate_engine/adapters/rq621_c1_evidence/STATE_EVIDENCE_MATRIX.csv,3127,821e7144895da33b6085d162ce48e3e570c44e06bc22867d023276dd632bffd2
workspace_mirror/work/bridge_candidate_engine/adapters/rq621_shadow/CONSTRAINT_SWITCH_RESULTS.csv,508,ca591488fb60ebe0083fe499fc0558b57bd5bb174cf70c1d640a453d4aa50ba0
workspace_mirror/work/bridge_candidate_engine/adapters/rq621_shadow/DOMINANT_FEEDBACK_CHANNELS.csv,8143,fa8ca376e572d63eab5ee453ca18effc43ce88cfc9832cae9b5c01ae13425b98
workspace_mirror/work/bridge_candidate_engine/adapters/rq621_shadow/EIGENVALUES.csv,9127,95c156793030354c267e91cc6fed00b3ab3e2ba6e974a2cad3e84bc676b06313
workspace_mirror/work/bridge_candidate_engine/adapters/rq621_shadow/FINITE_DIFFERENCE_VALIDATION.csv,3590,c54e4abdd30f6c37a3fe7885905e21cd92766f4553bea22dfb3b91fb73bc14f0
workspace_mirror/work/bridge_candidate_engine/adapters/rq621_shadow/FIXED_POINTS.csv,2263,d4f31655ef2b5fdbbe44936e541c6fbb45497d7e9b48b949fbc3d15c02ef4be3
workspace_mirror/work/bridge_candidate_engine/adapters/rq621_shadow/JACOBIAN_MATRICES_LONG.csv,83336,708e47978fd273d6d61e88ab4c70f434dd60a9664bdef4b6e11de7c6cd2a7ee7
workspace_mirror/work/bridge_candidate_engine/adapters/rq621_shadow/LOCAL_GLOBAL_BOUNDARY.csv,635,8c9927bcc093034c3e0dd1ff3932578896f6c99651d3762f343af20cb4ffc1b6
workspace_mirror/work/bridge_candidate_engine/adapters/rq621_shadow/PARAMETER_REGISTER.csv,5324,910d8cf2b7c694d7d8e1382b657bafdbe7e8959be30f24834fe76002d67c228d
workspace_mirror/work/bridge_candidate_engine/adapters/rq621_shadow/PERTURBATION_TRAJECTORIES.csv,64959,125f72a99c6674412199dd09e9e9cde178ac46451d87dc364d0d3ad78da9d506
workspace_mirror/work/bridge_candidate_engine/adapters/rq621_shadow/SCIENTIFIC_SUMMARY.json,323,2e41dac2a548bb1f1ce3864beeb45cf7fd496af7891312130fd2fe84445bd727
workspace_mirror/work/bridge_candidate_engine/adapters/rq621_shadow/SHADOW_ACTIVATION_CONTRACT.json,828,d8b05e017e543a4fcc420412b64cbb813af291b46d4eb90c470b2bc26e2db878
workspace_mirror/work/bridge_candidate_engine/adapters/rq621_shadow/SPECTRAL_RADIUS_SUMMARY.csv,1211,45d1de301bd515f4e9ee1897e3bd90254d2e3d08cf94746eab3f9430c4b5c454
workspace_mirror/work/bridge_candidate_engine/adapters/rq621_shadow/STABILITY_CLASSIFICATION.csv,172,6282032b05eb11f81bba8ebdd7a7eecf63204966d867ed11dbe78fa82b2a72e4
workspace_mirror/work/bridge_candidate_engine/adapters/rq621_shadow/STABILITY_SCENARIOS.csv,5324,910d8cf2b7c694d7d8e1382b657bafdbe7e8959be30f24834fe76002d67c228d
workspace_mirror/work/bridge_candidate_engine/adapters/rq621_shadow/STATE_MAPPING_REGISTER.csv,1298,bcd60252dfbc037d27a65ea9b68750aa7c3a6c7509540ab0b74e08f057b1c252
workspace_mirror/work/bridge_candidate_engine/adapters/study_007e/COMPARATIVE_CLAIM_REGISTER.csv,776,925dec9f4a0f9ac7708d9484f8bef2b72499b221ea146fcbcb85d1f08c1de175
workspace_mirror/work/bridge_candidate_engine/adapters/study_007e/EVIDENCE_GAPS.csv,802,a2a021ddada68ed825776462fa48e39b8b43d36b2070bda3f19e0916c68cc968
workspace_mirror/work/bridge_candidate_engine/adapters/study_007e/EXIT_LAYER_REGISTER.csv,1613,248d7176cd118fbaf43506344b61dec20122fa7aa96135d3b6579576af4a83b1
workspace_mirror/work/bridge_candidate_engine/adapters/study_007e/PLATFORM_PORTABILITY_MATRIX.csv,2755,76a645227ed85c730c4a772a0c8dc5d27dcc6783eac5ad7c78be5d30bfac8778
workspace_mirror/work/bridge_candidate_engine/adapters/study_007e/PORTABILITY_BY_LAYER.csv,3960,a797df71fa3beb145fd26c012cb08e583314f59551569d430a18572df3192fb0
workspace_mirror/work/bridge_candidate_engine/adapters/study_007e/SCIENTIFIC_SUMMARY.json,682,d06a44035043d0ade62228eba376ce35f7cc7ae2eb2d5a7ac65294f7774978e1
workspace_mirror/work/bridge_candidate_engine/adapters/study_007e/SOURCE_REGISTER.csv,4160,11b9f43b781383df2328ac315cc5199a7b6023eded9ae531fc098d29842fc7a0
workspace_mirror/work/bridge_candidate_engine/adapters/study_007f/COMPARATIVE_CLAIM_REGISTER.csv,1123,095970491dccfbc0ad5eed285ed2fec837a17ca2faa63537d5daf90f3bf44b99
workspace_mirror/work/bridge_candidate_engine/adapters/study_007f/DEVOPS_CATEGORY_SUMMARY.csv,325,e7c99649d326b22c63f704934073afdddb37e520a1c715ebe1ea95b7127a8a29
workspace_mirror/work/bridge_candidate_engine/adapters/study_007f/DEVOPS_INCIDENT_LEDGER.csv,2144,50a6ff7477a07ef19cfd063ff591d673040981db5d5c92a4afdda923dd76f9a1
workspace_mirror/work/bridge_candidate_engine/adapters/study_007f/DEVOPS_LAYER_REGISTER.csv,2779,e058b08a4d3e4f48c31726d5a0ea5940287329ddac725852c6af3c822110434b
workspace_mirror/work/bridge_candidate_engine/adapters/study_007f/EVIDENCE_GAPS.csv,1284,751be9c01fc50cf19f2cb911a84dc0be1f42e9dcdc4d3ef9705dc3927adb8558
workspace_mirror/work/bridge_candidate_engine/adapters/study_007f/MIGRATION_REVERSIBILITY_MATRIX.csv,1175,5cacc1c9fcd92d70433350a6d94270c44617629a2e1e77348fa6f718d6915c49
workspace_mirror/work/bridge_candidate_engine/adapters/study_007f/PLATFORM_EXECUTION_MATRIX.csv,2859,deab9c979c705d5df9710a990d8d31552c6109a6d7a0f87e81ade706f742402c
workspace_mirror/work/bridge_candidate_engine/adapters/study_007f/PLATFORM_LAYER_COVERAGE.csv,612,9b7810fe98324c6adfb7ef3f269e6c99e9de1319f26fca47acd3b76c946b16c4
workspace_mirror/work/bridge_candidate_engine/adapters/study_007f/SCIENTIFIC_SUMMARY.json,739,67de840dfb547f02622c4df84b61d6a2a2bb7cb06008f11539a423f7fd57ace3
workspace_mirror/work/bridge_candidate_engine/adapters/study_007f/SOURCE_REGISTER.csv,5417,8a8a4b08bc6bf75ee3a3454f9d8a97053da80c462b4005f0d561ba2e3c7bec38
workspace_mirror/work/bridge_candidate_engine/adapters/study_007g/COMPARATIVE_CLAIM_REGISTER.csv,864,ffac55536aa029e5bf695398ccccd8dedd615ff829acd4dc028a35e694fd75c3
workspace_mirror/work/bridge_candidate_engine/adapters/study_007g/EVIDENCE_GAPS.csv,980,bbcf9d87988971faf3b91a89401c2e09118a1f5ad11bd5c83e6373be420650f4
workspace_mirror/work/bridge_candidate_engine/adapters/study_007g/HISTORY_DEPENDENCY_LAYER_REGISTER.csv,1827,2f07dab586a70d3a7545f53db4b570aaa614969865ab73358ab09ffc06f5c3c4
workspace_mirror/work/bridge_candidate_engine/adapters/study_007g/INCIDENT_LEDGER.csv,1103,95662c34983847b9c0e857df2bfc4ce7dd41542a01bbb29fa0a239e8f7ff2086
workspace_mirror/work/bridge_candidate_engine/adapters/study_007g/PLATFORM_HISTORY_PORTABILITY_MATRIX.csv,4457,685e465174c0ed0fe69dbcc2cd380c72ddb319b70281e53071bd776ccefc0e4f
workspace_mirror/work/bridge_candidate_engine/adapters/study_007g/RAMP_CATEGORY_METRICS.csv,1157,1f8fda3af28f1fbd1ac9471fcaf4d1b4f50c7b9251cbfea2bcaa4f903e6125a5
workspace_mirror/work/bridge_candidate_engine/adapters/study_007g/RAMP_VENDOR_METRICS.csv,3225,82ab19e015cc7fdcb2da901a093b6aa2e5a8bf9e589ce5fd86c0126bbea921ba
workspace_mirror/work/bridge_candidate_engine/adapters/study_007g/SCIENTIFIC_SUMMARY.json,601,08400b3e27a16a2610ae1ca02e3172a2a233c655f94bff6d3cbbb11b05b0fc97
workspace_mirror/work/bridge_candidate_engine/adapters/study_007g/SOURCE_REGISTER.csv,6478,f967554b2aaa97e1649e6c17b7484ad98ecd8dc22977f96f7dbdba865146f98d
workspace_mirror/work/bridge_candidate_engine/adapters/study_007h/ANOMALY_HYPOTHESIS_REGISTER.csv,3092,b9cadc4f75911f58d63731acac5f04dd3a81c222247a622ed3f9be84be574e7c
workspace_mirror/work/bridge_candidate_engine/adapters/study_007h/BI_VENDOR_DIAGNOSTIC.csv,2046,709f5c38afca07b43ba613ab7e028798d08320e4b97c0c302ce4768b494bef31
workspace_mirror/work/bridge_candidate_engine/adapters/study_007h/CATEGORY_CONCENTRATION_SUMMARY.csv,741,fccedf17ed46cbcd609c9fd61bc45bac2fe73a43b05b1d9fed927f11d73365bd
workspace_mirror/work/bridge_candidate_engine/adapters/study_007h/COMPARATIVE_CLAIM_REGISTER.csv,1914,82d250affc4c87925b4e891069c5c2b122b660ee9c726aa6f1328b9164910c60
workspace_mirror/work/bridge_candidate_engine/adapters/study_007h/EVIDENCE_GAPS.csv,1694,e01a6a7e0183b25ce38672fc2606f56c92af000a732618ab06b277f43b9a28ab
workspace_mirror/work/bridge_candidate_engine/adapters/study_007h/LOOKER_SEGMENT_PROFILE.csv,473,0b76192227af65b364447579a415886c7308fd6955a67b421642b2e8a5c2bfab
workspace_mirror/work/bridge_candidate_engine/adapters/study_007h/NAMED_SCALE_EXEMPLARS.csv,949,53182124a66cdfc60290348df1ed8dcad031a63ec9c239cb36f7ae5b4602af4d
workspace_mirror/work/bridge_candidate_engine/adapters/study_007h/PRODUCT_ARCHITECTURE_REGISTER.csv,1782,4ea8cd48d5117d73ca6e77db497aad8f46f31b6b7b9ae89fc6a4c4d8c856f7a1
workspace_mirror/work/bridge_candidate_engine/adapters/study_007h/SCIENTIFIC_SUMMARY.json,952,30c77496782a8110909f923670622a0c267d9cf80cda140f9038793d36ce38ce
workspace_mirror/work/bridge_candidate_engine/adapters/study_007h/SOURCE_REGISTER.csv,4762,1c538d915be0789be6d14d50da3fd4039c32db13a134c084bba507ee52fdf7b9
workspace_mirror/work/bridge_candidate_engine/base_release/SPRINGFISH_V3_0_BETA3_STUDY008_ARCHITECTED_EXTRACTION_EXPERIMENTAL_CANDIDATE.zip,2346626,8ace06854c6c8961769274653e5b612734fc30b1858c7260c58b2f42a745b092
workspace_mirror/work/bridge_candidate_engine/base_release/SPRINGFISH_V3_0_BETA3_STUDY008_ARCHITECTED_EXTRACTION_EXPERIMENTAL_CANDIDATE.zip.integrity.json,777,3f25bac553ac66f8278fce114930dbcbd987c95d56657335ab76cf300b046b12
workspace_mirror/work/bridge_candidate_engine/base_release/SPRINGFISH_V3_0_BETA3_STUDY008_ARCHITECTED_EXTRACTION_EXPERIMENTAL_CANDIDATE.zip.sha256,147,2401d4ead18562eeb2b0d6a070d771c6e0050bb73af4e53c3ca21b92602e1fff
workspace_mirror/work/bridge_candidate_engine/base_release/SPRINGFISH_V3_0_CANONICAL_ENGINE_BETA3.zip,1124637,3875bfd84a34bc4842d48f6ec7775169161ee809e4039358d8d7691b4c1df055
workspace_mirror/work/bridge_candidate_engine/base_release/SPRINGFISH_V3_0_CANONICAL_ENGINE_BETA3.zip.integrity.json,530,cee5a144cc39b004344b0ef1f30e3ae138464731a76c336d956974d73c22070d
workspace_mirror/work/bridge_candidate_engine/base_release/SPRINGFISH_V3_0_CANONICAL_ENGINE_BETA3.zip.sha256,109,e3fb793a332901f7a33d88900ae466f47775ac9958820b8b7b6a509081bb59d8
workspace_mirror/work/bridge_candidate_engine/build_study008_release.py,18317,2eb011c74585d4c445ae00db301cf82c78c18bfdbca64cf7152ddeec0e4dd1b8
workspace_mirror/work/bridge_candidate_engine/build_study008b_release.py,27413,d866204906f151f256bda1dd7a50045f84b6e0573e72e7e65bd5f805e6ce3bbf
workspace_mirror/work/bridge_candidate_engine/config/base.yaml,2589,3debdbf90da000c2990e25bfbef38ad31bc2c1490b725a1f20ba9b4315b16ed5
workspace_mirror/work/bridge_candidate_engine/config/cases/C1_bangladesh_fertiliser.yaml,2453,9a5aabf809ddda56e41fbf7293229fad0f51712f301432d8f692ef3eee67f8b7
workspace_mirror/work/bridge_candidate_engine/config/cases/C2_ukraine_recovery.yaml,2814,d6fbc301f1d665730a8c87a10829bf5802d3d8a45160a946b25ce6f84cd7640c
workspace_mirror/work/bridge_candidate_engine/config/cases/C3_venezuela_claims.yaml,2617,28644acb889a4decd9258786f0822545c1212986e3f3bf2821c5d68782c7a662
workspace_mirror/work/bridge_candidate_engine/config/cases/C4_kenya_future_revenue.yaml,2401,d2472f2e29b7e7336c02379e37709af175747c31e051b8e2b67ddad0792869c8
workspace_mirror/work/bridge_candidate_engine/config/model_families/baseline_v13.yaml,487,c9c6a70e4a6f9cdf0d2f2dacc472a22c07d7dc4b15c16e35d656955c4c27ab04
workspace_mirror/work/bridge_candidate_engine/config/model_families/conservative_propagation.yaml,665,ca3f2cb569f17c33409d4e33580d59e1078f6086ef8801b572a9bc7809e5a8b7
workspace_mirror/work/bridge_candidate_engine/config/model_families/institutional_hysteresis.yaml,828,699d4f20bac5c366222e59d298fe8d285d3b85219af7fba1c4c1d73163c00cb4
workspace_mirror/work/bridge_candidate_engine/config/model_families/quantal_adaptation.yaml,690,9fb83f360ad13c934431cd6c6663173f3325562ae7e64e50e3d177135aa0aec1
workspace_mirror/work/bridge_candidate_engine/data/actor_calibration_bridge.csv,1479,bb9c9f5d74dca2e464ffa6251e46074dc9ff22b4001c1a041ea66036fc15ec7c
workspace_mirror/work/bridge_candidate_engine/data/case_subgraphs/C1_edges.csv,48142,5ecd70a1096a31e42fee7388530a3b96faa123e9bdb677ffc90a8c68fd634750
workspace_mirror/work/bridge_candidate_engine/data/case_subgraphs/C1_manifest.json,146,2b1a14483856894ef98981f7bbabd2f4b87ff132387210276a2653035cb69f07
workspace_mirror/work/bridge_candidate_engine/data/case_subgraphs/C1_nodes.csv,15555,e8f686903f2441e4dafdae62961af79a12724176cb5aac76f78e5fad46189d58
workspace_mirror/work/bridge_candidate_engine/data/case_subgraphs/C2_edges.csv,2837,d16b7008331bd2ac723b4ec15d3ab8a95cdc457a13c007bf0cf20919a05770b7
workspace_mirror/work/bridge_candidate_engine/data/case_subgraphs/C2_manifest.json,125,1fee98676c5fb3d06c97f39056632a7db129ae943ee5cea0586d0a933af28ca2
workspace_mirror/work/bridge_candidate_engine/data/case_subgraphs/C2_nodes.csv,1453,3a31b5c4a68ee91c81ba3a28bbd8792bce19dbb2be4c11a473d8f9997f486406
workspace_mirror/work/bridge_candidate_engine/data/case_subgraphs/C3_edges.csv,117932,ed7dbf8b1df3cbb044050103979472fa6179392297eb093d818772553e587bf5
workspace_mirror/work/bridge_candidate_engine/data/case_subgraphs/C3_manifest.json,240,b838ff8d475b0ef7252770e194fb5158a140226da269f89c7910adae9df54c3b
workspace_mirror/work/bridge_candidate_engine/data/case_subgraphs/C3_nodes.csv,27899,ab9703139e5dea22442710c16b414c17d9ad3077a4876c67546e45f9be94e275
workspace_mirror/work/bridge_candidate_engine/data/case_subgraphs/C4_edges.csv,2778,f554bd7e75e200e85c7db98afe5c7aad41245f4f9d8d9bfa045ef52acee0f208
workspace_mirror/work/bridge_candidate_engine/data/case_subgraphs/C4_manifest.json,142,e96771715b12929aa9956df90dc5b43cfd38a12feba7123ab12f7282d459411b
workspace_mirror/work/bridge_candidate_engine/data/case_subgraphs/C4_nodes.csv,1218,5698fc5a5e9d5fb07087d2ce710eb4b2b1a31e2e05675bcbd47bd2a167f8dc7a
workspace_mirror/work/bridge_candidate_engine/data/network_metrics.json,308,9b8f5ff505437014312cd47224bf331de33366baa7cc46fc7804adda17ff8217
workspace_mirror/work/bridge_candidate_engine/data/nodes.csv,1141163,5a866b63eda564564cac7726e87411ce8886b9130466b966740ec9e5e5446697
workspace_mirror/work/bridge_candidate_engine/data/payoff_priors.csv,4488,7869ba79e6d4371078f94ecd865f8486b8e8537c898fd8d9b5ad278bfc89e10e
workspace_mirror/work/bridge_candidate_engine/data/relationships.csv,2966839,b5c9304644a02494e49a2d5c5b76973297e1a0287ba27aff660313174276470b
workspace_mirror/work/bridge_candidate_engine/data/rq621/DOMINANT_FEEDBACK_CHANNELS.csv,8143,fa8ca376e572d63eab5ee453ca18effc43ce88cfc9832cae9b5c01ae13425b98
workspace_mirror/work/bridge_candidate_engine/data/rq621/PARAMETER_REGISTER.csv,5324,910d8cf2b7c694d7d8e1382b657bafdbe7e8959be30f24834fe76002d67c228d
workspace_mirror/work/bridge_candidate_engine/data/rq621/SCIENTIFIC_SUMMARY.json,323,2e41dac2a548bb1f1ce3864beeb45cf7fd496af7891312130fd2fe84445bd727
workspace_mirror/work/bridge_candidate_engine/data/rq621/SPECTRAL_RADIUS_SUMMARY.csv,1211,45d1de301bd515f4e9ee1897e3bd90254d2e3d08cf94746eab3f9430c4b5c454
workspace_mirror/work/bridge_candidate_engine/data/rq621/STABILITY_CLASSIFICATION.csv,172,6282032b05eb11f81bba8ebdd7a7eecf63204966d867ed11dbe78fa82b2a72e4
workspace_mirror/work/bridge_candidate_engine/data/rq621/STABILITY_SCENARIOS.csv,5324,910d8cf2b7c694d7d8e1382b657bafdbe7e8959be30f24834fe76002d67c228d
workspace_mirror/work/bridge_candidate_engine/data/study_adapter_registry.csv,4198,f104f3ca7d4a70a5acabd234cd3c5865c75105d71ecf5957c6ba95780ed0455b
workspace_mirror/work/bridge_candidate_engine/data/unresolved_calibration_mappings.csv,971,81eb6f0dd5ea1e2f1fbb6c0125d1f8bd9fd077c5d9b0c61d229f3d506eb6f90d
workspace_mirror/work/bridge_candidate_engine/integration/APPLY_TO_MIROFISH_OFFLINE.md,1536,d7d9fa5e565165d1a63cbb8bb1d35432f4b9e2b7061f6c33b5bc01aabb043e32
workspace_mirror/work/bridge_candidate_engine/integration/MIROFISH_BRIDGE_MANIFEST.json,2053,86a510ea3a6b385cf42d80a620689ce6ec351ed216ce3793da81808a255224ca
workspace_mirror/work/bridge_candidate_engine/outputs/mirofish_offline_replay/EXECUTION_SUMMARY.json,176,9345f9a3f2b55b03aea89b93d22960536565fb3f39e14a510c4977f194e057bf
workspace_mirror/work/bridge_candidate_engine/outputs/mirofish_offline_replay/MANIFEST_GATE.json,919,a69dfcc95c193d445e58e9eadc16c782780d6385597e733aa9d21b472606703d
workspace_mirror/work/bridge_candidate_engine/outputs/mirofish_offline_replay/matrix/MATRIX_RESULTS.json,61770,b8db629db3c478370f6dc1cbf7c3c1b0a3e6e6323a1ddc411943d73951a68991
workspace_mirror/work/bridge_candidate_engine/outputs/mirofish_offline_replay/matrix/direct_evidence__deterministic_rule__no_interaction/normalized_actions.jsonl,0,e3b0c44298fc1c149afbf4c8996fb92427ae41e4649b934ca495991b7852b855
workspace_mirror/work/bridge_candidate_engine/outputs/mirofish_offline_replay/matrix/direct_evidence__deterministic_rule__no_interaction/profiles/reddit_profiles.json,17243,c26ad52fc0ba9bccc5717fbc24335888ce5cc92c23c31e57c364a48b12ddee35
workspace_mirror/work/bridge_candidate_engine/outputs/mirofish_offline_replay/matrix/direct_evidence__deterministic_rule__no_interaction/profiles/twitter_profiles.json,17966,f9d2126e6d1064565b5c57384e6faced1992c34a36dcaa1ae250b94d6185446a
workspace_mirror/work/bridge_candidate_engine/outputs/mirofish_offline_replay/matrix/direct_evidence__deterministic_rule__no_interaction/propagation.json,3,37517e5f3dc66819f61f5a7bb8ace1921282415f10551d2defa5c3eb0985b570
workspace_mirror/work/bridge_candidate_engine/outputs/mirofish_offline_replay/matrix/direct_evidence__deterministic_rule__no_interaction/raw_oasis_actions.jsonl,0,e3b0c44298fc1c149afbf4c8996fb92427ae41e4649b934ca495991b7852b855
workspace_mirror/work/bridge_candidate_engine/outputs/mirofish_offline_replay/matrix/direct_evidence__deterministic_rule__no_interaction/result.json,3111,e2366287adf4e27c385a85a4edb73bf725e40ad2fd60f48f54d0ea3a8b32f1da
workspace_mirror/work/bridge_candidate_engine/outputs/mirofish_offline_replay/matrix/direct_evidence__deterministic_rule__observed/normalized_actions.jsonl,7394,51cb8cfc47740e0fe71532effe645cb034d792350760aa05523561825a94e8d2
workspace_mirror/work/bridge_candidate_engine/outputs/mirofish_offline_replay/matrix/direct_evidence__deterministic_rule__observed/profiles/reddit_profiles.json,17243,c26ad52fc0ba9bccc5717fbc24335888ce5cc92c23c31e57c364a48b12ddee35
workspace_mirror/work/bridge_candidate_engine/outputs/mirofish_offline_replay/matrix/direct_evidence__deterministic_rule__observed/profiles/twitter_profiles.json,17966,f9d2126e6d1064565b5c57384e6faced1992c34a36dcaa1ae250b94d6185446a
workspace_mirror/work/bridge_candidate_engine/outputs/mirofish_offline_replay/matrix/direct_evidence__deterministic_rule__observed/propagation.json,2105,28085af9dedc1fc478dd704d35129487da086795771896d704b5a85ff1dd315f
workspace_mirror/work/bridge_candidate_engine/outputs/mirofish_offline_replay/matrix/direct_evidence__deterministic_rule__observed/raw_oasis_actions.jsonl,3059,3ac6edac7a80137ef0395e31fecdaef25539e83a79dd0c668d29b6dfb8e581bd
workspace_mirror/work/bridge_candidate_engine/outputs/mirofish_offline_replay/matrix/direct_evidence__deterministic_rule__observed/result.json,3115,72f6ef3390689b692a94cc6acce92ac37e2b57cc202177ec021067bbb57779b7
workspace_mirror/work/bridge_candidate_engine/outputs/mirofish_offline_replay/matrix/direct_evidence__deterministic_rule__shuffled/normalized_actions.jsonl,7494,fe65325ea36c991425dec06a7270ece4ccc768da486f257db62d0c9476794dbe
workspace_mirror/work/bridge_candidate_engine/outputs/mirofish_offline_replay/matrix/direct_evidence__deterministic_rule__shuffled/profiles/reddit_profiles.json,17243,c26ad52fc0ba9bccc5717fbc24335888ce5cc92c23c31e57c364a48b12ddee35
workspace_mirror/work/bridge_candidate_engine/outputs/mirofish_offline_replay/matrix/direct_evidence__deterministic_rule__shuffled/profiles/twitter_profiles.json,17966,f9d2126e6d1064565b5c57384e6faced1992c34a36dcaa1ae250b94d6185446a
workspace_mirror/work/bridge_candidate_engine/outputs/mirofish_offline_replay/matrix/direct_evidence__deterministic_rule__shuffled/propagation.json,2155,214791b9048ff71cb346c17730eb875a4c48b7981e30cf1b42477f4931fe8b08
workspace_mirror/work/bridge_candidate_engine/outputs/mirofish_offline_replay/matrix/direct_evidence__deterministic_rule__shuffled/raw_oasis_actions.jsonl,3109,55dac391ac3b0b08d2149a12c3c043f59069129793572b196516b7246aec1e60
workspace_mirror/work/bridge_candidate_engine/outputs/mirofish_offline_replay/matrix/direct_evidence__deterministic_rule__shuffled/result.json,3115,da9f5926297c91cf4f03fb7fff8d75219a7129a2c71d9af67d69047ba4ca00a8
workspace_mirror/work/bridge_candidate_engine/outputs/mirofish_offline_replay/matrix/direct_evidence__persona_heuristic__no_interaction/normalized_actions.jsonl,0,e3b0c44298fc1c149afbf4c8996fb92427ae41e4649b934ca495991b7852b855
workspace_mirror/work/bridge_candidate_engine/outputs/mirofish_offline_replay/matrix/direct_evidence__persona_heuristic__no_interaction/profiles/reddit_profiles.json,17243,c26ad52fc0ba9bccc5717fbc24335888ce5cc92c23c31e57c364a48b12ddee35
workspace_mirror/work/bridge_candidate_engine/outputs/mirofish_offline_replay/matrix/direct_evidence__persona_heuristic__no_interaction/profiles/twitter_profiles.json,17966,f9d2126e6d1064565b5c57384e6faced1992c34a36dcaa1ae250b94d6185446a
workspace_mirror/work/bridge_candidate_engine/outputs/mirofish_offline_replay/matrix/direct_evidence__persona_heuristic__no_interaction/propagation.json,3,37517e5f3dc66819f61f5a7bb8ace1921282415f10551d2defa5c3eb0985b570
workspace_mirror/work/bridge_candidate_engine/outputs/mirofish_offline_replay/matrix/direct_evidence__persona_heuristic__no_interaction/raw_oasis_actions.jsonl,0,e3b0c44298fc1c149afbf4c8996fb92427ae41e4649b934ca495991b7852b855
workspace_mirror/work/bridge_candidate_engine/outputs/mirofish_offline_replay/matrix/direct_evidence__persona_heuristic__no_interaction/result.json,3110,7e6e7dd9fe17ce595632403e68aaeed7452687e2d7c598fb70ade91648d88432
workspace_mirror/work/bridge_candidate_engine/outputs/mirofish_offline_replay/matrix/direct_evidence__persona_heuristic__observed/normalized_actions.jsonl,7394,51cb8cfc47740e0fe71532effe645cb034d792350760aa05523561825a94e8d2
workspace_mirror/work/bridge_candidate_engine/outputs/mirofish_offline_replay/matrix/direct_evidence__persona_heuristic__observed/profiles/reddit_profiles.json,17243,c26ad52fc0ba9bccc5717fbc24335888ce5cc92c23c31e57c364a48b12ddee35
workspace_mirror/work/bridge_candidate_engine/outputs/mirofish_offline_replay/matrix/direct_evidence__persona_heuristic__observed/profiles/twitter_profiles.json,17966,f9d2126e6d1064565b5c57384e6faced1992c34a36dcaa1ae250b94d6185446a
workspace_mirror/work/bridge_candidate_engine/outputs/mirofish_offline_replay/matrix/direct_evidence__persona_heuristic__observed/propagation.json,2105,28085af9dedc1fc478dd704d35129487da086795771896d704b5a85ff1dd315f
workspace_mirror/work/bridge_candidate_engine/outputs/mirofish_offline_replay/matrix/direct_evidence__persona_heuristic__observed/raw_oasis_actions.jsonl,3059,3ac6edac7a80137ef0395e31fecdaef25539e83a79dd0c668d29b6dfb8e581bd
workspace_mirror/work/bridge_candidate_engine/outputs/mirofish_offline_replay/matrix/direct_evidence__persona_heuristic__observed/result.json,3114,155b38f13c50603d9f55112a56a296a66f737a76b97d0406ff64cea453854e47
workspace_mirror/work/bridge_candidate_engine/outputs/mirofish_offline_replay/matrix/direct_evidence__persona_heuristic__shuffled/normalized_actions.jsonl,2766,19268a135477505586b8253a48fc580aeb6bcf37f793ee591027720561c2fb77
workspace_mirror/work/bridge_candidate_engine/outputs/mirofish_offline_replay/matrix/direct_evidence__persona_heuristic__shuffled/profiles/reddit_profiles.json,17243,c26ad52fc0ba9bccc5717fbc24335888ce5cc92c23c31e57c364a48b12ddee35
workspace_mirror/work/bridge_candidate_engine/outputs/mirofish_offline_replay/matrix/direct_evidence__persona_heuristic__shuffled/profiles/twitter_profiles.json,17966,f9d2126e6d1064565b5c57384e6faced1992c34a36dcaa1ae250b94d6185446a
workspace_mirror/work/bridge_candidate_engine/outputs/mirofish_offline_replay/matrix/direct_evidence__persona_heuristic__shuffled/propagation.json,806,ab8f02e52f37ee0def6ee034975e947b082dd62a07494bca0f9ac798f74a9117
workspace_mirror/work/bridge_candidate_engine/outputs/mirofish_offline_replay/matrix/direct_evidence__persona_heuristic__shuffled/raw_oasis_actions.jsonl,1151,87070ec82cc71e0d7e559af3769defd10289680a3ee5ec24af4218169271104a
workspace_mirror/work/bridge_candidate_engine/outputs/mirofish_offline_replay/matrix/direct_evidence__persona_heuristic__shuffled/result.json,3125,eec912b162e5b3175c1836a260713dc9bbf1a992d8b86ded6894af69b35b0260
workspace_mirror/work/bridge_candidate_engine/outputs/mirofish_offline_replay/matrix/direct_evidence__seeded_stochastic_rule__no_interaction/normalized_actions.jsonl,0,e3b0c44298fc1c149afbf4c8996fb92427ae41e4649b934ca495991b7852b855
workspace_mirror/work/bridge_candidate_engine/outputs/mirofish_offline_replay/matrix/direct_evidence__seeded_stochastic_rule__no_interaction/profiles/reddit_profiles.json,17243,c26ad52fc0ba9bccc5717fbc24335888ce5cc92c23c31e57c364a48b12ddee35
workspace_mirror/work/bridge_candidate_engine/outputs/mirofish_offline_replay/matrix/direct_evidence__seeded_stochastic_rule__no_interaction/profiles/twitter_profiles.json,17966,f9d2126e6d1064565b5c57384e6faced1992c34a36dcaa1ae250b94d6185446a
workspace_mirror/work/bridge_candidate_engine/outputs/mirofish_offline_replay/matrix/direct_evidence__seeded_stochastic_rule__no_interaction/propagation.json,3,37517e5f3dc66819f61f5a7bb8ace1921282415f10551d2defa5c3eb0985b570
workspace_mirror/work/bridge_candidate_engine/outputs/mirofish_offline_replay/matrix/direct_evidence__seeded_stochastic_rule__no_interaction/raw_oasis_actions.jsonl,0,e3b0c44298fc1c149afbf4c8996fb92427ae41e4649b934ca495991b7852b855
workspace_mirror/work/bridge_candidate_engine/outputs/mirofish_offline_replay/matrix/direct_evidence__seeded_stochastic_rule__no_interaction/result.json,3115,692068bc9b65a121ae1517e99c0a01449874801749e8fb88b1d956b1c850a09f
workspace_mirror/work/bridge_candidate_engine/outputs/mirofish_offline_replay/matrix/direct_evidence__seeded_stochastic_rule__observed/normalized_actions.jsonl,7394,51cb8cfc47740e0fe71532effe645cb034d792350760aa05523561825a94e8d2
workspace_mirror/work/bridge_candidate_engine/outputs/mirofish_offline_replay/matrix/direct_evidence__seeded_stochastic_rule__observed/profiles/reddit_profiles.json,17243,c26ad52fc0ba9bccc5717fbc24335888ce5cc92c23c31e57c364a48b12ddee35
workspace_mirror/work/bridge_candidate_engine/outputs/mirofish_offline_replay/matrix/direct_evidence__seeded_stochastic_rule__observed/profiles/twitter_profiles.json,17966,f9d2126e6d1064565b5c57384e6faced1992c34a36dcaa1ae250b94d6185446a
workspace_mirror/work/bridge_candidate_engine/outputs/mirofish_offline_replay/matrix/direct_evidence__seeded_stochastic_rule__observed/propagation.json,2105,28085af9dedc1fc478dd704d35129487da086795771896d704b5a85ff1dd315f
workspace_mirror/work/bridge_candidate_engine/outputs/mirofish_offline_replay/matrix/direct_evidence__seeded_stochastic_rule__observed/raw_oasis_actions.jsonl,3059,3ac6edac7a80137ef0395e31fecdaef25539e83a79dd0c668d29b6dfb8e581bd
workspace_mirror/work/bridge_candidate_engine/outputs/mirofish_offline_replay/matrix/direct_evidence__seeded_stochastic_rule__observed/result.json,3119,117a3f37a6c5ca0f5adf16dbbdcf9d5add563532bdf89490c54326a1b8d60ea0
workspace_mirror/work/bridge_candidate_engine/outputs/mirofish_offline_replay/matrix/direct_evidence__seeded_stochastic_rule__shuffled/normalized_actions.jsonl,7494,fe65325ea36c991425dec06a7270ece4ccc768da486f257db62d0c9476794dbe
workspace_mirror/work/bridge_candidate_engine/outputs/mirofish_offline_replay/matrix/direct_evidence__seeded_stochastic_rule__shuffled/profiles/reddit_profiles.json,17243,c26ad52fc0ba9bccc5717fbc24335888ce5cc92c23c31e57c364a48b12ddee35
workspace_mirror/work/bridge_candidate_engine/outputs/mirofish_offline_replay/matrix/direct_evidence__seeded_stochastic_rule__shuffled/profiles/twitter_profiles.json,17966,f9d2126e6d1064565b5c57384e6faced1992c34a36dcaa1ae250b94d6185446a
workspace_mirror/work/bridge_candidate_engine/outputs/mirofish_offline_replay/matrix/direct_evidence__seeded_stochastic_rule__shuffled/propagation.json,2155,214791b9048ff71cb346c17730eb875a4c48b7981e30cf1b42477f4931fe8b08
workspace_mirror/work/bridge_candidate_engine/outputs/mirofish_offline_replay/matrix/direct_evidence__seeded_stochastic_rule__shuffled/raw_oasis_actions.jsonl,3109,55dac391ac3b0b08d2149a12c3c043f59069129793572b196516b7246aec1e60
workspace_mirror/work/bridge_candidate_engine/outputs/mirofish_offline_replay/matrix/direct_evidence__seeded_stochastic_rule__shuffled/result.json,3119,9bd3538f76a65fbf675096ce980632b813faabacaac63383cc5e174bf3e31b38
workspace_mirror/work/bridge_candidate_engine/outputs/mirofish_offline_replay/matrix/unsupported_claim__deterministic_rule__no_interaction/normalized_actions.jsonl,0,e3b0c44298fc1c149afbf4c8996fb92427ae41e4649b934ca495991b7852b855
workspace_mirror/work/bridge_candidate_engine/outputs/mirofish_offline_replay/matrix/unsupported_claim__deterministic_rule__no_interaction/profiles/reddit_profiles.json,17243,c26ad52fc0ba9bccc5717fbc24335888ce5cc92c23c31e57c364a48b12ddee35
workspace_mirror/work/bridge_candidate_engine/outputs/mirofish_offline_replay/matrix/unsupported_claim__deterministic_rule__no_interaction/profiles/twitter_profiles.json,17966,f9d2126e6d1064565b5c57384e6faced1992c34a36dcaa1ae250b94d6185446a
workspace_mirror/work/bridge_candidate_engine/outputs/mirofish_offline_replay/matrix/unsupported_claim__deterministic_rule__no_interaction/propagation.json,3,37517e5f3dc66819f61f5a7bb8ace1921282415f10551d2defa5c3eb0985b570
workspace_mirror/work/bridge_candidate_engine/outputs/mirofish_offline_replay/matrix/unsupported_claim__deterministic_rule__no_interaction/raw_oasis_actions.jsonl,0,e3b0c44298fc1c149afbf4c8996fb92427ae41e4649b934ca495991b7852b855
workspace_mirror/work/bridge_candidate_engine/outputs/mirofish_offline_replay/matrix/unsupported_claim__deterministic_rule__no_interaction/result.json,3113,47c944c25b56df2cadddf0edbba911b24038937be537cd63e4e11b7566ec235c
workspace_mirror/work/bridge_candidate_engine/outputs/mirofish_offline_replay/matrix/unsupported_claim__deterministic_rule__observed/normalized_actions.jsonl,7163,73812d874ad264b7002e709cbe76b6d95c1c76700e879aedcb44f593d2feeb54
workspace_mirror/work/bridge_candidate_engine/outputs/mirofish_offline_replay/matrix/unsupported_claim__deterministic_rule__observed/profiles/reddit_profiles.json,17243,c26ad52fc0ba9bccc5717fbc24335888ce5cc92c23c31e57c364a48b12ddee35
workspace_mirror/work/bridge_candidate_engine/outputs/mirofish_offline_replay/matrix/unsupported_claim__deterministic_rule__observed/profiles/twitter_profiles.json,17966,f9d2126e6d1064565b5c57384e6faced1992c34a36dcaa1ae250b94d6185446a
workspace_mirror/work/bridge_candidate_engine/outputs/mirofish_offline_replay/matrix/unsupported_claim__deterministic_rule__observed/propagation.json,2094,07cf238b931ac7c12ca11a85de7f2313399d36af515e7c68bcf9350841e51480
workspace_mirror/work/bridge_candidate_engine/outputs/mirofish_offline_replay/matrix/unsupported_claim__deterministic_rule__observed/raw_oasis_actions.jsonl,2938,e9f6a228dede070607b4780e5bae07eb4aba6b4b2ada13d3a9692b7bb0542317
workspace_mirror/work/bridge_candidate_engine/outputs/mirofish_offline_replay/matrix/unsupported_claim__deterministic_rule__observed/result.json,3102,d6f47134f9970fbc9f9f8f427d53efb1e5a05b47609acd3572a88a220e4eb3d4
workspace_mirror/work/bridge_candidate_engine/outputs/mirofish_offline_replay/matrix/unsupported_claim__deterministic_rule__shuffled/normalized_actions.jsonl,7263,c1da91315e55d1468107b0939d98ecbadd2063f1097ad59b2bbe31fd7d1f55f9
workspace_mirror/work/bridge_candidate_engine/outputs/mirofish_offline_replay/matrix/unsupported_claim__deterministic_rule__shuffled/profiles/reddit_profiles.json,17243,c26ad52fc0ba9bccc5717fbc24335888ce5cc92c23c31e57c364a48b12ddee35
workspace_mirror/work/bridge_candidate_engine/outputs/mirofish_offline_replay/matrix/unsupported_claim__deterministic_rule__shuffled/profiles/twitter_profiles.json,17966,f9d2126e6d1064565b5c57384e6faced1992c34a36dcaa1ae250b94d6185446a
workspace_mirror/work/bridge_candidate_engine/outputs/mirofish_offline_replay/matrix/unsupported_claim__deterministic_rule__shuffled/propagation.json,2144,2b32cef4b90486da9444001a7219e0424b3ca2108c76d20d0bf8b3596f37c8eb
workspace_mirror/work/bridge_candidate_engine/outputs/mirofish_offline_replay/matrix/unsupported_claim__deterministic_rule__shuffled/raw_oasis_actions.jsonl,2988,903b8ac30da30a144bf25a6652373eb33e7b4baaea0b7bd64b68412cff8bfb6e
workspace_mirror/work/bridge_candidate_engine/outputs/mirofish_offline_replay/matrix/unsupported_claim__deterministic_rule__shuffled/result.json,3102,cc557e7588aa3a94c3ac81001ba1bce4ab08bb431b76a3d215dcaa472ca89953
workspace_mirror/work/bridge_candidate_engine/outputs/mirofish_offline_replay/matrix/unsupported_claim__persona_heuristic__no_interaction/normalized_actions.jsonl,0,e3b0c44298fc1c149afbf4c8996fb92427ae41e4649b934ca495991b7852b855
workspace_mirror/work/bridge_candidate_engine/outputs/mirofish_offline_replay/matrix/unsupported_claim__persona_heuristic__no_interaction/profiles/reddit_profiles.json,17243,c26ad52fc0ba9bccc5717fbc24335888ce5cc92c23c31e57c364a48b12ddee35
workspace_mirror/work/bridge_candidate_engine/outputs/mirofish_offline_replay/matrix/unsupported_claim__persona_heuristic__no_interaction/profiles/twitter_profiles.json,17966,f9d2126e6d1064565b5c57384e6faced1992c34a36dcaa1ae250b94d6185446a
workspace_mirror/work/bridge_candidate_engine/outputs/mirofish_offline_replay/matrix/unsupported_claim__persona_heuristic__no_interaction/propagation.json,3,37517e5f3dc66819f61f5a7bb8ace1921282415f10551d2defa5c3eb0985b570
workspace_mirror/work/bridge_candidate_engine/outputs/mirofish_offline_replay/matrix/unsupported_claim__persona_heuristic__no_interaction/raw_oasis_actions.jsonl,0,e3b0c44298fc1c149afbf4c8996fb92427ae41e4649b934ca495991b7852b855
workspace_mirror/work/bridge_candidate_engine/outputs/mirofish_offline_replay/matrix/unsupported_claim__persona_heuristic__no_interaction/result.json,3112,cd7d4447f0d5f75b4bc1e1b6469418b5ca59a28b2a75de1cb7d60d219074e65e
workspace_mirror/work/bridge_candidate_engine/outputs/mirofish_offline_replay/matrix/unsupported_claim__persona_heuristic__observed/normalized_actions.jsonl,7163,73812d874ad264b7002e709cbe76b6d95c1c76700e879aedcb44f593d2feeb54
workspace_mirror/work/bridge_candidate_engine/outputs/mirofish_offline_replay/matrix/unsupported_claim__persona_heuristic__observed/profiles/reddit_profiles.json,17243,c26ad52fc0ba9bccc5717fbc24335888ce5cc92c23c31e57c364a48b12ddee35
workspace_mirror/work/bridge_candidate_engine/outputs/mirofish_offline_replay/matrix/unsupported_claim__persona_heuristic__observed/profiles/twitter_profiles.json,17966,f9d2126e6d1064565b5c57384e6faced1992c34a36dcaa1ae250b94d6185446a
workspace_mirror/work/bridge_candidate_engine/outputs/mirofish_offline_replay/matrix/unsupported_claim__persona_heuristic__observed/propagation.json,2094,07cf238b931ac7c12ca11a85de7f2313399d36af515e7c68bcf9350841e51480
workspace_mirror/work/bridge_candidate_engine/outputs/mirofish_offline_replay/matrix/unsupported_claim__persona_heuristic__observed/raw_oasis_actions.jsonl,2938,e9f6a228dede070607b4780e5bae07eb4aba6b4b2ada13d3a9692b7bb0542317
workspace_mirror/work/bridge_candidate_engine/outputs/mirofish_offline_replay/matrix/unsupported_claim__persona_heuristic__observed/result.json,3101,ac6f804e7fbd5194db9d97c33d5905c72827835be6e3a7eac27179a31d05a906
workspace_mirror/work/bridge_candidate_engine/outputs/mirofish_offline_replay/matrix/unsupported_claim__persona_heuristic__shuffled/normalized_actions.jsonl,2682,1a60fbfbf154dce41b0f21372c222edb5e7f869b2982c8fe668c3b70aae78ee8
workspace_mirror/work/bridge_candidate_engine/outputs/mirofish_offline_replay/matrix/unsupported_claim__persona_heuristic__shuffled/profiles/reddit_profiles.json,17243,c26ad52fc0ba9bccc5717fbc24335888ce5cc92c23c31e57c364a48b12ddee35
workspace_mirror/work/bridge_candidate_engine/outputs/mirofish_offline_replay/matrix/unsupported_claim__persona_heuristic__shuffled/profiles/twitter_profiles.json,17966,f9d2126e6d1064565b5c57384e6faced1992c34a36dcaa1ae250b94d6185446a
workspace_mirror/work/bridge_candidate_engine/outputs/mirofish_offline_replay/matrix/unsupported_claim__persona_heuristic__shuffled/propagation.json,802,c70b0739014b668c75a42f36c53a6faf221edfe72265b398b02e9811e7fe13bc
workspace_mirror/work/bridge_candidate_engine/outputs/mirofish_offline_replay/matrix/unsupported_claim__persona_heuristic__shuffled/raw_oasis_actions.jsonl,1107,da2ea878296dd4b691159f834aef71e7613882cd50b95b34cdaee8dfc84b6828
workspace_mirror/work/bridge_candidate_engine/outputs/mirofish_offline_replay/matrix/unsupported_claim__persona_heuristic__shuffled/result.json,3127,e5dd6e901315168c3032df05297acf0d8a3fa0452f79f4fbdb96795dbb12f98a
workspace_mirror/work/bridge_candidate_engine/outputs/mirofish_offline_replay/matrix/unsupported_claim__seeded_stochastic_rule__no_interaction/normalized_actions.jsonl,0,e3b0c44298fc1c149afbf4c8996fb92427ae41e4649b934ca495991b7852b855
workspace_mirror/work/bridge_candidate_engine/outputs/mirofish_offline_replay/matrix/unsupported_claim__seeded_stochastic_rule__no_interaction/profiles/reddit_profiles.json,17243,c26ad52fc0ba9bccc5717fbc24335888ce5cc92c23c31e57c364a48b12ddee35
workspace_mirror/work/bridge_candidate_engine/outputs/mirofish_offline_replay/matrix/unsupported_claim__seeded_stochastic_rule__no_interaction/profiles/twitter_profiles.json,17966,f9d2126e6d1064565b5c57384e6faced1992c34a36dcaa1ae250b94d6185446a
workspace_mirror/work/bridge_candidate_engine/outputs/mirofish_offline_replay/matrix/unsupported_claim__seeded_stochastic_rule__no_interaction/propagation.json,3,37517e5f3dc66819f61f5a7bb8ace1921282415f10551d2defa5c3eb0985b570
workspace_mirror/work/bridge_candidate_engine/outputs/mirofish_offline_replay/matrix/unsupported_claim__seeded_stochastic_rule__no_interaction/raw_oasis_actions.jsonl,0,e3b0c44298fc1c149afbf4c8996fb92427ae41e4649b934ca495991b7852b855
workspace_mirror/work/bridge_candidate_engine/outputs/mirofish_offline_replay/matrix/unsupported_claim__seeded_stochastic_rule__no_interaction/result.json,3117,7a4fca16fdebf9680c3ec0ad91e716b47230521d0a4190370e1144b441cc9304
workspace_mirror/work/bridge_candidate_engine/outputs/mirofish_offline_replay/matrix/unsupported_claim__seeded_stochastic_rule__observed/normalized_actions.jsonl,7163,73812d874ad264b7002e709cbe76b6d95c1c76700e879aedcb44f593d2feeb54
workspace_mirror/work/bridge_candidate_engine/outputs/mirofish_offline_replay/matrix/unsupported_claim__seeded_stochastic_rule__observed/profiles/reddit_profiles.json,17243,c26ad52fc0ba9bccc5717fbc24335888ce5cc92c23c31e57c364a48b12ddee35
workspace_mirror/work/bridge_candidate_engine/outputs/mirofish_offline_replay/matrix/unsupported_claim__seeded_stochastic_rule__observed/profiles/twitter_profiles.json,17966,f9d2126e6d1064565b5c57384e6faced1992c34a36dcaa1ae250b94d6185446a
workspace_mirror/work/bridge_candidate_engine/outputs/mirofish_offline_replay/matrix/unsupported_claim__seeded_stochastic_rule__observed/propagation.json,2094,07cf238b931ac7c12ca11a85de7f2313399d36af515e7c68bcf9350841e51480
workspace_mirror/work/bridge_candidate_engine/outputs/mirofish_offline_replay/matrix/unsupported_claim__seeded_stochastic_rule__observed/raw_oasis_actions.jsonl,2938,e9f6a228dede070607b4780e5bae07eb4aba6b4b2ada13d3a9692b7bb0542317
workspace_mirror/work/bridge_candidate_engine/outputs/mirofish_offline_replay/matrix/unsupported_claim__seeded_stochastic_rule__observed/result.json,3106,f0442a30428fa7154eca830de15ba70622e2df52578a5ae90ff42738c0cfa0aa
workspace_mirror/work/bridge_candidate_engine/outputs/mirofish_offline_replay/matrix/unsupported_claim__seeded_stochastic_rule__shuffled/normalized_actions.jsonl,7263,c1da91315e55d1468107b0939d98ecbadd2063f1097ad59b2bbe31fd7d1f55f9
workspace_mirror/work/bridge_candidate_engine/outputs/mirofish_offline_replay/matrix/unsupported_claim__seeded_stochastic_rule__shuffled/profiles/reddit_profiles.json,17243,c26ad52fc0ba9bccc5717fbc24335888ce5cc92c23c31e57c364a48b12ddee35
workspace_mirror/work/bridge_candidate_engine/outputs/mirofish_offline_replay/matrix/unsupported_claim__seeded_stochastic_rule__shuffled/profiles/twitter_profiles.json,17966,f9d2126e6d1064565b5c57384e6faced1992c34a36dcaa1ae250b94d6185446a
workspace_mirror/work/bridge_candidate_engine/outputs/mirofish_offline_replay/matrix/unsupported_claim__seeded_stochastic_rule__shuffled/propagation.json,2144,2b32cef4b90486da9444001a7219e0424b3ca2108c76d20d0bf8b3596f37c8eb
workspace_mirror/work/bridge_candidate_engine/outputs/mirofish_offline_replay/matrix/unsupported_claim__seeded_stochastic_rule__shuffled/raw_oasis_actions.jsonl,2988,903b8ac30da30a144bf25a6652373eb33e7b4baaea0b7bd64b68412cff8bfb6e
workspace_mirror/work/bridge_candidate_engine/outputs/mirofish_offline_replay/matrix/unsupported_claim__seeded_stochastic_rule__shuffled/result.json,3106,581c25fe5ddfb6a88591f2038b9b54e75b2833f6b38ccffccdb83b0ad3bbcc0f
workspace_mirror/work/bridge_candidate_engine/pyproject.toml,850,a29eb20581d692199e822c4b64676260902740b24d33ab7490e23b62d3d851e4
workspace_mirror/work/bridge_candidate_engine/repair_v21d_runtime.py,4178,af23253c5aac3d2a7cb56a636533920caa286ca14cd5a5d25c3043909ef79906
workspace_mirror/work/bridge_candidate_engine/requirements.txt,89,3036f3de750bc5a4d870efd5bcf6d1c3f7f9121379dc4759df7f7383946812b0
workspace_mirror/work/bridge_candidate_engine/run_mirofish_bridge_checkpoint.py,1526,2ca73093dbb8d44446ee50d23051377b645bb61d8610590de79f39a4b6d2f5da
workspace_mirror/work/bridge_candidate_engine/springfish/__init__.py,129,c852b19273e731430e866d363fa7409b496e1a3ef5662ac9599ca56f0950a232
workspace_mirror/work/bridge_candidate_engine/springfish/__pycache__/__init__.cpython-312.pyc,323,29e8c4d5e821ea37c538ea2dda3c207ddd580fb1246a33520ae2aa96d6b514c7
workspace_mirror/work/bridge_candidate_engine/springfish/__pycache__/bridge.cpython-312.pyc,4370,c64512b0f11f328373da5e57baf3f739758fc85ec5253a7846e8cbaa30dade39
workspace_mirror/work/bridge_candidate_engine/springfish/__pycache__/memory.cpython-312.pyc,5702,07d4e7a303aceac4f6f78307bec128129240e8f4e7fb6501611e5f4d8fd8a108
workspace_mirror/work/bridge_candidate_engine/springfish/__pycache__/mirofish_gate.cpython-312.pyc,7597,fff661b2a04db85874812b513b2872fdff643795f750d49a5073e70a58ac49ef
workspace_mirror/work/bridge_candidate_engine/springfish/__pycache__/mirofish_replay.cpython-312.pyc,19799,2af2e89658355c97afe7509ea457ee502105b07af2c7f67a94d35b9601e84a3d
workspace_mirror/work/bridge_candidate_engine/springfish/__pycache__/oasis_import.cpython-312.pyc,3780,82f3beb3020843697f9276f69b45e72d0f2e6fc86615d5c38960c6ad7dbfeef5
workspace_mirror/work/bridge_candidate_engine/springfish/__pycache__/persona.cpython-312.pyc,5046,a5d277e8d731e9da11ca65bb5945db51e7436dd809e6c4eb1902beb4b3c577a5
workspace_mirror/work/bridge_candidate_engine/springfish/__pycache__/schemas.cpython-312.pyc,4008,5280e447a37d47e81b7f5000db28094f27376e429a92fbf107092b1e5f5f547a
workspace_mirror/work/bridge_candidate_engine/springfish/adapters.py,4396,2191c97145dadd6089c2b69e022e186ae1c254c5f23fce53c23656492be9935e
workspace_mirror/work/bridge_candidate_engine/springfish/architected_extraction.py,38275,1af8901aae3c6a10786f84cbd7c97dfc9780ec5334167af6fc02fc0cf6284bf0
workspace_mirror/work/bridge_candidate_engine/springfish/architected_extraction_intake.py,24638,c3e24540ba7347cd78b26e0b45f223f5f920fdf7a728029805fb8e8b1c8ebaf4
workspace_mirror/work/bridge_candidate_engine/springfish/bridge.py,2857,fd6c37b7fda4102ec879101eaf21bc59d2937d546ddb2e4bf8c30f051724453a
workspace_mirror/work/bridge_candidate_engine/springfish/cadcad_runner.py,2745,253e8ca4ff87e17a30e844d1a8b8e35399695b652060288ccbcda2d151bb001a
workspace_mirror/work/bridge_candidate_engine/springfish/cli.py,15722,5a7b87a167c7dd2fce054af29e4582e964755605ee0f66020828f003a496550a
workspace_mirror/work/bridge_candidate_engine/springfish/config.py,2424,22f5d55699a0870502fdd3be3e1d202a11735f0571cb3be966caa3a4a7ba368f
workspace_mirror/work/bridge_candidate_engine/springfish/endogenous.py,28634,da72e2f281fca85b10c283e85b72a3750572ba7463aabf125a042efa8aeffac1
workspace_mirror/work/bridge_candidate_engine/springfish/endogenous_llm.py,7963,8b92813c0dde3249719144c0f1eef0d0ee53502c62b0980d6e5adc786859213b
workspace_mirror/work/bridge_candidate_engine/springfish/environments.py,1860,30303106bb2d266fe24ab9f629da8874c5aeffb6fbe9c2c63535cf9dbb8762c0
workspace_mirror/work/bridge_candidate_engine/springfish/game.py,3451,1a14704ac1e26498cb2f4d27218e5efdd1c24d080eac3e99c76a464b7f07147e
workspace_mirror/work/bridge_candidate_engine/springfish/graph.py,5130,f53f33bb9ddf8dcef479fedeed887b51e0b0d7e9c2c50f563a3eb9ddb5d962d9
workspace_mirror/work/bridge_candidate_engine/springfish/llm.py,6402,2363de33eed8ee1748eb897ef62007d660f31f8b8a3f7c7797ac70fb83a44f2e
workspace_mirror/work/bridge_candidate_engine/springfish/memory.py,3439,14b04c3dc9ed61b47a3f6b3054fb265ce11ad6b7efc2056bf1dec0c3745abe0b
workspace_mirror/work/bridge_candidate_engine/springfish/mirofish_gate.py,5553,3cf8c8445e828e24702a5e8529dc3b7fde1e8408a3ba1f972be1396f7bdf8a0e
workspace_mirror/work/bridge_candidate_engine/springfish/mirofish_replay.py,16604,0167815cb3da55b0ed22fdbc27c4952a2aa2660cb1903eb3f322a37b85274d70
workspace_mirror/work/bridge_candidate_engine/springfish/oasis_import.py,2257,eb1234dbd0e32d1d52b4c79ef27dc6eee8df4cccc7e1ef6ccf955cdef7a0705a
workspace_mirror/work/bridge_candidate_engine/springfish/persona.py,2746,e8aa5ec68f22aa6d452048d565517b95bf375e7048b706b1542c7d56457468a3
workspace_mirror/work/bridge_candidate_engine/springfish/report.py,2240,508b5c5736af30db1417c63326085d77ac60da37779c8f90dfb066e17811b0c6
workspace_mirror/work/bridge_candidate_engine/springfish/rq621_bridge.py,4584,6342c1519045df45c3dcc8d247a873334804186b6680c0130eb2b185230ebb2d
workspace_mirror/work/bridge_candidate_engine/springfish/rq621_c1_evidence.py,2308,d3f847f0c0616b7d72084cbe0dbb668f4f53235111e36caf251b7d84e81e4dbf
workspace_mirror/work/bridge_candidate_engine/springfish/rq621_shadow.py,3774,f41b09ea8f1558b811cbf0e5e5b7c527ae567681fd67a90acbcbdc0a10b33a19
workspace_mirror/work/bridge_candidate_engine/springfish/scheduler.py,571,a19af8ebc3949b5cfb4e1bb0305967a6e4a7abc501b213069bc25ecb5aaa4b36
workspace_mirror/work/bridge_candidate_engine/springfish/schemas.py,2066,0afaf8dab408eba52254ea9aea4e961ac90e1ad8419210b2ddca46e255581b4d
workspace_mirror/work/bridge_candidate_engine/springfish/simulation.py,19169,c5360a819464e861f3c007bb57c6c741c251cd7bd7c22d9934e7f07829ca2ba4
workspace_mirror/work/bridge_candidate_engine/tests/test_architected_extraction.py,10014,202e000bf2827518c0f714e97b3f9c6d3900b00f0324f1726343edb7be4aaacc
workspace_mirror/work/bridge_candidate_engine/tests/test_architected_extraction_intake.py,12493,05020e22db5118a8c8609c154afc8ff423cecbdf9104097cc7266557259bca63
workspace_mirror/work/bridge_candidate_engine/tests/test_cli_integration.py,4042,18eeaa18025e095717306f552a4148c62cdda744567b96ce64326bb25c411fb2
workspace_mirror/work/bridge_candidate_engine/tests/test_endogenous.py,1534,95b8a9d561a23326cc4fc9a81fe1d04e4a1f6235bd914e479fa2b3d8da1b0db4
workspace_mirror/work/bridge_candidate_engine/tests/test_game.py,784,50349bc3cc30d9c591772b4bae4afa96a286ad1ba15d88b880f67e2ed9737f55
workspace_mirror/work/bridge_candidate_engine/tests/test_graph.py,1001,efcaf5a4c18e7c7f1dcb64664e9d6440328258cab8172dc502bd5517f5d8dcdd
workspace_mirror/work/bridge_candidate_engine/tests/test_integration_layers.py,1804,d75c58b9daeb761f21fde72675ba8157d1cb0f44dbc8dcafecbaedf50514ff54
workspace_mirror/work/bridge_candidate_engine/tests/test_memory.py,1294,536e9d4445e70389a2c836fc6f32c9510d9d9c1977a54a4db06629b345547342
workspace_mirror/work/bridge_candidate_engine/tests/test_mirofish_gate.py,1726,e4071a7c104b71d549758293f16b7cd97007fefd202e9428039516f4d213c4f7
workspace_mirror/work/bridge_candidate_engine/tests/test_mirofish_replay.py,2838,a931f56c7bcdfd747ad52a74c551aa7e6a3caa3dbc41432f7fe4cb108e868ac8
workspace_mirror/work/bridge_candidate_engine/tests/test_oasis_import.py,469,7dff46a1e4be33ff2fb4788fc31b82ea3d7d8b596204b0ee97f7719e437ffe29
workspace_mirror/work/bridge_candidate_engine/tests/test_persona_bridge.py,745,074429408ff5d10f64b836743db96f46ffd868b9b64a9e8a810d25bce699f652
workspace_mirror/work/bridge_candidate_engine/tests/test_rq621_bridge.py,4217,3b011b0d908c85259f5308480922452e16c16bf3e0ddaf115d566a866c7ccca0
workspace_mirror/work/bridge_candidate_engine/tests/test_rq621_c1_evidence.py,2886,9bb29d162c5e2faac1bb854832f25e2f2fdb91e983bafa9b9edd5b24032284ed
workspace_mirror/work/bridge_candidate_engine/tests/test_rq621_shadow.py,2732,c11ca01fcbc7f7e9ac2001ce594f8e18bb0f02d764d3a841753fde68983d17fe
workspace_mirror/work/bridge_candidate_engine/tests/test_simulation.py,610,7e00cdc05b697f0020b73f19981880f720753d01a1f67199eb5cfe5798ba5778
workspace_mirror/work/bridge_candidate_engine/tests/test_study007e_adapter.py,689,79614225099f807a5ad83de61fec02712d3d01108cfd102cde7efaf4cb3f0839
workspace_mirror/work/bridge_candidate_engine/tests/test_study_007f_adapter.py,682,81631f35ec0621d1df747a30eef30ec28f19cf2356b3398020a07a45bd2b6464
workspace_mirror/work/bridge_candidate_engine/tests/test_study_007g_adapter.py,596,74ad506ff234c93385a70321e9e4016cb10e05e45b743df684167981b115d6d0
workspace_mirror/work/bridge_candidate_engine/tests/test_study_007h_adapter.py,902,0bde0b7af7bfe69be7c7e485deca6106038ec2b9fc05e44692a65c0ded538706
workspace_mirror/work/bridge_candidate_engine/tests/test_transition.py,1196,93450ee99acddafeff1a566d1010374f098e0946bf60a1eb73650dfb2cbbe338
workspace_mirror/work/bridge_candidate_engine/validate_mirofish_bridge.py,6429,38b42b61d75d34edebbe669225d475110489c932d4c6bca0aa58a7d48f4aa129
workspace_mirror/work/bridge_candidate_engine/validation/BETA3_VALIDATION.json,1488,d312873107b1e378521078a78b8a56546030d877888aecef9f1af1f02c431e27
workspace_mirror/work/bridge_candidate_engine/validation/DEFAULT_BASELINE_INVARIANCE.csv,672,14029a0f9c41b51e0b5157274489c7b75d7583b42452371b7d2a26e9b93350b5
workspace_mirror/work/bridge_candidate_engine/validation/LEGACY_OBSERVER_INVARIANCE.csv,127,b4576453307232847293aefe5f68a940af494fc6525acdc2f5630972bd87da34
workspace_mirror/work/bridge_candidate_engine/validation/PROMOTION_GATES.csv,1420,e82e21fd680b337d175b953aec7091a68ba642d3f527bfc4287e2205ec243b59
workspace_mirror/work/bridge_candidate_engine/validation/PYTEST_OUTPUT.txt,704,12368ea7648d3edc813ba38388404854788d96467b64a8962d969ab5d39dfa3b
workspace_mirror/work/bridge_candidate_engine/validation/RELEASE_GATES.csv,972,a24da5690d382209148e1c8c916fb228e9ca5acfd5d8585dc850f39ef33f556f
workspace_mirror/work/bridge_candidate_engine/validation/STUDY008B_ADMISSION_VALIDATION.json,2097,2a2e7a736f875d9723d8e6d103431711ba6a192048bb9250c0cfe331b27c6a71
workspace_mirror/work/bridge_candidate_engine/validation/STUDY008B_BANGLADESH_UNPOPULATED_AUDIT.json,5238,38064787a83640fee1b9ce3c7e4c08d6862e2dbc8c6f3bedb2fb5a1a29f2078e
workspace_mirror/work/bridge_candidate_engine/validation/STUDY008B_CLEAN_EXTRACTION_OUTPUT.txt,6350,96546d4bd42c6b4f52a50f7ce8d414eb97af413096f1b0b4ff89710490449437
workspace_mirror/work/bridge_candidate_engine/validation/STUDY008B_EXACT_REPLAY.json,612,d26c6e36d12c208f25b6bc5593be5bd38694477c3c7af77696b9e6d03975c487
workspace_mirror/work/bridge_candidate_engine/validation/STUDY008B_PRIOR_CANDIDATE_INVARIANCE.csv,38104,b0588736662752d1052ba1e42dac54974cfe043458ce278438fa6563189c4322
workspace_mirror/work/bridge_candidate_engine/validation/STUDY008B_PYTEST_OUTPUT.txt,767,8bd89579f13f19accdf48bcd7f8265091ec65d70068445ca0425e3ea960adb5c
workspace_mirror/work/bridge_candidate_engine/validation/STUDY008B_RELEASE_GATES.csv,663,b358d23512df206fa21208d8ca7cdcdae574e464f209d1f639416f97c3f05789
workspace_mirror/work/bridge_candidate_engine/validation/STUDY008B_SYNTHETIC_ADMISSION_AUDIT.json,7814,eb0fc8752893837af495a67fd3ed3bd06d296f8ff07f9c017b0a5fdc217bd312
workspace_mirror/work/bridge_candidate_engine/validation/STUDY008B_VALIDATION.json,1740,8655578bb0e38bc7f961e3e6d3f90e8d4b18a86270bbb461f5baf1e1065eb269
workspace_mirror/work/bridge_candidate_engine/validation/STUDY008_ADAPTER_VALIDATION.json,2454,a54b066f656b1bfa0d1c56ed458dce6110acb5e9d9ba3143802840d2a95b97e2
workspace_mirror/work/bridge_candidate_engine/validation/STUDY008_BANGLADESH_DATA_CENTRE_HYPOTHETICAL_REPLAY.json,121410,03ac5a3e4953e638964f817583559829e69430007ec3de7fa46292bc98c8088e
workspace_mirror/work/bridge_candidate_engine/validation/STUDY008_BASELINE_INVARIANCE.csv,31627,5050cc21ba3d16c76eb12750fa85bb9f206be272a2d1050a9f48b788986ddfb4
workspace_mirror/work/bridge_candidate_engine/validation/STUDY008_CLEAN_EXTRACTION_OUTPUT.txt,3222,103bfe0514e1c45a1cfb791c58ed1c125751c147df3e159ebdd1c5a1e9c8848b
workspace_mirror/work/bridge_candidate_engine/validation/STUDY008_EXACT_REPLAY.json,443,81d04e222c87fa6d8513794edafea3e4edb9ae26eb5d1935c785061e5d4b220d
workspace_mirror/work/bridge_candidate_engine/validation/STUDY008_PYTEST_OUTPUT.txt,767,36289bd38fd66257fbecccef905632ff2a788822ab0bf7820d08bd0bba9c72db
workspace_mirror/work/bridge_candidate_engine/validation/STUDY008_RELEASE_GATES.csv,947,8da9dc658f6914528d41367d8234c55ae706faf28d646316505710cbdbf27d6c
workspace_mirror/work/bridge_candidate_engine/validation/STUDY008_SYNTHETIC_CONVERSION_PROJECT_REPLAY.json,121786,9a10b81b0ac338c390a9301aae68ce061195426ac76cabab90a12275d63400f2
workspace_mirror/work/bridge_candidate_engine/validation/STUDY008_VALIDATION.json,1439,e1740f786e1e2a5114a2c1a748192911057fcc5a4a97d7e9d717f682df98e79b
workspace_mirror/work/bridge_candidate_engine/validation/mirofish_bridge/BASELINE_INVARIANCE.json,13981,d6e3c4c9b8a0f06b09f0089facc8b2ff34fb66736f7da27df77229cde05b2798
workspace_mirror/work/bridge_candidate_engine/validation/mirofish_bridge/RELEASE_GATES.csv,1433,896b4a07db6b01dcf97b1ee289d1fc9567e627192b6f136e7d0db431be6979f5
workspace_mirror/work/bridge_candidate_engine/validation/mirofish_bridge/TEST_OUTPUT.txt,854,bd39e80d8fce460be0ec5d24d18bd51191b3a93f2fac0b6763efcf9696d1b73a
workspace_mirror/work/bridge_candidate_engine/validation/mirofish_bridge/VALIDATION_RESULTS.json,2612,9d0502cd3f0311cfe81a782db1637efd72a309a893bd5888bcb69af39f5aad9d
workspace_mirror/work/bridge_candidate_engine/vendor/sld_sim/__init__.py,79,f19bd4c847094b9b39a01413df6c85361b1cebe00355ea554bd98983b50345fe
workspace_mirror/work/bridge_candidate_engine/vendor/sld_sim/cadcad_adapter.py,2996,5859afac968e78b91c6f44b2e94758864396f0a4f9b43a7391b95aadbee91c78
workspace_mirror/work/bridge_candidate_engine/vendor/sld_sim/calibration.py,958,2b7804d4253ec86d501035fa858cedbbfcb213550e21bb3f2effd90e433c9410
workspace_mirror/work/bridge_candidate_engine/vendor/sld_sim/causal_validation.py,3011,88235549fb242d8449d738a4b75aa31b89b98dba2851ffc4fd027cae9f2f36df
workspace_mirror/work/bridge_candidate_engine/vendor/sld_sim/engine.py,70915,0e56e8d48d3430c2be856992b1484b5b33a8b4435bb7320ae80d71a8c7e04614
workspace_mirror/work/bridge_candidate_engine/vendor/sld_sim/games.py,13146,a8de52eac0866aff0a46b8bb1ed3cb09f8db49fc81628e82fd486bf6f7bff80e
workspace_mirror/work/bridge_candidate_engine/vendor/sld_sim/graph_loader.py,8331,99c7cd44b25709d75f1ba71dbee96f9c5d5471637ab98218ea7b7d9e096c9ed9
workspace_mirror/work/bridge_candidate_engine/vendor/sld_sim/micro_agents.py,9325,78e49271e4b6a44f062538379c8145be612d0af33a560a658ecc8f405c456253
workspace_mirror/work/bridge_candidate_engine/vendor/sld_sim/payoff_calibration.py,8682,a6fe6adb31522e7fe85ea8d68dbf42facd570d3971eb10f81ea43022ba470ad3
workspace_mirror/work/bridge_candidate_engine/vendor/sld_sim/risk_analysis.py,6232,e4eca0f5cfbcdb7496c185adc5631f6faa14302dacf1035a19a9da9a83312284
workspace_mirror/work/bridge_candidate_engine/vendor/sld_sim/validation.py,11946,117f85b373d67035fddfddd0d38ff61e1942b28342d951a20584ad4d3af02a42
workspace_mirror/work/hamba_pilot_engine/00_HANDOFF/00_START_HERE.md,879,5237ca938a4a6e10a27cbd360fb93048238a647351b6f12e1251dfb1232ab68d
workspace_mirror/work/hamba_pilot_engine/00_HANDOFF/DETAILED_HANDOFF.md,2081,0428a7fc3a55d1f639dae87ea6df2c8054657c46774d05f960cb07d9d5329424
workspace_mirror/work/hamba_pilot_engine/00_HANDOFF/FILE_SYSTEM_MAP.md,1081,3fafe65db742a5d156e32103c76ff45b43c2a4cdd9407dfff36bbba77363d167
workspace_mirror/work/hamba_pilot_engine/00_HANDOFF/MIGRATION_COVERAGE.md,1235,8937c14eb027b6795dad6c1b2ca0873b30e962830670c111521ea4921f782da6
workspace_mirror/work/hamba_pilot_engine/00_HANDOFF/NEXT_SESSION_INSTRUCTIONS.md,1040,1a0c502daaae6669fbf7dfadbaac19b888ada6228fa7e270a33e76f4aa1cecc4
workspace_mirror/work/hamba_pilot_engine/00_HANDOFF/PROJECT_STATE.json,1309,cb6439cbb40187c5f1aea0b0c70f42256ed133524f14a83f400234e3b9b9e571
workspace_mirror/work/hamba_pilot_engine/00_HANDOFF/verify_migration.py,912,35c27aaeaa230754237758de58cedde23c26fd227392d3da283759f3aa788683
workspace_mirror/work/hamba_pilot_engine/CANDIDATE_RELEASE.json,1160,7cd571e2b71b8a1eecd3b81a4cdfbaa19c9d12680051f481184dd46ddfe573f8
workspace_mirror/work/hamba_pilot_engine/CANDIDATE_RELEASE_EXTERNAL_QUALIFICATION.json,1385,11f9e15c32f1d2f7336b0ea4c2fe6f21d764800791683eda39f4f3d44c18355a
workspace_mirror/work/hamba_pilot_engine/CANDIDATE_RELEASE_HAMBA.json,1121,9f4f85aa16d770e90c4fd083bba7c5ddb314d66d6b3cd1561afd4634db067127
workspace_mirror/work/hamba_pilot_engine/CANDIDATE_RELEASE_MIROFISH_BRIDGE.json,911,50b1efbdff257b05490d768928e9a94e1727f49ec78e381680faaaebe426c109
workspace_mirror/work/hamba_pilot_engine/CANDIDATE_RELEASE_V34_2_6.json,1197,157b76ddf3ffcaae193cdff00cfbd8ec1181a629268b6e0be9b8340fae8200c4
workspace_mirror/work/hamba_pilot_engine/CANONICAL_INTEGRATION_BOUNDARIES.md,189,8f80c0a2520bbc917cb706bdb3fb5ca19471efbebe3cb7845a43fc0e17938c2e
workspace_mirror/work/hamba_pilot_engine/CHECKSUMS.sha256,24520,fac7f7507379a9d1324b1a1ce6feced00e36ac37b570d8dfca4280361de61840
workspace_mirror/work/hamba_pilot_engine/CHECKSUMS_V34_2_6.sha256,55427,38d22000639bfe91f229725493f47e57b2ec04b4920e294a2e082844fc8a2018
workspace_mirror/work/hamba_pilot_engine/EXECUTION_REPORT.md,1385,6be49a79f5e06620cb4f27dcf13ac71b14e34eccb106cdf1ae6f6f5874b45d63
workspace_mirror/work/hamba_pilot_engine/HAMBA_Consolidated_Business_Plan.md,93513,d4dc6063440100a2d9dd57e0747d2a8d8abd35a71a42453990da5931b16af319
workspace_mirror/work/hamba_pilot_engine/MANIFEST.json,41882,a96f3a384748d501f3adbbc0bc2e3ecd56241279f2f90bb981ac6f5b73cb38e2
workspace_mirror/work/hamba_pilot_engine/MANIFEST_V34_2_6.json,85243,6bab3f2bdbe419c295174adf7af1ebadf303be124e1eb4925e9622d44bcb036e
workspace_mirror/work/hamba_pilot_engine/MIROFISH_BRIDGE_CHECKPOINT_README.md,3343,c6eb3f779fc76b637d80de65043e893f733548e4a6d6407f10f4c55e3ef28734
workspace_mirror/work/hamba_pilot_engine/MIROFISH_BRIDGE_SOURCE_CONTRACT.md,1573,890ef2c43682dd1e0b82dc80e4b600df0b73dc995567078e4d1606644b17b57b
workspace_mirror/work/hamba_pilot_engine/README.md,2157,2ee665d1a39a9a894f9e4db9e2efb47b60cc6be123e09ab7eaf40b7bd217eaa1
workspace_mirror/work/hamba_pilot_engine/RQ621_BRIDGE_PREREGISTRATION.md,566,4cb97e99837c8b38b41c5d61c52878663001815ac1d9a7a330147567cfa3aac2
workspace_mirror/work/hamba_pilot_engine/RQ621_SHADOW_ACTIVATION.md,877,966d00b0d3f117fdc74d05a837d9ec6c224eef0769c46f4e7040a18a4f88a5e5
workspace_mirror/work/hamba_pilot_engine/__pycache__/run_hamba_pilot.cpython-312.pyc,1355,26574d832ccb5e57787067544c01e9a8795aadef1c1cecce96a94553888afc55
workspace_mirror/work/hamba_pilot_engine/adapters/architected_extraction/CASE_REGISTER.json,888,e2fb64ee7c5c2b2aace216dac426fdcea66952cbfdc9fc9c19ae8a4b6e675bdd
workspace_mirror/work/hamba_pilot_engine/adapters/architected_extraction/EVIDENCE_FIREWALL.json,1203,09d38cb5b0691a32c335fa8251b967439483725f2461f1c5fb2f274fc18fb49a
workspace_mirror/work/hamba_pilot_engine/adapters/architected_extraction/EVIDENCE_GAPS.csv,1882,4326530aa227dad3c5f658498c4beccdc57e70fe913fe3ea11ecb172161ecca8
workspace_mirror/work/hamba_pilot_engine/adapters/architected_extraction/EVIDENTIARY_CONDITION_REGISTER.csv,1553,6168ba8b2870c0f5bd3a19999ddf56890b352dca7d991d0acba2edff28e56740
workspace_mirror/work/hamba_pilot_engine/adapters/architected_extraction/MODEL_SPECIFICATION.md,2599,1e633810d8485fc1f830e05268b2fec8e5f41e865aa618e6059ca6dca13fdf2e
workspace_mirror/work/hamba_pilot_engine/adapters/architected_extraction/MODULE_EVIDENCE_REGISTER.csv,1061,fc5d9f428be02e3f0f4eb0bbe6c8e535ac60d7ea6008a8d9b588fa2e4dfea727
workspace_mirror/work/hamba_pilot_engine/adapters/architected_extraction/PARAMETER_REGISTER.csv,4898,400fa3e9472309fe12f677e74fa977d8baf2db862f7167ffe8fc993cdc7f1dee
workspace_mirror/work/hamba_pilot_engine/adapters/architected_extraction/PRE_REGISTRATION.md,2693,9b4d77185e5b2104a550ac5d120925c87851bfa2cb08c6d49e1ae996a22dfd77
workspace_mirror/work/hamba_pilot_engine/adapters/architected_extraction/README.md,1577,a843f1b41da5da46fa17072d01f70e1c2103ab6ea2e57950d8c9e270717afadf
workspace_mirror/work/hamba_pilot_engine/adapters/architected_extraction/SCENARIOS.json,6525,704143b24f4f8e89e757db669755cf0e84abe32a2d27a2c8c2a69ab9dbec700b
workspace_mirror/work/hamba_pilot_engine/adapters/architected_extraction/SCIENTIFIC_SUMMARY.json,847,ef641ac320b17e41f4c5623e1d401da32190742213868c61d721f1f89188159e
workspace_mirror/work/hamba_pilot_engine/adapters/architected_extraction/SOURCE_CONTRACT.md,2223,a5d91b779ee9a94bad4793cf50cc312b2b37088c851ed5ae3f580643f4979a39
workspace_mirror/work/hamba_pilot_engine/adapters/architected_extraction/STRESS_SCENARIOS.json,1716,bc69ba138ce09bb9fb1ddee76326e1878d7c51888275088ce1c369b07980d2da
workspace_mirror/work/hamba_pilot_engine/adapters/architected_extraction/cases/bangladesh_data_centre_hypothetical.json,3163,ec9d2bbb87538160ef82dadcefa0670baa56735185ce86a1304a0211b21ee234
workspace_mirror/work/hamba_pilot_engine/adapters/architected_extraction/cases/synthetic_conversion_project.json,3081,01ba159bfc2f17a26096131ea6a0de4be2ee6e537d44ab0ee2f2c38ac7c09b17
workspace_mirror/work/hamba_pilot_engine/adapters/architected_extraction/reference/V34_2_CANDIDATE_DELTA.json,251220,eef14915e5b41b68ccbe22a5503e652abe69f677f1cc355122c782707e6986af
workspace_mirror/work/hamba_pilot_engine/adapters/architected_extraction_intake/ADMISSION_RULES.json,1639,31e0d4fd65ce13212f22fee6ebd69fe79a945beed71ad325ec7f55367ebdbf68
workspace_mirror/work/hamba_pilot_engine/adapters/architected_extraction_intake/PROJECT_INTAKE_SCHEMA.json,3057,f4f17b63ea6adc0ee3d0388cf8fe26f13c2e19a52214c47f5e33f03dcbdc3abb
workspace_mirror/work/hamba_pilot_engine/adapters/architected_extraction_intake/README.md,1977,84e0380d90f2d21991e80397c50fdcb581f83ecd41d7c026994067301086b135
workspace_mirror/work/hamba_pilot_engine/adapters/architected_extraction_intake/reference/BANGLADESH_PROJECT_INTAKE_UNPOPULATED.json,1134,98d3b2802d970a81ef3d6bde792f7913d3ea2b4e2569982b779abfde83f29161
workspace_mirror/work/hamba_pilot_engine/adapters/architected_extraction_intake/reference/SYNTHETIC_ADMISSIBLE_PACKET.json,4548,c1458008b016fc3b3eee2cb30ea1a72695892094f41e94e7b73e13de9735e332
workspace_mirror/work/hamba_pilot_engine/adapters/architected_extraction_intake/templates/BENEFIT_CHANNEL_REGISTER_TEMPLATE.csv,84,9ca6ebaf761204447f421c05588cda96bf7436aa030a8e89d50da153a7d3eaac
workspace_mirror/work/hamba_pilot_engine/adapters/architected_extraction_intake/templates/EVIDENCE_ITEM_REGISTER_TEMPLATE.csv,91,e23ef9ba9127a13a9cc2f6af1fef952ac8557e411f5d47411736f07c07a8149a
workspace_mirror/work/hamba_pilot_engine/adapters/architected_extraction_intake/templates/LIABILITY_GATE_EVIDENCE_REGISTER_TEMPLATE.csv,242,df1e10bc3ccf01ef913419b21c25e9d7c9e6867d5cd489f6c6a74a543244871a
workspace_mirror/work/hamba_pilot_engine/adapters/architected_extraction_intake/templates/OVERLAP_RECONCILIATION_TEMPLATE.csv,59,bd4f94964a6a6a41e331b119b02afc634948a6c38346699c764b7d2a5b584d39
workspace_mirror/work/hamba_pilot_engine/adapters/architected_extraction_intake/templates/PROJECT_INTAKE_TEMPLATE.json,980,3e86af359ed6ba792cd025f41289b2ee09687ac90dedbe688a7e6ce9d9fc78f1
workspace_mirror/work/hamba_pilot_engine/adapters/architected_extraction_intake/templates/RIVAL_EXPLANATION_REGISTER_TEMPLATE.csv,55,9823d602e4aeac479ea9994d95ab22e446ea5a06d66dd4c8b3abf0103b3c2df1
workspace_mirror/work/hamba_pilot_engine/adapters/architected_extraction_intake/templates/SOURCE_REGISTER_TEMPLATE.csv,114,77dd60e6a5cdd1c06f493d1cb27684d855e8c76895fde6dfc04663d59160aa77
workspace_mirror/work/hamba_pilot_engine/adapters/rq621_bridge/BRIDGE_VALIDATION_SUMMARY.json,954,1ea01f1375277234e073e4cdca02df3f808ed838c32e13596b808cd22aca7d6a
workspace_mirror/work/hamba_pilot_engine/adapters/rq621_bridge/CANDIDATE_MAPPING_REGISTER.csv,2915,46e3d48b5f95ee76e656f9e17921970345c2b6a7d5ac16e4bdc112ef55036128
workspace_mirror/work/hamba_pilot_engine/adapters/rq621_bridge/ENGINE_OBSERVABLE_REGISTER.csv,825,abad655ba800cb0f18bc853d8b4f00e1b9bd941387a1556bf520cb03d2d3aa63
workspace_mirror/work/hamba_pilot_engine/adapters/rq621_bridge/PREREGISTRATION_CONTRACT.json,1429,3091b5ce8c192ad44ea1fff2d1fba161707b1867151f5014131c276f1130a5ec
workspace_mirror/work/hamba_pilot_engine/adapters/rq621_bridge/SEMANTIC_FIREWALL.csv,570,1aa8accb6aee1cf145dec79f7ca7ec985484d5d49683a259db1177d3ae7dd835
workspace_mirror/work/hamba_pilot_engine/adapters/rq621_c1_evidence/ACCESS_GAPS.csv,2025,1bd448eed36bbbe7a709f6dcddf0c323de8cab1f17ca931920734f06655c4ff3
workspace_mirror/work/hamba_pilot_engine/adapters/rq621_c1_evidence/CLAIM_REGISTER.csv,2275,3c9785199223e0b91679bd4ce3c8db6b433b459efab91dc3e5c625e61a836d96
workspace_mirror/work/hamba_pilot_engine/adapters/rq621_c1_evidence/DEVELOPMENT_OBSERVATIONS.csv,4532,acb0e043dd1dad563b9af60cf7c8c138b1b251cab7236a13ea92fd8d978b676e
workspace_mirror/work/hamba_pilot_engine/adapters/rq621_c1_evidence/ENTITY_SEPARATION_REGISTER.csv,775,fe4a76e0c52cc768090773e512a122d3004bb813ed8ec5aa28dd01501e27734f
workspace_mirror/work/hamba_pilot_engine/adapters/rq621_c1_evidence/FINANCE_STAGE_REGISTER.csv,633,fe1746c6f6e4abded0e0ff074088f2c25a26b369c9f4569626cd5a0457eda016
workspace_mirror/work/hamba_pilot_engine/adapters/rq621_c1_evidence/PINK_SHEET_FERTILIZER_EXTRACT.csv,351,021b4e3fc7958e97993f1faacd2b4cd0f0720ee09e0a0b964d9c627a5d67dc8a
workspace_mirror/work/hamba_pilot_engine/adapters/rq621_c1_evidence/PROSPECTIVE_HOLDOUT.json,1206,6b2d172f89dc0c5ba9a413228d82984d4b2119fbaba57d71a154aced97826f14
workspace_mirror/work/hamba_pilot_engine/adapters/rq621_c1_evidence/SCIENTIFIC_SUMMARY.json,1037,f49b562dcc2aef3cb2a0cb417e07ff434a76875374528f00ee84c4d493512996
workspace_mirror/work/hamba_pilot_engine/adapters/rq621_c1_evidence/SOURCE_REGISTER.csv,7533,2e57dccf54bb5b47f114faa1f970fe07d99782b3d314100c3073523aec0c1c83
workspace_mirror/work/hamba_pilot_engine/adapters/rq621_c1_evidence/STATE_EVIDENCE_MATRIX.csv,3127,821e7144895da33b6085d162ce48e3e570c44e06bc22867d023276dd632bffd2
workspace_mirror/work/hamba_pilot_engine/adapters/rq621_shadow/CONSTRAINT_SWITCH_RESULTS.csv,508,ca591488fb60ebe0083fe499fc0558b57bd5bb174cf70c1d640a453d4aa50ba0
workspace_mirror/work/hamba_pilot_engine/adapters/rq621_shadow/DOMINANT_FEEDBACK_CHANNELS.csv,8143,fa8ca376e572d63eab5ee453ca18effc43ce88cfc9832cae9b5c01ae13425b98
workspace_mirror/work/hamba_pilot_engine/adapters/rq621_shadow/EIGENVALUES.csv,9127,95c156793030354c267e91cc6fed00b3ab3e2ba6e974a2cad3e84bc676b06313
workspace_mirror/work/hamba_pilot_engine/adapters/rq621_shadow/FINITE_DIFFERENCE_VALIDATION.csv,3590,c54e4abdd30f6c37a3fe7885905e21cd92766f4553bea22dfb3b91fb73bc14f0
workspace_mirror/work/hamba_pilot_engine/adapters/rq621_shadow/FIXED_POINTS.csv,2263,d4f31655ef2b5fdbbe44936e541c6fbb45497d7e9b48b949fbc3d15c02ef4be3
workspace_mirror/work/hamba_pilot_engine/adapters/rq621_shadow/JACOBIAN_MATRICES_LONG.csv,83336,708e47978fd273d6d61e88ab4c70f434dd60a9664bdef4b6e11de7c6cd2a7ee7
workspace_mirror/work/hamba_pilot_engine/adapters/rq621_shadow/LOCAL_GLOBAL_BOUNDARY.csv,635,8c9927bcc093034c3e0dd1ff3932578896f6c99651d3762f343af20cb4ffc1b6
workspace_mirror/work/hamba_pilot_engine/adapters/rq621_shadow/PARAMETER_REGISTER.csv,5324,910d8cf2b7c694d7d8e1382b657bafdbe7e8959be30f24834fe76002d67c228d
workspace_mirror/work/hamba_pilot_engine/adapters/rq621_shadow/PERTURBATION_TRAJECTORIES.csv,64959,125f72a99c6674412199dd09e9e9cde178ac46451d87dc364d0d3ad78da9d506
workspace_mirror/work/hamba_pilot_engine/adapters/rq621_shadow/SCIENTIFIC_SUMMARY.json,323,2e41dac2a548bb1f1ce3864beeb45cf7fd496af7891312130fd2fe84445bd727
workspace_mirror/work/hamba_pilot_engine/adapters/rq621_shadow/SHADOW_ACTIVATION_CONTRACT.json,828,d8b05e017e543a4fcc420412b64cbb813af291b46d4eb90c470b2bc26e2db878
workspace_mirror/work/hamba_pilot_engine/adapters/rq621_shadow/SPECTRAL_RADIUS_SUMMARY.csv,1211,45d1de301bd515f4e9ee1897e3bd90254d2e3d08cf94746eab3f9430c4b5c454
workspace_mirror/work/hamba_pilot_engine/adapters/rq621_shadow/STABILITY_CLASSIFICATION.csv,172,6282032b05eb11f81bba8ebdd7a7eecf63204966d867ed11dbe78fa82b2a72e4
workspace_mirror/work/hamba_pilot_engine/adapters/rq621_shadow/STABILITY_SCENARIOS.csv,5324,910d8cf2b7c694d7d8e1382b657bafdbe7e8959be30f24834fe76002d67c228d
workspace_mirror/work/hamba_pilot_engine/adapters/rq621_shadow/STATE_MAPPING_REGISTER.csv,1298,bcd60252dfbc037d27a65ea9b68750aa7c3a6c7509540ab0b74e08f057b1c252
workspace_mirror/work/hamba_pilot_engine/adapters/study_007e/COMPARATIVE_CLAIM_REGISTER.csv,776,925dec9f4a0f9ac7708d9484f8bef2b72499b221ea146fcbcb85d1f08c1de175
workspace_mirror/work/hamba_pilot_engine/adapters/study_007e/EVIDENCE_GAPS.csv,802,a2a021ddada68ed825776462fa48e39b8b43d36b2070bda3f19e0916c68cc968
workspace_mirror/work/hamba_pilot_engine/adapters/study_007e/EXIT_LAYER_REGISTER.csv,1613,248d7176cd118fbaf43506344b61dec20122fa7aa96135d3b6579576af4a83b1
workspace_mirror/work/hamba_pilot_engine/adapters/study_007e/PLATFORM_PORTABILITY_MATRIX.csv,2755,76a645227ed85c730c4a772a0c8dc5d27dcc6783eac5ad7c78be5d30bfac8778
workspace_mirror/work/hamba_pilot_engine/adapters/study_007e/PORTABILITY_BY_LAYER.csv,3960,a797df71fa3beb145fd26c012cb08e583314f59551569d430a18572df3192fb0
workspace_mirror/work/hamba_pilot_engine/adapters/study_007e/SCIENTIFIC_SUMMARY.json,682,d06a44035043d0ade62228eba376ce35f7cc7ae2eb2d5a7ac65294f7774978e1
workspace_mirror/work/hamba_pilot_engine/adapters/study_007e/SOURCE_REGISTER.csv,4160,11b9f43b781383df2328ac315cc5199a7b6023eded9ae531fc098d29842fc7a0
workspace_mirror/work/hamba_pilot_engine/adapters/study_007f/COMPARATIVE_CLAIM_REGISTER.csv,1123,095970491dccfbc0ad5eed285ed2fec837a17ca2faa63537d5daf90f3bf44b99
workspace_mirror/work/hamba_pilot_engine/adapters/study_007f/DEVOPS_CATEGORY_SUMMARY.csv,325,e7c99649d326b22c63f704934073afdddb37e520a1c715ebe1ea95b7127a8a29
workspace_mirror/work/hamba_pilot_engine/adapters/study_007f/DEVOPS_INCIDENT_LEDGER.csv,2144,50a6ff7477a07ef19cfd063ff591d673040981db5d5c92a4afdda923dd76f9a1
workspace_mirror/work/hamba_pilot_engine/adapters/study_007f/DEVOPS_LAYER_REGISTER.csv,2779,e058b08a4d3e4f48c31726d5a0ea5940287329ddac725852c6af3c822110434b
workspace_mirror/work/hamba_pilot_engine/adapters/study_007f/EVIDENCE_GAPS.csv,1284,751be9c01fc50cf19f2cb911a84dc0be1f42e9dcdc4d3ef9705dc3927adb8558
workspace_mirror/work/hamba_pilot_engine/adapters/study_007f/MIGRATION_REVERSIBILITY_MATRIX.csv,1175,5cacc1c9fcd92d70433350a6d94270c44617629a2e1e77348fa6f718d6915c49
workspace_mirror/work/hamba_pilot_engine/adapters/study_007f/PLATFORM_EXECUTION_MATRIX.csv,2859,deab9c979c705d5df9710a990d8d31552c6109a6d7a0f87e81ade706f742402c
workspace_mirror/work/hamba_pilot_engine/adapters/study_007f/PLATFORM_LAYER_COVERAGE.csv,612,9b7810fe98324c6adfb7ef3f269e6c99e9de1319f26fca47acd3b76c946b16c4
workspace_mirror/work/hamba_pilot_engine/adapters/study_007f/SCIENTIFIC_SUMMARY.json,739,67de840dfb547f02622c4df84b61d6a2a2bb7cb06008f11539a423f7fd57ace3
workspace_mirror/work/hamba_pilot_engine/adapters/study_007f/SOURCE_REGISTER.csv,5417,8a8a4b08bc6bf75ee3a3454f9d8a97053da80c462b4005f0d561ba2e3c7bec38
workspace_mirror/work/hamba_pilot_engine/adapters/study_007g/COMPARATIVE_CLAIM_REGISTER.csv,864,ffac55536aa029e5bf695398ccccd8dedd615ff829acd4dc028a35e694fd75c3
workspace_mirror/work/hamba_pilot_engine/adapters/study_007g/EVIDENCE_GAPS.csv,980,bbcf9d87988971faf3b91a89401c2e09118a1f5ad11bd5c83e6373be420650f4
workspace_mirror/work/hamba_pilot_engine/adapters/study_007g/HISTORY_DEPENDENCY_LAYER_REGISTER.csv,1827,2f07dab586a70d3a7545f53db4b570aaa614969865ab73358ab09ffc06f5c3c4
workspace_mirror/work/hamba_pilot_engine/adapters/study_007g/INCIDENT_LEDGER.csv,1103,95662c34983847b9c0e857df2bfc4ce7dd41542a01bbb29fa0a239e8f7ff2086
workspace_mirror/work/hamba_pilot_engine/adapters/study_007g/PLATFORM_HISTORY_PORTABILITY_MATRIX.csv,4457,685e465174c0ed0fe69dbcc2cd380c72ddb319b70281e53071bd776ccefc0e4f
workspace_mirror/work/hamba_pilot_engine/adapters/study_007g/RAMP_CATEGORY_METRICS.csv,1157,1f8fda3af28f1fbd1ac9471fcaf4d1b4f50c7b9251cbfea2bcaa4f903e6125a5
workspace_mirror/work/hamba_pilot_engine/adapters/study_007g/RAMP_VENDOR_METRICS.csv,3225,82ab19e015cc7fdcb2da901a093b6aa2e5a8bf9e589ce5fd86c0126bbea921ba
workspace_mirror/work/hamba_pilot_engine/adapters/study_007g/SCIENTIFIC_SUMMARY.json,601,08400b3e27a16a2610ae1ca02e3172a2a233c655f94bff6d3cbbb11b05b0fc97
workspace_mirror/work/hamba_pilot_engine/adapters/study_007g/SOURCE_REGISTER.csv,6478,f967554b2aaa97e1649e6c17b7484ad98ecd8dc22977f96f7dbdba865146f98d
workspace_mirror/work/hamba_pilot_engine/adapters/study_007h/ANOMALY_HYPOTHESIS_REGISTER.csv,3092,b9cadc4f75911f58d63731acac5f04dd3a81c222247a622ed3f9be84be574e7c
workspace_mirror/work/hamba_pilot_engine/adapters/study_007h/BI_VENDOR_DIAGNOSTIC.csv,2046,709f5c38afca07b43ba613ab7e028798d08320e4b97c0c302ce4768b494bef31
workspace_mirror/work/hamba_pilot_engine/adapters/study_007h/CATEGORY_CONCENTRATION_SUMMARY.csv,741,fccedf17ed46cbcd609c9fd61bc45bac2fe73a43b05b1d9fed927f11d73365bd
workspace_mirror/work/hamba_pilot_engine/adapters/study_007h/COMPARATIVE_CLAIM_REGISTER.csv,1914,82d250affc4c87925b4e891069c5c2b122b660ee9c726aa6f1328b9164910c60
workspace_mirror/work/hamba_pilot_engine/adapters/study_007h/EVIDENCE_GAPS.csv,1694,e01a6a7e0183b25ce38672fc2606f56c92af000a732618ab06b277f43b9a28ab
workspace_mirror/work/hamba_pilot_engine/adapters/study_007h/LOOKER_SEGMENT_PROFILE.csv,473,0b76192227af65b364447579a415886c7308fd6955a67b421642b2e8a5c2bfab
workspace_mirror/work/hamba_pilot_engine/adapters/study_007h/NAMED_SCALE_EXEMPLARS.csv,949,53182124a66cdfc60290348df1ed8dcad031a63ec9c239cb36f7ae5b4602af4d
workspace_mirror/work/hamba_pilot_engine/adapters/study_007h/PRODUCT_ARCHITECTURE_REGISTER.csv,1782,4ea8cd48d5117d73ca6e77db497aad8f46f31b6b7b9ae89fc6a4c4d8c856f7a1
workspace_mirror/work/hamba_pilot_engine/adapters/study_007h/SCIENTIFIC_SUMMARY.json,952,30c77496782a8110909f923670622a0c267d9cf80cda140f9038793d36ce38ce
workspace_mirror/work/hamba_pilot_engine/adapters/study_007h/SOURCE_REGISTER.csv,4762,1c538d915be0789be6d14d50da3fd4039c32db13a134c084bba507ee52fdf7b9
workspace_mirror/work/hamba_pilot_engine/aeq001/00_START_HERE.md,2821,59480f71be86fa914474f8a3e4283968dc03f2fab0a9359077cb9bf4056f3574
workspace_mirror/work/hamba_pilot_engine/aeq001/AEQ001_ADJUDICATION_AND_QUALIFICATION_WORKBOOK.xlsx,14542,5fba10816b0aeb9781417d4b5b064982170a09bb61a442400fa1968e17a3f0b2
workspace_mirror/work/hamba_pilot_engine/aeq001/AEQ001_ADJUDICATION_AND_QUALIFICATION_WORKBOOK.xlsx.inspect.ndjson,193401,191bc66e1e3f1e6853c5f681dff37de283ce10eebd80bd6f573e4c87bef2a91d
workspace_mirror/work/hamba_pilot_engine/aeq001/analysis/CASE_ADJUDICATION_SUMMARY.csv,1068,846781bc029f16721340baaad233ca033bacf3357b46523d4964b524d13c84e0
workspace_mirror/work/hamba_pilot_engine/aeq001/analysis/PRACTICE_FUSION_ADMISSION_AUDIT.json,12044,8c5be9d51ec50f8c5c9b988547ec8ff98b11842c8a561ba7365b325085336c3a
workspace_mirror/work/hamba_pilot_engine/aeq001/analysis/RIVAL_AND_NEGATIVE_CASE_REGISTER.csv,1301,31d8791e8ff99279ee24c83c3e846d76565ac01d9aa08ee0e1f28854828eed63
workspace_mirror/work/hamba_pilot_engine/aeq001/analysis/SCIENTIFIC_SYNTHESIS.md,4420,bb321e8ed8aefed65223e0aed85d259306bf0127997ab368724fbb19a18df4ed
workspace_mirror/work/hamba_pilot_engine/aeq001/analysis/WEDGE_INPUT.json,3103,0b0915dca5fcb483313d10481b2a94c5130a9f0378baa66042d222ef3936fd44
workspace_mirror/work/hamba_pilot_engine/aeq001/analysis/WEDGE_RESULT.json,1588,332bcecbc11a07d454c102a144b8f3fd13d724ea8eb33cbceda5e6cc001f66cf
workspace_mirror/work/hamba_pilot_engine/aeq001/cases/PRACTICE_FUSION_PAIN_CDS_2016_2019.json,13368,ddb8b3a3e542e5389f85a43236b1ff1439dff9293a0880c8160bc5bda36c4a1e
workspace_mirror/work/hamba_pilot_engine/aeq001/external/ADJUDICATION_TEMPLATE.csv,552,a63edaa41b1f7eb98cd114ea3c22492a9116a1b110f19ffcb2c678e584b276b5
workspace_mirror/work/hamba_pilot_engine/aeq001/external/BLINDED_CODER_TEMPLATE.csv,812,f6ff8f1dcec5c2f7633ddae8a3b6cf7418664ecf807661b23de8eeacf80132dd
workspace_mirror/work/hamba_pilot_engine/aeq001/external/INDEPENDENCE_DECLARATION_TEMPLATE.md,566,55b53572580a0c7826ef39c9241e6fa3627411f61e50c3ce25ed558b39cb5756
workspace_mirror/work/hamba_pilot_engine/aeq001/external/INDEPENDENT_CODING_PROTOCOL.md,1476,cdd77f73ecddf53c4373b1a355c2af2b4b9e9b42c8f3f20463c15901eabc496f
workspace_mirror/work/hamba_pilot_engine/aeq001/external/REPLICATION_REPORT_TEMPLATE.md,379,9ff98eb03e144415f3287df2c421233655f455e399193608c86bbf0532b966dd
workspace_mirror/work/hamba_pilot_engine/aeq001/external/UNAFFILIATED_REPLICATION_PROTOCOL.md,916,e387ee0ae489fcb4e6c4e3cb65d3d243b67c354773e698818683d7f1c2f55e3b
workspace_mirror/work/hamba_pilot_engine/aeq001/inherited_phase2/PHASE2_LIVE_USE_RESULT.json,556951,9d03893097dc491295471a724bc7dd8867651b7262ada3b6a72814cff7c36dda
workspace_mirror/work/hamba_pilot_engine/aeq001/inherited_phase2/PHASE2_REPORT.md,78794,442167143050689449c9e0774138dfff08453c7ed98fbf6ea120d8ffe9485da2
workspace_mirror/work/hamba_pilot_engine/aeq001/inherited_phase2/PHASE2_RESULTS.xlsx,80830,8286ec49b4efb46548d2fbaee55d1049abef8b839383e252144eea99472fdf6e
workspace_mirror/work/hamba_pilot_engine/aeq001/inherited_phase2/PHASES1_TO_6_DETAILED_HANDOFF.md,4884,1704a8b1e63bb78eb160e5ed10b85886d8a7f879150fa6a38ce0420a869d2f90
workspace_mirror/work/hamba_pilot_engine/aeq001/inherited_phase2/PROGRAMME_STATE_BEFORE_AEQ001.json,2423,4a80bab23716072fbce65d0a053e9b9dcf3f4f12258e85f6f11c8209a6509b22
workspace_mirror/work/hamba_pilot_engine/aeq001/prospective/AEQ_P01_PREREGISTRATION.md,1359,60674134a1e541ea2813a9bd930648a07cf5dd68c824e1ccc6f978fa3568ba0b
workspace_mirror/work/hamba_pilot_engine/aeq001/prospective/PROSPECTIVE_EXECUTION_STATUS.json,1499,f443a75ba53125e995fd2b04f808bc5e3f36ff8f8226d6ddfcc04571215165a6
workspace_mirror/work/hamba_pilot_engine/aeq001/sources/SOURCE_CAPTURE_NOTES.md,901,935cf5d3483743918195d08ec8e2ec8492cc70c55b441ccb877ad5b7ed36a8a0
workspace_mirror/work/hamba_pilot_engine/aeq001/sources/SOURCE_REGISTER.csv,1584,2b2fd5eb1a26f069c3800a039701c3b88bf7229e0fcd17eddf9aeb39654e43c9
workspace_mirror/work/hamba_pilot_engine/aeq001/validation/AEQ001_RELEASE_VALIDATION.json,898,c7c89ac3024ed9c29f75c39142af49f4e765073edee08f38bc5088a001cd119a
workspace_mirror/work/hamba_pilot_engine/aeq001/validation/AEQ001_VALIDATION_CONSOLE.txt,898,c7c89ac3024ed9c29f75c39142af49f4e765073edee08f38bc5088a001cd119a
workspace_mirror/work/hamba_pilot_engine/aeq001/validation/PYTEST_OUTPUT.txt,748,d85e23fd9dd98d2c94af20fbe9db81a36f57ae9711760ade59907a34bda81db4
workspace_mirror/work/hamba_pilot_engine/aeq001/validation/WORKBOOK_BUILD_LOG.txt,12132,f9ea23685c7972687e572d224a96faa259eceb58a49e3b58341a0baa68d2750f
workspace_mirror/work/hamba_pilot_engine/aeq001/validation/workbook_previews/case_matrix.png,96029,f1da58a267c033fe99c07bbe4dad9a3622b1c941b382bcee1b62949598e6986c
workspace_mirror/work/hamba_pilot_engine/aeq001/validation/workbook_previews/executive_summary.png,122873,3097f0519fdee0734a2373a9069d839bdceef392ff9d92eb43de115e44ad7dcd
workspace_mirror/work/hamba_pilot_engine/aeq001/validation/workbook_previews/external_gates.png,91034,01ae756145950c5e5eb927f291146a7c37f90ef0e51e115b3e8d5b28c47fb892
workspace_mirror/work/hamba_pilot_engine/aeq001/validation/workbook_previews/promotion.png,99119,275e31318b09c0676fa12e15ea56b8939629f98b914b75725e194f3a88d007b9
workspace_mirror/work/hamba_pilot_engine/aeq001/validation/workbook_previews/rivals.png,100872,4a5d60814bbbeaf78605c2111dc5a2a8fb3386e940a4faf121662f3d06a371b3
workspace_mirror/work/hamba_pilot_engine/aeq001/validation/workbook_previews/six_conditions.png,112366,969bb9032d7dac39b9e1aafb301aead483bbc97df417c5e24e6f1a2122798b2e
workspace_mirror/work/hamba_pilot_engine/aeq001/validation/workbook_previews/sources.png,81441,54c5b99e7fc00cb981b5eb0498ad8c824cbde0d8726ecfa24f2286086ef92353
workspace_mirror/work/hamba_pilot_engine/aeq001/validation/workbook_previews/wedge.png,132041,7246c7b786279e9f9b35efb505f272d6ed05807c7569725ef78c05700aaf7cf7
workspace_mirror/work/hamba_pilot_engine/base_release/SPRINGFISH_V3_0_BETA3_STUDY008_ARCHITECTED_EXTRACTION_EXPERIMENTAL_CANDIDATE.zip,2346626,8ace06854c6c8961769274653e5b612734fc30b1858c7260c58b2f42a745b092
workspace_mirror/work/hamba_pilot_engine/base_release/SPRINGFISH_V3_0_BETA3_STUDY008_ARCHITECTED_EXTRACTION_EXPERIMENTAL_CANDIDATE.zip.integrity.json,777,3f25bac553ac66f8278fce114930dbcbd987c95d56657335ab76cf300b046b12
workspace_mirror/work/hamba_pilot_engine/base_release/SPRINGFISH_V3_0_BETA3_STUDY008_ARCHITECTED_EXTRACTION_EXPERIMENTAL_CANDIDATE.zip.sha256,147,2401d4ead18562eeb2b0d6a070d771c6e0050bb73af4e53c3ca21b92602e1fff
workspace_mirror/work/hamba_pilot_engine/base_release/SPRINGFISH_V3_0_CANONICAL_ENGINE_BETA3.zip,1124637,3875bfd84a34bc4842d48f6ec7775169161ee809e4039358d8d7691b4c1df055
workspace_mirror/work/hamba_pilot_engine/base_release/SPRINGFISH_V3_0_CANONICAL_ENGINE_BETA3.zip.integrity.json,530,cee5a144cc39b004344b0ef1f30e3ae138464731a76c336d956974d73c22070d
workspace_mirror/work/hamba_pilot_engine/base_release/SPRINGFISH_V3_0_CANONICAL_ENGINE_BETA3.zip.sha256,109,e3fb793a332901f7a33d88900ae466f47775ac9958820b8b7b6a509081bb59d8
workspace_mirror/work/hamba_pilot_engine/build_aeq001_workbook.mjs,15195,ec731b700130e53943e8344c8b9d8c20fc76afc9e826117c2cbb3b22a91c7a65
workspace_mirror/work/hamba_pilot_engine/build_hamba_analysis.py,27061,ccb1391e44d8bbb6ed0a5a17b56ab88c4d7fa72e3edb2fc8d9bd1196c18b540e
workspace_mirror/work/hamba_pilot_engine/build_hamba_migration.py,7381,133fd52a74d2d09754fd6c1ed752d185217d7d8ba6e62e2bf5f6be72d769deaa
workspace_mirror/work/hamba_pilot_engine/build_study008_release.py,18317,2eb011c74585d4c445ae00db301cf82c78c18bfdbca64cf7152ddeec0e4dd1b8
workspace_mirror/work/hamba_pilot_engine/build_study008b_release.py,27413,d866204906f151f256bda1dd7a50045f84b6e0573e72e7e65bd5f805e6ce3bbf
workspace_mirror/work/hamba_pilot_engine/config/base.yaml,2589,3debdbf90da000c2990e25bfbef38ad31bc2c1490b725a1f20ba9b4315b16ed5
workspace_mirror/work/hamba_pilot_engine/config/cases/C1_bangladesh_fertiliser.yaml,2453,9a5aabf809ddda56e41fbf7293229fad0f51712f301432d8f692ef3eee67f8b7
workspace_mirror/work/hamba_pilot_engine/config/cases/C2_ukraine_recovery.yaml,2814,d6fbc301f1d665730a8c87a10829bf5802d3d8a45160a946b25ce6f84cd7640c
workspace_mirror/work/hamba_pilot_engine/config/cases/C3_venezuela_claims.yaml,2617,28644acb889a4decd9258786f0822545c1212986e3f3bf2821c5d68782c7a662
workspace_mirror/work/hamba_pilot_engine/config/cases/C4_kenya_future_revenue.yaml,2401,d2472f2e29b7e7336c02379e37709af175747c31e051b8e2b67ddad0792869c8
workspace_mirror/work/hamba_pilot_engine/config/model_families/baseline_v13.yaml,487,c9c6a70e4a6f9cdf0d2f2dacc472a22c07d7dc4b15c16e35d656955c4c27ab04
workspace_mirror/work/hamba_pilot_engine/config/model_families/conservative_propagation.yaml,665,ca3f2cb569f17c33409d4e33580d59e1078f6086ef8801b572a9bc7809e5a8b7
workspace_mirror/work/hamba_pilot_engine/config/model_families/institutional_hysteresis.yaml,828,699d4f20bac5c366222e59d298fe8d285d3b85219af7fba1c4c1d73163c00cb4
workspace_mirror/work/hamba_pilot_engine/config/model_families/quantal_adaptation.yaml,690,9fb83f360ad13c934431cd6c6663173f3325562ae7e64e50e3d177135aa0aec1
workspace_mirror/work/hamba_pilot_engine/data/actor_calibration_bridge.csv,1479,bb9c9f5d74dca2e464ffa6251e46074dc9ff22b4001c1a041ea66036fc15ec7c
workspace_mirror/work/hamba_pilot_engine/data/case_subgraphs/C1_edges.csv,48142,5ecd70a1096a31e42fee7388530a3b96faa123e9bdb677ffc90a8c68fd634750
workspace_mirror/work/hamba_pilot_engine/data/case_subgraphs/C1_manifest.json,146,2b1a14483856894ef98981f7bbabd2f4b87ff132387210276a2653035cb69f07
workspace_mirror/work/hamba_pilot_engine/data/case_subgraphs/C1_nodes.csv,15555,e8f686903f2441e4dafdae62961af79a12724176cb5aac76f78e5fad46189d58
workspace_mirror/work/hamba_pilot_engine/data/case_subgraphs/C2_edges.csv,2837,d16b7008331bd2ac723b4ec15d3ab8a95cdc457a13c007bf0cf20919a05770b7
workspace_mirror/work/hamba_pilot_engine/data/case_subgraphs/C2_manifest.json,125,1fee98676c5fb3d06c97f39056632a7db129ae943ee5cea0586d0a933af28ca2
workspace_mirror/work/hamba_pilot_engine/data/case_subgraphs/C2_nodes.csv,1453,3a31b5c4a68ee91c81ba3a28bbd8792bce19dbb2be4c11a473d8f9997f486406
workspace_mirror/work/hamba_pilot_engine/data/case_subgraphs/C3_edges.csv,117932,ed7dbf8b1df3cbb044050103979472fa6179392297eb093d818772553e587bf5
workspace_mirror/work/hamba_pilot_engine/data/case_subgraphs/C3_manifest.json,240,b838ff8d475b0ef7252770e194fb5158a140226da269f89c7910adae9df54c3b
workspace_mirror/work/hamba_pilot_engine/data/case_subgraphs/C3_nodes.csv,27899,ab9703139e5dea22442710c16b414c17d9ad3077a4876c67546e45f9be94e275
workspace_mirror/work/hamba_pilot_engine/data/case_subgraphs/C4_edges.csv,2778,f554bd7e75e200e85c7db98afe5c7aad41245f4f9d8d9bfa045ef52acee0f208
workspace_mirror/work/hamba_pilot_engine/data/case_subgraphs/C4_manifest.json,142,e96771715b12929aa9956df90dc5b43cfd38a12feba7123ab12f7282d459411b
workspace_mirror/work/hamba_pilot_engine/data/case_subgraphs/C4_nodes.csv,1218,5698fc5a5e9d5fb07087d2ce710eb4b2b1a31e2e05675bcbd47bd2a167f8dc7a
workspace_mirror/work/hamba_pilot_engine/data/network_metrics.json,308,9b8f5ff505437014312cd47224bf331de33366baa7cc46fc7804adda17ff8217
workspace_mirror/work/hamba_pilot_engine/data/nodes.csv,1141163,5a866b63eda564564cac7726e87411ce8886b9130466b966740ec9e5e5446697
workspace_mirror/work/hamba_pilot_engine/data/payoff_priors.csv,4488,7869ba79e6d4371078f94ecd865f8486b8e8537c898fd8d9b5ad278bfc89e10e
workspace_mirror/work/hamba_pilot_engine/data/relationships.csv,2966839,b5c9304644a02494e49a2d5c5b76973297e1a0287ba27aff660313174276470b
workspace_mirror/work/hamba_pilot_engine/data/rq621/DOMINANT_FEEDBACK_CHANNELS.csv,8143,fa8ca376e572d63eab5ee453ca18effc43ce88cfc9832cae9b5c01ae13425b98
workspace_mirror/work/hamba_pilot_engine/data/rq621/PARAMETER_REGISTER.csv,5324,910d8cf2b7c694d7d8e1382b657bafdbe7e8959be30f24834fe76002d67c228d
workspace_mirror/work/hamba_pilot_engine/data/rq621/SCIENTIFIC_SUMMARY.json,323,2e41dac2a548bb1f1ce3864beeb45cf7fd496af7891312130fd2fe84445bd727
workspace_mirror/work/hamba_pilot_engine/data/rq621/SPECTRAL_RADIUS_SUMMARY.csv,1211,45d1de301bd515f4e9ee1897e3bd90254d2e3d08cf94746eab3f9430c4b5c454
workspace_mirror/work/hamba_pilot_engine/data/rq621/STABILITY_CLASSIFICATION.csv,172,6282032b05eb11f81bba8ebdd7a7eecf63204966d867ed11dbe78fa82b2a72e4
workspace_mirror/work/hamba_pilot_engine/data/rq621/STABILITY_SCENARIOS.csv,5324,910d8cf2b7c694d7d8e1382b657bafdbe7e8959be30f24834fe76002d67c228d
workspace_mirror/work/hamba_pilot_engine/data/study_adapter_registry.csv,4198,f104f3ca7d4a70a5acabd234cd3c5865c75105d71ecf5957c6ba95780ed0455b
workspace_mirror/work/hamba_pilot_engine/data/unresolved_calibration_mappings.csv,971,81eb6f0dd5ea1e2f1fbb6c0125d1f8bd9fd077c5d9b0c61d229f3d506eb6f90d
workspace_mirror/work/hamba_pilot_engine/external_qualification/ACTOR_DIMENSION_SCORING_RUBRIC_V2_PROSPECTIVE.csv,2080,f0f1b8cc4f45cceada4dae3b3f7fda8a705bead48abecd2ba782b8af3a966d83
workspace_mirror/work/hamba_pilot_engine/external_qualification/CAPABILITY_ACTIVATION_MATRIX.csv,2197,b220d2cd2de43a3178b9d28c032ffaad78602725452eaa7319525c8684ef7b46
workspace_mirror/work/hamba_pilot_engine/external_qualification/EXPECTED_REPLICATION_HASHES.sha256,1045,4f891959bb2dc23754de0bf048249c16bfc5b6721013e4c9121bf93939b1826a
workspace_mirror/work/hamba_pilot_engine/external_qualification/EXTERNAL_QUALIFICATION_PROTOCOL.md,3510,422808accf55ae8829b6d0aec6bb6dd9fa9d101854e80d6472fb5ed1128c16b2
workspace_mirror/work/hamba_pilot_engine/external_qualification/POST_VALIDATION_CAPABILITIES.md,3065,092da5ced9f0a9a2b511ef76545f1ec4ea5feb762557b224732fb4ab83be1288
workspace_mirror/work/hamba_pilot_engine/external_qualification/README.md,1224,5d596d829e087d9ec211cacc2e3a6025850b06afea53d0a89c93abd98efd1285
workspace_mirror/work/hamba_pilot_engine/external_qualification/V34_2_4_INHERITED_FILE_HASHES.sha256,45546,a77d398648b6560033a0bb3f25ac5084cc90b926f7452f6572d6c89bbd3a871a
workspace_mirror/work/hamba_pilot_engine/external_qualification/base/04_BLINDED_CELL_OBLIGATIONS.csv,6753,8b37addae058e488e14eacaf422bee91c2f5d7d790a4ed2faa7ffc8bdf1e506a
workspace_mirror/work/hamba_pilot_engine/external_qualification/base/ACTOR_CANONICAL_MAPPING.csv,1479,bb9c9f5d74dca2e464ffa6251e46074dc9ff22b4001c1a041ea66036fc15ec7c
workspace_mirror/work/hamba_pilot_engine/external_qualification/base/ACTOR_DIMENSION_EVIDENCE.csv,9401,e8f5a632ae53bdc11f85a88cbcd3c0bcfde55d9c568c18a5ddfe91a279243f18
workspace_mirror/work/hamba_pilot_engine/external_qualification/base/CELL_LINEAGE_RECOVERY_AUDIT.csv,18198,2eab948d691d3255596be4c2dea7101e1d99b44c575fde84934c2619b7eb4fb6
workspace_mirror/work/hamba_pilot_engine/external_qualification/base/RQ620_M1A_EXTERNAL_CODER_BLINDED_PACKET.zip,10388,080f1a8008f596e3e0bdd42c7af84d941e09bda4147f9d8e0a70102230ea1c90
workspace_mirror/work/hamba_pilot_engine/external_qualification/base/SOURCE_REGISTER.csv,4148,1fed575731e8ef7dac4340d6bfa13b2aa46adf4b67589195e7fd4d668189b9a6
workspace_mirror/work/hamba_pilot_engine/external_qualification/base/SPRINGFISH_PARAMETER_BRIDGE.csv,731,b99562b18831a2f87e923d7012c2e2badc18caa8603e94fe2441a5971bd8d248
workspace_mirror/work/hamba_pilot_engine/external_qualification/base/SPRINGFISH_RQ620_M1A_UPSTREAM_RECOVERY_EXTERNAL_CODER_PACKET_2026_08_10.zip,93594,3fbe2a153c61afba1314a473db5af140585daefa95bff9a6f7e6ebd9a887ea6e
workspace_mirror/work/hamba_pilot_engine/external_qualification/results/ACTOR_CALIBRATION_DATA_QUALITY.json,2122,6fbfd361109baa5ee553b633f5a04a1a0e040d2a20e62f52f13facf27ec43c17
workspace_mirror/work/hamba_pilot_engine/external_qualification/results/CURRENT_EXTERNAL_QUALIFICATION_STATUS.json,12419,6427b740de3b4e05bc767b16b29c81224ae51174abf7397532f354d8632c316e
workspace_mirror/work/hamba_pilot_engine/external_qualification/results/EXTERNAL_QUALIFICATION_STATUS.json,12218,d914ee8b828c53842cf6b37f7f8e8251f304f9033e87145593511bfc301b687d
workspace_mirror/work/hamba_pilot_engine/external_qualification/results/RELEASE_GATES.csv,761,d1104432803d30b3038d2d7a88cfa5311994dcd3924dd37f0b3966bfbb29c8aa
workspace_mirror/work/hamba_pilot_engine/external_qualification/results/RELEASE_VALIDATION.json,2258,40bc9e8ffeccc630874d2d2985b96e3aea1a6b6f87ee4382e665e2b76f3f22ea
workspace_mirror/work/hamba_pilot_engine/external_qualification/templates/ADJUDICATION.csv,77,2929188c4c15227471fb1588522d887b75f1381386bf38aa21e9c7e44a72b1f7
workspace_mirror/work/hamba_pilot_engine/external_qualification/templates/CODER_A_DECISIONS.csv,2892,a0be7c1e9b9e11c0946185e04cb8f5a4e41f6e640f1123bbcfcef80c92fc5c21
workspace_mirror/work/hamba_pilot_engine/external_qualification/templates/CODER_A_DECLARATION.md,502,c4401f8e9afa15082e4e0b1d354de05f43fb81fc64f7df7458397dba983467be
workspace_mirror/work/hamba_pilot_engine/external_qualification/templates/CODER_B_DECISIONS.csv,2892,a0be7c1e9b9e11c0946185e04cb8f5a4e41f6e640f1123bbcfcef80c92fc5c21
workspace_mirror/work/hamba_pilot_engine/external_qualification/templates/CODER_B_DECLARATION.md,502,a0e4d805b2093c19ce10ffb8bd86bb5cd70be4b02872834ff1490f203703f043
workspace_mirror/work/hamba_pilot_engine/external_qualification/templates/PERSONNEL_REGISTER.csv,222,1419511ffa675e7a672fd09e1633738be52f3372b5aca82b262ce5f2c1922739
workspace_mirror/work/hamba_pilot_engine/external_qualification/templates/REPLICATION_ATTESTATION.json,217,46c03c3ba8dc3e40f855c5050abed36011ace0cc5c1d7e93d3d14de57c57445c
workspace_mirror/work/hamba_pilot_engine/hamba_pilot/HAMBA_PILOT_001_FROZEN_CONTRACT.json,7959,9c56975c0d0d8522ec26df8cf5a89f3f2683c62fc6a7a560b22e7b2dba44a8e1
workspace_mirror/work/hamba_pilot_engine/integration/APPLY_TO_MIROFISH_OFFLINE.md,1536,d7d9fa5e565165d1a63cbb8bb1d35432f4b9e2b7061f6c33b5bc01aabb043e32
workspace_mirror/work/hamba_pilot_engine/integration/MIROFISH_BRIDGE_MANIFEST.json,2053,86a510ea3a6b385cf42d80a620689ce6ec351ed216ce3793da81808a255224ca
workspace_mirror/work/hamba_pilot_engine/outputs/mirofish_offline_replay/EXECUTION_SUMMARY.json,176,9345f9a3f2b55b03aea89b93d22960536565fb3f39e14a510c4977f194e057bf
workspace_mirror/work/hamba_pilot_engine/outputs/mirofish_offline_replay/MANIFEST_GATE.json,919,a69dfcc95c193d445e58e9eadc16c782780d6385597e733aa9d21b472606703d
workspace_mirror/work/hamba_pilot_engine/outputs/mirofish_offline_replay/matrix/MATRIX_RESULTS.json,61770,b8db629db3c478370f6dc1cbf7c3c1b0a3e6e6323a1ddc411943d73951a68991
workspace_mirror/work/hamba_pilot_engine/outputs/mirofish_offline_replay/matrix/direct_evidence__deterministic_rule__no_interaction/normalized_actions.jsonl,0,e3b0c44298fc1c149afbf4c8996fb92427ae41e4649b934ca495991b7852b855
workspace_mirror/work/hamba_pilot_engine/outputs/mirofish_offline_replay/matrix/direct_evidence__deterministic_rule__no_interaction/profiles/reddit_profiles.json,17243,c26ad52fc0ba9bccc5717fbc24335888ce5cc92c23c31e57c364a48b12ddee35
workspace_mirror/work/hamba_pilot_engine/outputs/mirofish_offline_replay/matrix/direct_evidence__deterministic_rule__no_interaction/profiles/twitter_profiles.json,17966,f9d2126e6d1064565b5c57384e6faced1992c34a36dcaa1ae250b94d6185446a
workspace_mirror/work/hamba_pilot_engine/outputs/mirofish_offline_replay/matrix/direct_evidence__deterministic_rule__no_interaction/propagation.json,3,37517e5f3dc66819f61f5a7bb8ace1921282415f10551d2defa5c3eb0985b570
workspace_mirror/work/hamba_pilot_engine/outputs/mirofish_offline_replay/matrix/direct_evidence__deterministic_rule__no_interaction/raw_oasis_actions.jsonl,0,e3b0c44298fc1c149afbf4c8996fb92427ae41e4649b934ca495991b7852b855
workspace_mirror/work/hamba_pilot_engine/outputs/mirofish_offline_replay/matrix/direct_evidence__deterministic_rule__no_interaction/result.json,3111,e2366287adf4e27c385a85a4edb73bf725e40ad2fd60f48f54d0ea3a8b32f1da
workspace_mirror/work/hamba_pilot_engine/outputs/mirofish_offline_replay/matrix/direct_evidence__deterministic_rule__observed/normalized_actions.jsonl,7394,51cb8cfc47740e0fe71532effe645cb034d792350760aa05523561825a94e8d2
workspace_mirror/work/hamba_pilot_engine/outputs/mirofish_offline_replay/matrix/direct_evidence__deterministic_rule__observed/profiles/reddit_profiles.json,17243,c26ad52fc0ba9bccc5717fbc24335888ce5cc92c23c31e57c364a48b12ddee35
workspace_mirror/work/hamba_pilot_engine/outputs/mirofish_offline_replay/matrix/direct_evidence__deterministic_rule__observed/profiles/twitter_profiles.json,17966,f9d2126e6d1064565b5c57384e6faced1992c34a36dcaa1ae250b94d6185446a
workspace_mirror/work/hamba_pilot_engine/outputs/mirofish_offline_replay/matrix/direct_evidence__deterministic_rule__observed/propagation.json,2105,28085af9dedc1fc478dd704d35129487da086795771896d704b5a85ff1dd315f
workspace_mirror/work/hamba_pilot_engine/outputs/mirofish_offline_replay/matrix/direct_evidence__deterministic_rule__observed/raw_oasis_actions.jsonl,3059,3ac6edac7a80137ef0395e31fecdaef25539e83a79dd0c668d29b6dfb8e581bd
workspace_mirror/work/hamba_pilot_engine/outputs/mirofish_offline_replay/matrix/direct_evidence__deterministic_rule__observed/result.json,3115,72f6ef3390689b692a94cc6acce92ac37e2b57cc202177ec021067bbb57779b7
workspace_mirror/work/hamba_pilot_engine/outputs/mirofish_offline_replay/matrix/direct_evidence__deterministic_rule__shuffled/normalized_actions.jsonl,7494,fe65325ea36c991425dec06a7270ece4ccc768da486f257db62d0c9476794dbe
workspace_mirror/work/hamba_pilot_engine/outputs/mirofish_offline_replay/matrix/direct_evidence__deterministic_rule__shuffled/profiles/reddit_profiles.json,17243,c26ad52fc0ba9bccc5717fbc24335888ce5cc92c23c31e57c364a48b12ddee35
workspace_mirror/work/hamba_pilot_engine/outputs/mirofish_offline_replay/matrix/direct_evidence__deterministic_rule__shuffled/profiles/twitter_profiles.json,17966,f9d2126e6d1064565b5c57384e6faced1992c34a36dcaa1ae250b94d6185446a
workspace_mirror/work/hamba_pilot_engine/outputs/mirofish_offline_replay/matrix/direct_evidence__deterministic_rule__shuffled/propagation.json,2155,214791b9048ff71cb346c17730eb875a4c48b7981e30cf1b42477f4931fe8b08
workspace_mirror/work/hamba_pilot_engine/outputs/mirofish_offline_replay/matrix/direct_evidence__deterministic_rule__shuffled/raw_oasis_actions.jsonl,3109,55dac391ac3b0b08d2149a12c3c043f59069129793572b196516b7246aec1e60
workspace_mirror/work/hamba_pilot_engine/outputs/mirofish_offline_replay/matrix/direct_evidence__deterministic_rule__shuffled/result.json,3115,da9f5926297c91cf4f03fb7fff8d75219a7129a2c71d9af67d69047ba4ca00a8
workspace_mirror/work/hamba_pilot_engine/outputs/mirofish_offline_replay/matrix/direct_evidence__persona_heuristic__no_interaction/normalized_actions.jsonl,0,e3b0c44298fc1c149afbf4c8996fb92427ae41e4649b934ca495991b7852b855
workspace_mirror/work/hamba_pilot_engine/outputs/mirofish_offline_replay/matrix/direct_evidence__persona_heuristic__no_interaction/profiles/reddit_profiles.json,17243,c26ad52fc0ba9bccc5717fbc24335888ce5cc92c23c31e57c364a48b12ddee35
workspace_mirror/work/hamba_pilot_engine/outputs/mirofish_offline_replay/matrix/direct_evidence__persona_heuristic__no_interaction/profiles/twitter_profiles.json,17966,f9d2126e6d1064565b5c57384e6faced1992c34a36dcaa1ae250b94d6185446a
workspace_mirror/work/hamba_pilot_engine/outputs/mirofish_offline_replay/matrix/direct_evidence__persona_heuristic__no_interaction/propagation.json,3,37517e5f3dc66819f61f5a7bb8ace1921282415f10551d2defa5c3eb0985b570
workspace_mirror/work/hamba_pilot_engine/outputs/mirofish_offline_replay/matrix/direct_evidence__persona_heuristic__no_interaction/raw_oasis_actions.jsonl,0,e3b0c44298fc1c149afbf4c8996fb92427ae41e4649b934ca495991b7852b855
workspace_mirror/work/hamba_pilot_engine/outputs/mirofish_offline_replay/matrix/direct_evidence__persona_heuristic__no_interaction/result.json,3110,7e6e7dd9fe17ce595632403e68aaeed7452687e2d7c598fb70ade91648d88432
workspace_mirror/work/hamba_pilot_engine/outputs/mirofish_offline_replay/matrix/direct_evidence__persona_heuristic__observed/normalized_actions.jsonl,7394,51cb8cfc47740e0fe71532effe645cb034d792350760aa05523561825a94e8d2
workspace_mirror/work/hamba_pilot_engine/outputs/mirofish_offline_replay/matrix/direct_evidence__persona_heuristic__observed/profiles/reddit_profiles.json,17243,c26ad52fc0ba9bccc5717fbc24335888ce5cc92c23c31e57c364a48b12ddee35
workspace_mirror/work/hamba_pilot_engine/outputs/mirofish_offline_replay/matrix/direct_evidence__persona_heuristic__observed/profiles/twitter_profiles.json,17966,f9d2126e6d1064565b5c57384e6faced1992c34a36dcaa1ae250b94d6185446a
workspace_mirror/work/hamba_pilot_engine/outputs/mirofish_offline_replay/matrix/direct_evidence__persona_heuristic__observed/propagation.json,2105,28085af9dedc1fc478dd704d35129487da086795771896d704b5a85ff1dd315f
workspace_mirror/work/hamba_pilot_engine/outputs/mirofish_offline_replay/matrix/direct_evidence__persona_heuristic__observed/raw_oasis_actions.jsonl,3059,3ac6edac7a80137ef0395e31fecdaef25539e83a79dd0c668d29b6dfb8e581bd
workspace_mirror/work/hamba_pilot_engine/outputs/mirofish_offline_replay/matrix/direct_evidence__persona_heuristic__observed/result.json,3114,155b38f13c50603d9f55112a56a296a66f737a76b97d0406ff64cea453854e47
workspace_mirror/work/hamba_pilot_engine/outputs/mirofish_offline_replay/matrix/direct_evidence__persona_heuristic__shuffled/normalized_actions.jsonl,2766,19268a135477505586b8253a48fc580aeb6bcf37f793ee591027720561c2fb77
workspace_mirror/work/hamba_pilot_engine/outputs/mirofish_offline_replay/matrix/direct_evidence__persona_heuristic__shuffled/profiles/reddit_profiles.json,17243,c26ad52fc0ba9bccc5717fbc24335888ce5cc92c23c31e57c364a48b12ddee35
workspace_mirror/work/hamba_pilot_engine/outputs/mirofish_offline_replay/matrix/direct_evidence__persona_heuristic__shuffled/profiles/twitter_profiles.json,17966,f9d2126e6d1064565b5c57384e6faced1992c34a36dcaa1ae250b94d6185446a
workspace_mirror/work/hamba_pilot_engine/outputs/mirofish_offline_replay/matrix/direct_evidence__persona_heuristic__shuffled/propagation.json,806,ab8f02e52f37ee0def6ee034975e947b082dd62a07494bca0f9ac798f74a9117
workspace_mirror/work/hamba_pilot_engine/outputs/mirofish_offline_replay/matrix/direct_evidence__persona_heuristic__shuffled/raw_oasis_actions.jsonl,1151,87070ec82cc71e0d7e559af3769defd10289680a3ee5ec24af4218169271104a
workspace_mirror/work/hamba_pilot_engine/outputs/mirofish_offline_replay/matrix/direct_evidence__persona_heuristic__shuffled/result.json,3125,eec912b162e5b3175c1836a260713dc9bbf1a992d8b86ded6894af69b35b0260
workspace_mirror/work/hamba_pilot_engine/outputs/mirofish_offline_replay/matrix/direct_evidence__seeded_stochastic_rule__no_interaction/normalized_actions.jsonl,0,e3b0c44298fc1c149afbf4c8996fb92427ae41e4649b934ca495991b7852b855
workspace_mirror/work/hamba_pilot_engine/outputs/mirofish_offline_replay/matrix/direct_evidence__seeded_stochastic_rule__no_interaction/profiles/reddit_profiles.json,17243,c26ad52fc0ba9bccc5717fbc24335888ce5cc92c23c31e57c364a48b12ddee35
workspace_mirror/work/hamba_pilot_engine/outputs/mirofish_offline_replay/matrix/direct_evidence__seeded_stochastic_rule__no_interaction/profiles/twitter_profiles.json,17966,f9d2126e6d1064565b5c57384e6faced1992c34a36dcaa1ae250b94d6185446a
workspace_mirror/work/hamba_pilot_engine/outputs/mirofish_offline_replay/matrix/direct_evidence__seeded_stochastic_rule__no_interaction/propagation.json,3,37517e5f3dc66819f61f5a7bb8ace1921282415f10551d2defa5c3eb0985b570
workspace_mirror/work/hamba_pilot_engine/outputs/mirofish_offline_replay/matrix/direct_evidence__seeded_stochastic_rule__no_interaction/raw_oasis_actions.jsonl,0,e3b0c44298fc1c149afbf4c8996fb92427ae41e4649b934ca495991b7852b855
workspace_mirror/work/hamba_pilot_engine/outputs/mirofish_offline_replay/matrix/direct_evidence__seeded_stochastic_rule__no_interaction/result.json,3115,692068bc9b65a121ae1517e99c0a01449874801749e8fb88b1d956b1c850a09f
workspace_mirror/work/hamba_pilot_engine/outputs/mirofish_offline_replay/matrix/direct_evidence__seeded_stochastic_rule__observed/normalized_actions.jsonl,7394,51cb8cfc47740e0fe71532effe645cb034d792350760aa05523561825a94e8d2
workspace_mirror/work/hamba_pilot_engine/outputs/mirofish_offline_replay/matrix/direct_evidence__seeded_stochastic_rule__observed/profiles/reddit_profiles.json,17243,c26ad52fc0ba9bccc5717fbc24335888ce5cc92c23c31e57c364a48b12ddee35
workspace_mirror/work/hamba_pilot_engine/outputs/mirofish_offline_replay/matrix/direct_evidence__seeded_stochastic_rule__observed/profiles/twitter_profiles.json,17966,f9d2126e6d1064565b5c57384e6faced1992c34a36dcaa1ae250b94d6185446a
workspace_mirror/work/hamba_pilot_engine/outputs/mirofish_offline_replay/matrix/direct_evidence__seeded_stochastic_rule__observed/propagation.json,2105,28085af9dedc1fc478dd704d35129487da086795771896d704b5a85ff1dd315f
workspace_mirror/work/hamba_pilot_engine/outputs/mirofish_offline_replay/matrix/direct_evidence__seeded_stochastic_rule__observed/raw_oasis_actions.jsonl,3059,3ac6edac7a80137ef0395e31fecdaef25539e83a79dd0c668d29b6dfb8e581bd
workspace_mirror/work/hamba_pilot_engine/outputs/mirofish_offline_replay/matrix/direct_evidence__seeded_stochastic_rule__observed/result.json,3119,117a3f37a6c5ca0f5adf16dbbdcf9d5add563532bdf89490c54326a1b8d60ea0
workspace_mirror/work/hamba_pilot_engine/outputs/mirofish_offline_replay/matrix/direct_evidence__seeded_stochastic_rule__shuffled/normalized_actions.jsonl,7494,fe65325ea36c991425dec06a7270ece4ccc768da486f257db62d0c9476794dbe
workspace_mirror/work/hamba_pilot_engine/outputs/mirofish_offline_replay/matrix/direct_evidence__seeded_stochastic_rule__shuffled/profiles/reddit_profiles.json,17243,c26ad52fc0ba9bccc5717fbc24335888ce5cc92c23c31e57c364a48b12ddee35
workspace_mirror/work/hamba_pilot_engine/outputs/mirofish_offline_replay/matrix/direct_evidence__seeded_stochastic_rule__shuffled/profiles/twitter_profiles.json,17966,f9d2126e6d1064565b5c57384e6faced1992c34a36dcaa1ae250b94d6185446a
workspace_mirror/work/hamba_pilot_engine/outputs/mirofish_offline_replay/matrix/direct_evidence__seeded_stochastic_rule__shuffled/propagation.json,2155,214791b9048ff71cb346c17730eb875a4c48b7981e30cf1b42477f4931fe8b08
workspace_mirror/work/hamba_pilot_engine/outputs/mirofish_offline_replay/matrix/direct_evidence__seeded_stochastic_rule__shuffled/raw_oasis_actions.jsonl,3109,55dac391ac3b0b08d2149a12c3c043f59069129793572b196516b7246aec1e60
workspace_mirror/work/hamba_pilot_engine/outputs/mirofish_offline_replay/matrix/direct_evidence__seeded_stochastic_rule__shuffled/result.json,3119,9bd3538f76a65fbf675096ce980632b813faabacaac63383cc5e174bf3e31b38
workspace_mirror/work/hamba_pilot_engine/outputs/mirofish_offline_replay/matrix/unsupported_claim__deterministic_rule__no_interaction/normalized_actions.jsonl,0,e3b0c44298fc1c149afbf4c8996fb92427ae41e4649b934ca495991b7852b855
workspace_mirror/work/hamba_pilot_engine/outputs/mirofish_offline_replay/matrix/unsupported_claim__deterministic_rule__no_interaction/profiles/reddit_profiles.json,17243,c26ad52fc0ba9bccc5717fbc24335888ce5cc92c23c31e57c364a48b12ddee35
workspace_mirror/work/hamba_pilot_engine/outputs/mirofish_offline_replay/matrix/unsupported_claim__deterministic_rule__no_interaction/profiles/twitter_profiles.json,17966,f9d2126e6d1064565b5c57384e6faced1992c34a36dcaa1ae250b94d6185446a
workspace_mirror/work/hamba_pilot_engine/outputs/mirofish_offline_replay/matrix/unsupported_claim__deterministic_rule__no_interaction/propagation.json,3,37517e5f3dc66819f61f5a7bb8ace1921282415f10551d2defa5c3eb0985b570
workspace_mirror/work/hamba_pilot_engine/outputs/mirofish_offline_replay/matrix/unsupported_claim__deterministic_rule__no_interaction/raw_oasis_actions.jsonl,0,e3b0c44298fc1c149afbf4c8996fb92427ae41e4649b934ca495991b7852b855
workspace_mirror/work/hamba_pilot_engine/outputs/mirofish_offline_replay/matrix/unsupported_claim__deterministic_rule__no_interaction/result.json,3113,47c944c25b56df2cadddf0edbba911b24038937be537cd63e4e11b7566ec235c
workspace_mirror/work/hamba_pilot_engine/outputs/mirofish_offline_replay/matrix/unsupported_claim__deterministic_rule__observed/normalized_actions.jsonl,7163,73812d874ad264b7002e709cbe76b6d95c1c76700e879aedcb44f593d2feeb54
workspace_mirror/work/hamba_pilot_engine/outputs/mirofish_offline_replay/matrix/unsupported_claim__deterministic_rule__observed/profiles/reddit_profiles.json,17243,c26ad52fc0ba9bccc5717fbc24335888ce5cc92c23c31e57c364a48b12ddee35
workspace_mirror/work/hamba_pilot_engine/outputs/mirofish_offline_replay/matrix/unsupported_claim__deterministic_rule__observed/profiles/twitter_profiles.json,17966,f9d2126e6d1064565b5c57384e6faced1992c34a36dcaa1ae250b94d6185446a
workspace_mirror/work/hamba_pilot_engine/outputs/mirofish_offline_replay/matrix/unsupported_claim__deterministic_rule__observed/propagation.json,2094,07cf238b931ac7c12ca11a85de7f2313399d36af515e7c68bcf9350841e51480
workspace_mirror/work/hamba_pilot_engine/outputs/mirofish_offline_replay/matrix/unsupported_claim__deterministic_rule__observed/raw_oasis_actions.jsonl,2938,e9f6a228dede070607b4780e5bae07eb4aba6b4b2ada13d3a9692b7bb0542317
workspace_mirror/work/hamba_pilot_engine/outputs/mirofish_offline_replay/matrix/unsupported_claim__deterministic_rule__observed/result.json,3102,d6f47134f9970fbc9f9f8f427d53efb1e5a05b47609acd3572a88a220e4eb3d4
workspace_mirror/work/hamba_pilot_engine/outputs/mirofish_offline_replay/matrix/unsupported_claim__deterministic_rule__shuffled/normalized_actions.jsonl,7263,c1da91315e55d1468107b0939d98ecbadd2063f1097ad59b2bbe31fd7d1f55f9
workspace_mirror/work/hamba_pilot_engine/outputs/mirofish_offline_replay/matrix/unsupported_claim__deterministic_rule__shuffled/profiles/reddit_profiles.json,17243,c26ad52fc0ba9bccc5717fbc24335888ce5cc92c23c31e57c364a48b12ddee35
workspace_mirror/work/hamba_pilot_engine/outputs/mirofish_offline_replay/matrix/unsupported_claim__deterministic_rule__shuffled/profiles/twitter_profiles.json,17966,f9d2126e6d1064565b5c57384e6faced1992c34a36dcaa1ae250b94d6185446a
workspace_mirror/work/hamba_pilot_engine/outputs/mirofish_offline_replay/matrix/unsupported_claim__deterministic_rule__shuffled/propagation.json,2144,2b32cef4b90486da9444001a7219e0424b3ca2108c76d20d0bf8b3596f37c8eb
workspace_mirror/work/hamba_pilot_engine/outputs/mirofish_offline_replay/matrix/unsupported_claim__deterministic_rule__shuffled/raw_oasis_actions.jsonl,2988,903b8ac30da30a144bf25a6652373eb33e7b4baaea0b7bd64b68412cff8bfb6e
workspace_mirror/work/hamba_pilot_engine/outputs/mirofish_offline_replay/matrix/unsupported_claim__deterministic_rule__shuffled/result.json,3102,cc557e7588aa3a94c3ac81001ba1bce4ab08bb431b76a3d215dcaa472ca89953
workspace_mirror/work/hamba_pilot_engine/outputs/mirofish_offline_replay/matrix/unsupported_claim__persona_heuristic__no_interaction/normalized_actions.jsonl,0,e3b0c44298fc1c149afbf4c8996fb92427ae41e4649b934ca495991b7852b855
workspace_mirror/work/hamba_pilot_engine/outputs/mirofish_offline_replay/matrix/unsupported_claim__persona_heuristic__no_interaction/profiles/reddit_profiles.json,17243,c26ad52fc0ba9bccc5717fbc24335888ce5cc92c23c31e57c364a48b12ddee35
workspace_mirror/work/hamba_pilot_engine/outputs/mirofish_offline_replay/matrix/unsupported_claim__persona_heuristic__no_interaction/profiles/twitter_profiles.json,17966,f9d2126e6d1064565b5c57384e6faced1992c34a36dcaa1ae250b94d6185446a
workspace_mirror/work/hamba_pilot_engine/outputs/mirofish_offline_replay/matrix/unsupported_claim__persona_heuristic__no_interaction/propagation.json,3,37517e5f3dc66819f61f5a7bb8ace1921282415f10551d2defa5c3eb0985b570
workspace_mirror/work/hamba_pilot_engine/outputs/mirofish_offline_replay/matrix/unsupported_claim__persona_heuristic__no_interaction/raw_oasis_actions.jsonl,0,e3b0c44298fc1c149afbf4c8996fb92427ae41e4649b934ca495991b7852b855
workspace_mirror/work/hamba_pilot_engine/outputs/mirofish_offline_replay/matrix/unsupported_claim__persona_heuristic__no_interaction/result.json,3112,cd7d4447f0d5f75b4bc1e1b6469418b5ca59a28b2a75de1cb7d60d219074e65e
workspace_mirror/work/hamba_pilot_engine/outputs/mirofish_offline_replay/matrix/unsupported_claim__persona_heuristic__observed/normalized_actions.jsonl,7163,73812d874ad264b7002e709cbe76b6d95c1c76700e879aedcb44f593d2feeb54
workspace_mirror/work/hamba_pilot_engine/outputs/mirofish_offline_replay/matrix/unsupported_claim__persona_heuristic__observed/profiles/reddit_profiles.json,17243,c26ad52fc0ba9bccc5717fbc24335888ce5cc92c23c31e57c364a48b12ddee35
workspace_mirror/work/hamba_pilot_engine/outputs/mirofish_offline_replay/matrix/unsupported_claim__persona_heuristic__observed/profiles/twitter_profiles.json,17966,f9d2126e6d1064565b5c57384e6faced1992c34a36dcaa1ae250b94d6185446a
workspace_mirror/work/hamba_pilot_engine/outputs/mirofish_offline_replay/matrix/unsupported_claim__persona_heuristic__observed/propagation.json,2094,07cf238b931ac7c12ca11a85de7f2313399d36af515e7c68bcf9350841e51480
workspace_mirror/work/hamba_pilot_engine/outputs/mirofish_offline_replay/matrix/unsupported_claim__persona_heuristic__observed/raw_oasis_actions.jsonl,2938,e9f6a228dede070607b4780e5bae07eb4aba6b4b2ada13d3a9692b7bb0542317
workspace_mirror/work/hamba_pilot_engine/outputs/mirofish_offline_replay/matrix/unsupported_claim__persona_heuristic__observed/result.json,3101,ac6f804e7fbd5194db9d97c33d5905c72827835be6e3a7eac27179a31d05a906
workspace_mirror/work/hamba_pilot_engine/outputs/mirofish_offline_replay/matrix/unsupported_claim__persona_heuristic__shuffled/normalized_actions.jsonl,2682,1a60fbfbf154dce41b0f21372c222edb5e7f869b2982c8fe668c3b70aae78ee8
workspace_mirror/work/hamba_pilot_engine/outputs/mirofish_offline_replay/matrix/unsupported_claim__persona_heuristic__shuffled/profiles/reddit_profiles.json,17243,c26ad52fc0ba9bccc5717fbc24335888ce5cc92c23c31e57c364a48b12ddee35
workspace_mirror/work/hamba_pilot_engine/outputs/mirofish_offline_replay/matrix/unsupported_claim__persona_heuristic__shuffled/profiles/twitter_profiles.json,17966,f9d2126e6d1064565b5c57384e6faced1992c34a36dcaa1ae250b94d6185446a
workspace_mirror/work/hamba_pilot_engine/outputs/mirofish_offline_replay/matrix/unsupported_claim__persona_heuristic__shuffled/propagation.json,802,c70b0739014b668c75a42f36c53a6faf221edfe72265b398b02e9811e7fe13bc
workspace_mirror/work/hamba_pilot_engine/outputs/mirofish_offline_replay/matrix/unsupported_claim__persona_heuristic__shuffled/raw_oasis_actions.jsonl,1107,da2ea878296dd4b691159f834aef71e7613882cd50b95b34cdaee8dfc84b6828
workspace_mirror/work/hamba_pilot_engine/outputs/mirofish_offline_replay/matrix/unsupported_claim__persona_heuristic__shuffled/result.json,3127,e5dd6e901315168c3032df05297acf0d8a3fa0452f79f4fbdb96795dbb12f98a
workspace_mirror/work/hamba_pilot_engine/outputs/mirofish_offline_replay/matrix/unsupported_claim__seeded_stochastic_rule__no_interaction/normalized_actions.jsonl,0,e3b0c44298fc1c149afbf4c8996fb92427ae41e4649b934ca495991b7852b855
workspace_mirror/work/hamba_pilot_engine/outputs/mirofish_offline_replay/matrix/unsupported_claim__seeded_stochastic_rule__no_interaction/profiles/reddit_profiles.json,17243,c26ad52fc0ba9bccc5717fbc24335888ce5cc92c23c31e57c364a48b12ddee35
workspace_mirror/work/hamba_pilot_engine/outputs/mirofish_offline_replay/matrix/unsupported_claim__seeded_stochastic_rule__no_interaction/profiles/twitter_profiles.json,17966,f9d2126e6d1064565b5c57384e6faced1992c34a36dcaa1ae250b94d6185446a
workspace_mirror/work/hamba_pilot_engine/outputs/mirofish_offline_replay/matrix/unsupported_claim__seeded_stochastic_rule__no_interaction/propagation.json,3,37517e5f3dc66819f61f5a7bb8ace1921282415f10551d2defa5c3eb0985b570
workspace_mirror/work/hamba_pilot_engine/outputs/mirofish_offline_replay/matrix/unsupported_claim__seeded_stochastic_rule__no_interaction/raw_oasis_actions.jsonl,0,e3b0c44298fc1c149afbf4c8996fb92427ae41e4649b934ca495991b7852b855
workspace_mirror/work/hamba_pilot_engine/outputs/mirofish_offline_replay/matrix/unsupported_claim__seeded_stochastic_rule__no_interaction/result.json,3117,7a4fca16fdebf9680c3ec0ad91e716b47230521d0a4190370e1144b441cc9304
workspace_mirror/work/hamba_pilot_engine/outputs/mirofish_offline_replay/matrix/unsupported_claim__seeded_stochastic_rule__observed/normalized_actions.jsonl,7163,73812d874ad264b7002e709cbe76b6d95c1c76700e879aedcb44f593d2feeb54
workspace_mirror/work/hamba_pilot_engine/outputs/mirofish_offline_replay/matrix/unsupported_claim__seeded_stochastic_rule__observed/profiles/reddit_profiles.json,17243,c26ad52fc0ba9bccc5717fbc24335888ce5cc92c23c31e57c364a48b12ddee35
workspace_mirror/work/hamba_pilot_engine/outputs/mirofish_offline_replay/matrix/unsupported_claim__seeded_stochastic_rule__observed/profiles/twitter_profiles.json,17966,f9d2126e6d1064565b5c57384e6faced1992c34a36dcaa1ae250b94d6185446a
workspace_mirror/work/hamba_pilot_engine/outputs/mirofish_offline_replay/matrix/unsupported_claim__seeded_stochastic_rule__observed/propagation.json,2094,07cf238b931ac7c12ca11a85de7f2313399d36af515e7c68bcf9350841e51480
workspace_mirror/work/hamba_pilot_engine/outputs/mirofish_offline_replay/matrix/unsupported_claim__seeded_stochastic_rule__observed/raw_oasis_actions.jsonl,2938,e9f6a228dede070607b4780e5bae07eb4aba6b4b2ada13d3a9692b7bb0542317
workspace_mirror/work/hamba_pilot_engine/outputs/mirofish_offline_replay/matrix/unsupported_claim__seeded_stochastic_rule__observed/result.json,3106,f0442a30428fa7154eca830de15ba70622e2df52578a5ae90ff42738c0cfa0aa
workspace_mirror/work/hamba_pilot_engine/outputs/mirofish_offline_replay/matrix/unsupported_claim__seeded_stochastic_rule__shuffled/normalized_actions.jsonl,7263,c1da91315e55d1468107b0939d98ecbadd2063f1097ad59b2bbe31fd7d1f55f9
workspace_mirror/work/hamba_pilot_engine/outputs/mirofish_offline_replay/matrix/unsupported_claim__seeded_stochastic_rule__shuffled/profiles/reddit_profiles.json,17243,c26ad52fc0ba9bccc5717fbc24335888ce5cc92c23c31e57c364a48b12ddee35
workspace_mirror/work/hamba_pilot_engine/outputs/mirofish_offline_replay/matrix/unsupported_claim__seeded_stochastic_rule__shuffled/profiles/twitter_profiles.json,17966,f9d2126e6d1064565b5c57384e6faced1992c34a36dcaa1ae250b94d6185446a
workspace_mirror/work/hamba_pilot_engine/outputs/mirofish_offline_replay/matrix/unsupported_claim__seeded_stochastic_rule__shuffled/propagation.json,2144,2b32cef4b90486da9444001a7219e0424b3ca2108c76d20d0bf8b3596f37c8eb
workspace_mirror/work/hamba_pilot_engine/outputs/mirofish_offline_replay/matrix/unsupported_claim__seeded_stochastic_rule__shuffled/raw_oasis_actions.jsonl,2988,903b8ac30da30a144bf25a6652373eb33e7b4baaea0b7bd64b68412cff8bfb6e
workspace_mirror/work/hamba_pilot_engine/outputs/mirofish_offline_replay/matrix/unsupported_claim__seeded_stochastic_rule__shuffled/result.json,3106,581c25fe5ddfb6a88591f2038b9b54e75b2833f6b38ccffccdb83b0ad3bbcc0f
workspace_mirror/work/hamba_pilot_engine/pyproject.toml,850,a29eb20581d692199e822c4b64676260902740b24d33ab7490e23b62d3d851e4
workspace_mirror/work/hamba_pilot_engine/release_consolidation/CANONICAL_PROMOTION_DECISION.md,2018,b90edb0b77d87988bdc346977cfb640901c52041b34fcd659446c5571bd377a9
workspace_mirror/work/hamba_pilot_engine/release_consolidation/THE_SPRING_LOADED_DOOR_MASTER_SYNTHESIS_V34_2_6_AEQ001_QUALIFICATION_CANDIDATE_AUGUST_2026.md,1580993,5a428207f1d222bc202a648594e38344f0fbf5cb0d52f1637a57d5ffc170562d
workspace_mirror/work/hamba_pilot_engine/release_consolidation/V34_2_TO_V34_2_6_MERGE_DECISION_REGISTER.csv,1150,00c7cd2f34f448d88725379c920bd159e4d2eab9546403aa71b9f710253f902b
workspace_mirror/work/hamba_pilot_engine/repair_v21d_runtime.py,4178,af23253c5aac3d2a7cb56a636533920caa286ca14cd5a5d25c3043909ef79906
workspace_mirror/work/hamba_pilot_engine/requirements.txt,89,3036f3de750bc5a4d870efd5bcf6d1c3f7f9121379dc4759df7f7383946812b0
workspace_mirror/work/hamba_pilot_engine/run_aeq001_qualification.py,2219,2d03d96c56ec337f70839d9da61d8c62be17af31e38b35528d1b49ce0f40565f
workspace_mirror/work/hamba_pilot_engine/run_external_qualification.py,1800,f3e6f96cd2caa77aa7f53b941c41f794b25112082daf090ba1239706176a401e
workspace_mirror/work/hamba_pilot_engine/run_hamba_local_llm.mjs,11576,390ad5c15a118bc3bee988a1a030b22fc3f40e00b80254be41ac14cc7772c036
workspace_mirror/work/hamba_pilot_engine/run_hamba_pilot.py,716,a370ce936a4197ce516e98e22cce7639e9ff8213267bb9cf89d56ef6c245a8b0
workspace_mirror/work/hamba_pilot_engine/run_mirofish_bridge_checkpoint.py,1526,2ca73093dbb8d44446ee50d23051377b645bb61d8610590de79f39a4b6d2f5da
workspace_mirror/work/hamba_pilot_engine/springfish/__init__.py,129,c852b19273e731430e866d363fa7409b496e1a3ef5662ac9599ca56f0950a232
workspace_mirror/work/hamba_pilot_engine/springfish/__pycache__/__init__.cpython-312.pyc,318,ab5ffc654c8131efe80fd226cb7cfc61c39b2010af30ebe57360df9483dce47f
workspace_mirror/work/hamba_pilot_engine/springfish/__pycache__/hamba.cpython-312.pyc,34607,daf3f5043d71c51fd2fc1aa88a835c312f21416485fecb694959cef3070d40ba
workspace_mirror/work/hamba_pilot_engine/springfish/adapters.py,4396,2191c97145dadd6089c2b69e022e186ae1c254c5f23fce53c23656492be9935e
workspace_mirror/work/hamba_pilot_engine/springfish/aeq001.py,3479,6f981fcaf5a60e5e18022a950db6c0405be4b4d62f818f81c4f223aa7233ca8e
workspace_mirror/work/hamba_pilot_engine/springfish/architected_extraction.py,38275,1af8901aae3c6a10786f84cbd7c97dfc9780ec5334167af6fc02fc0cf6284bf0
workspace_mirror/work/hamba_pilot_engine/springfish/architected_extraction_intake.py,24638,c3e24540ba7347cd78b26e0b45f223f5f920fdf7a728029805fb8e8b1c8ebaf4
workspace_mirror/work/hamba_pilot_engine/springfish/bridge.py,2857,fd6c37b7fda4102ec879101eaf21bc59d2937d546ddb2e4bf8c30f051724453a
workspace_mirror/work/hamba_pilot_engine/springfish/cadcad_runner.py,2745,253e8ca4ff87e17a30e844d1a8b8e35399695b652060288ccbcda2d151bb001a
workspace_mirror/work/hamba_pilot_engine/springfish/cli.py,15722,5a7b87a167c7dd2fce054af29e4582e964755605ee0f66020828f003a496550a
workspace_mirror/work/hamba_pilot_engine/springfish/config.py,2424,22f5d55699a0870502fdd3be3e1d202a11735f0571cb3be966caa3a4a7ba368f
workspace_mirror/work/hamba_pilot_engine/springfish/endogenous.py,28634,da72e2f281fca85b10c283e85b72a3750572ba7463aabf125a042efa8aeffac1
workspace_mirror/work/hamba_pilot_engine/springfish/endogenous_llm.py,7963,8b92813c0dde3249719144c0f1eef0d0ee53502c62b0980d6e5adc786859213b
workspace_mirror/work/hamba_pilot_engine/springfish/environments.py,1860,30303106bb2d266fe24ab9f629da8874c5aeffb6fbe9c2c63535cf9dbb8762c0
workspace_mirror/work/hamba_pilot_engine/springfish/external_qualification.py,20449,ed4604734df558620da45ea47f18bdfcfe191b371ff7edb2baeb1b6c80a6f481
workspace_mirror/work/hamba_pilot_engine/springfish/game.py,3451,1a14704ac1e26498cb2f4d27218e5efdd1c24d080eac3e99c76a464b7f07147e
workspace_mirror/work/hamba_pilot_engine/springfish/graph.py,5130,f53f33bb9ddf8dcef479fedeed887b51e0b0d7e9c2c50f563a3eb9ddb5d962d9
workspace_mirror/work/hamba_pilot_engine/springfish/hamba.py,26162,52889556370d9abe619aff027a7b4b78c9120c5990a786482dde5af1c4bb76fb
workspace_mirror/work/hamba_pilot_engine/springfish/llm.py,6402,2363de33eed8ee1748eb897ef62007d660f31f8b8a3f7c7797ac70fb83a44f2e
workspace_mirror/work/hamba_pilot_engine/springfish/memory.py,3439,14b04c3dc9ed61b47a3f6b3054fb265ce11ad6b7efc2056bf1dec0c3745abe0b
workspace_mirror/work/hamba_pilot_engine/springfish/mirofish_gate.py,5553,3cf8c8445e828e24702a5e8529dc3b7fde1e8408a3ba1f972be1396f7bdf8a0e
workspace_mirror/work/hamba_pilot_engine/springfish/mirofish_replay.py,16604,0167815cb3da55b0ed22fdbc27c4952a2aa2660cb1903eb3f322a37b85274d70
workspace_mirror/work/hamba_pilot_engine/springfish/oasis_import.py,2257,eb1234dbd0e32d1d52b4c79ef27dc6eee8df4cccc7e1ef6ccf955cdef7a0705a
workspace_mirror/work/hamba_pilot_engine/springfish/persona.py,2746,e8aa5ec68f22aa6d452048d565517b95bf375e7048b706b1542c7d56457468a3
workspace_mirror/work/hamba_pilot_engine/springfish/report.py,2240,508b5c5736af30db1417c63326085d77ac60da37779c8f90dfb066e17811b0c6
workspace_mirror/work/hamba_pilot_engine/springfish/rq621_bridge.py,4584,6342c1519045df45c3dcc8d247a873334804186b6680c0130eb2b185230ebb2d
workspace_mirror/work/hamba_pilot_engine/springfish/rq621_c1_evidence.py,2308,d3f847f0c0616b7d72084cbe0dbb668f4f53235111e36caf251b7d84e81e4dbf
workspace_mirror/work/hamba_pilot_engine/springfish/rq621_shadow.py,3774,f41b09ea8f1558b811cbf0e5e5b7c527ae567681fd67a90acbcbdc0a10b33a19
workspace_mirror/work/hamba_pilot_engine/springfish/scheduler.py,571,a19af8ebc3949b5cfb4e1bb0305967a6e4a7abc501b213069bc25ecb5aaa4b36
workspace_mirror/work/hamba_pilot_engine/springfish/schemas.py,2066,0afaf8dab408eba52254ea9aea4e961ac90e1ad8419210b2ddca46e255581b4d
workspace_mirror/work/hamba_pilot_engine/springfish/simulation.py,19169,c5360a819464e861f3c007bb57c6c741c251cd7bd7c22d9934e7f07829ca2ba4
workspace_mirror/work/hamba_pilot_engine/tests/__pycache__/test_hamba.cpython-312.pyc,5800,be265cdcf457f009d387dc1a9fe693dde380dde774f109d229ad2d6af9d17f89
workspace_mirror/work/hamba_pilot_engine/tests/test_aeq001.py,1737,b934e0ec2d61c64cd6f2e80a8b25aa4325d62cdd7b52e0d68995281c6a43ee96
workspace_mirror/work/hamba_pilot_engine/tests/test_architected_extraction.py,10014,202e000bf2827518c0f714e97b3f9c6d3900b00f0324f1726343edb7be4aaacc
workspace_mirror/work/hamba_pilot_engine/tests/test_architected_extraction_intake.py,12493,05020e22db5118a8c8609c154afc8ff423cecbdf9104097cc7266557259bca63
workspace_mirror/work/hamba_pilot_engine/tests/test_cli_integration.py,4042,18eeaa18025e095717306f552a4148c62cdda744567b96ce64326bb25c411fb2
workspace_mirror/work/hamba_pilot_engine/tests/test_endogenous.py,1534,95b8a9d561a23326cc4fc9a81fe1d04e4a1f6235bd914e479fa2b3d8da1b0db4
workspace_mirror/work/hamba_pilot_engine/tests/test_external_qualification.py,10342,d576c7c337c271491a41b25194a9607725c8641fa099f8ed6e567afb725eee48
workspace_mirror/work/hamba_pilot_engine/tests/test_game.py,784,50349bc3cc30d9c591772b4bae4afa96a286ad1ba15d88b880f67e2ed9737f55
workspace_mirror/work/hamba_pilot_engine/tests/test_graph.py,1001,efcaf5a4c18e7c7f1dcb64664e9d6440328258cab8172dc502bd5517f5d8dcdd
workspace_mirror/work/hamba_pilot_engine/tests/test_hamba.py,2458,3a6ebab5f967b47a6d21bff9832eba26165a135d2bad8a419e97588949fa2b34
workspace_mirror/work/hamba_pilot_engine/tests/test_integration_layers.py,1804,d75c58b9daeb761f21fde72675ba8157d1cb0f44dbc8dcafecbaedf50514ff54
workspace_mirror/work/hamba_pilot_engine/tests/test_memory.py,1294,536e9d4445e70389a2c836fc6f32c9510d9d9c1977a54a4db06629b345547342
workspace_mirror/work/hamba_pilot_engine/tests/test_mirofish_gate.py,1726,e4071a7c104b71d549758293f16b7cd97007fefd202e9428039516f4d213c4f7
workspace_mirror/work/hamba_pilot_engine/tests/test_mirofish_replay.py,2838,a931f56c7bcdfd747ad52a74c551aa7e6a3caa3dbc41432f7fe4cb108e868ac8
workspace_mirror/work/hamba_pilot_engine/tests/test_oasis_import.py,469,7dff46a1e4be33ff2fb4788fc31b82ea3d7d8b596204b0ee97f7719e437ffe29
workspace_mirror/work/hamba_pilot_engine/tests/test_persona_bridge.py,745,074429408ff5d10f64b836743db96f46ffd868b9b64a9e8a810d25bce699f652
workspace_mirror/work/hamba_pilot_engine/tests/test_rq621_bridge.py,4217,3b011b0d908c85259f5308480922452e16c16bf3e0ddaf115d566a866c7ccca0
workspace_mirror/work/hamba_pilot_engine/tests/test_rq621_c1_evidence.py,2886,9bb29d162c5e2faac1bb854832f25e2f2fdb91e983bafa9b9edd5b24032284ed
workspace_mirror/work/hamba_pilot_engine/tests/test_rq621_shadow.py,2732,c11ca01fcbc7f7e9ac2001ce594f8e18bb0f02d764d3a841753fde68983d17fe
workspace_mirror/work/hamba_pilot_engine/tests/test_simulation.py,610,7e00cdc05b697f0020b73f19981880f720753d01a1f67199eb5cfe5798ba5778
workspace_mirror/work/hamba_pilot_engine/tests/test_study007e_adapter.py,689,79614225099f807a5ad83de61fec02712d3d01108cfd102cde7efaf4cb3f0839
workspace_mirror/work/hamba_pilot_engine/tests/test_study_007f_adapter.py,682,81631f35ec0621d1df747a30eef30ec28f19cf2356b3398020a07a45bd2b6464
workspace_mirror/work/hamba_pilot_engine/tests/test_study_007g_adapter.py,596,74ad506ff234c93385a70321e9e4016cb10e05e45b743df684167981b115d6d0
workspace_mirror/work/hamba_pilot_engine/tests/test_study_007h_adapter.py,902,0bde0b7af7bfe69be7c7e485deca6106038ec2b9fc05e44692a65c0ded538706
workspace_mirror/work/hamba_pilot_engine/tests/test_transition.py,1196,93450ee99acddafeff1a566d1010374f098e0946bf60a1eb73650dfb2cbbe338
workspace_mirror/work/hamba_pilot_engine/validate_aeq001_release.py,2546,f091388d7c42f6533919371b58c05a5073c9191a27880fcd24fe359a31a95f02
workspace_mirror/work/hamba_pilot_engine/validate_external_qualification_release.py,5642,b718a584cebbc446c4c4e758a63946a65587f437d3497aecbf1fba22f95449bc
workspace_mirror/work/hamba_pilot_engine/validate_mirofish_bridge.py,6429,38b42b61d75d34edebbe669225d475110489c932d4c6bca0aa58a7d48f4aa129
workspace_mirror/work/hamba_pilot_engine/validation/BETA3_VALIDATION.json,1488,d312873107b1e378521078a78b8a56546030d877888aecef9f1af1f02c431e27
workspace_mirror/work/hamba_pilot_engine/validation/DEFAULT_BASELINE_INVARIANCE.csv,672,14029a0f9c41b51e0b5157274489c7b75d7583b42452371b7d2a26e9b93350b5
workspace_mirror/work/hamba_pilot_engine/validation/LEGACY_OBSERVER_INVARIANCE.csv,127,b4576453307232847293aefe5f68a940af494fc6525acdc2f5630972bd87da34
workspace_mirror/work/hamba_pilot_engine/validation/PROMOTION_GATES.csv,1420,e82e21fd680b337d175b953aec7091a68ba642d3f527bfc4287e2205ec243b59
workspace_mirror/work/hamba_pilot_engine/validation/PYTEST_OUTPUT.txt,704,12368ea7648d3edc813ba38388404854788d96467b64a8962d969ab5d39dfa3b
workspace_mirror/work/hamba_pilot_engine/validation/RELEASE_GATES.csv,972,a24da5690d382209148e1c8c916fb228e9ca5acfd5d8585dc850f39ef33f556f
workspace_mirror/work/hamba_pilot_engine/validation/STUDY008B_ADMISSION_VALIDATION.json,2097,2a2e7a736f875d9723d8e6d103431711ba6a192048bb9250c0cfe331b27c6a71
workspace_mirror/work/hamba_pilot_engine/validation/STUDY008B_BANGLADESH_UNPOPULATED_AUDIT.json,5238,38064787a83640fee1b9ce3c7e4c08d6862e2dbc8c6f3bedb2fb5a1a29f2078e
workspace_mirror/work/hamba_pilot_engine/validation/STUDY008B_CLEAN_EXTRACTION_OUTPUT.txt,6350,96546d4bd42c6b4f52a50f7ce8d414eb97af413096f1b0b4ff89710490449437
workspace_mirror/work/hamba_pilot_engine/validation/STUDY008B_EXACT_REPLAY.json,612,d26c6e36d12c208f25b6bc5593be5bd38694477c3c7af77696b9e6d03975c487
workspace_mirror/work/hamba_pilot_engine/validation/STUDY008B_PRIOR_CANDIDATE_INVARIANCE.csv,38104,b0588736662752d1052ba1e42dac54974cfe043458ce278438fa6563189c4322
workspace_mirror/work/hamba_pilot_engine/validation/STUDY008B_PYTEST_OUTPUT.txt,767,8bd89579f13f19accdf48bcd7f8265091ec65d70068445ca0425e3ea960adb5c
workspace_mirror/work/hamba_pilot_engine/validation/STUDY008B_RELEASE_GATES.csv,663,b358d23512df206fa21208d8ca7cdcdae574e464f209d1f639416f97c3f05789
workspace_mirror/work/hamba_pilot_engine/validation/STUDY008B_SYNTHETIC_ADMISSION_AUDIT.json,7814,eb0fc8752893837af495a67fd3ed3bd06d296f8ff07f9c017b0a5fdc217bd312
workspace_mirror/work/hamba_pilot_engine/validation/STUDY008B_VALIDATION.json,1740,8655578bb0e38bc7f961e3e6d3f90e8d4b18a86270bbb461f5baf1e1065eb269
workspace_mirror/work/hamba_pilot_engine/validation/STUDY008_ADAPTER_VALIDATION.json,2454,a54b066f656b1bfa0d1c56ed458dce6110acb5e9d9ba3143802840d2a95b97e2
workspace_mirror/work/hamba_pilot_engine/validation/STUDY008_BANGLADESH_DATA_CENTRE_HYPOTHETICAL_REPLAY.json,121410,03ac5a3e4953e638964f817583559829e69430007ec3de7fa46292bc98c8088e
workspace_mirror/work/hamba_pilot_engine/validation/STUDY008_BASELINE_INVARIANCE.csv,31627,5050cc21ba3d16c76eb12750fa85bb9f206be272a2d1050a9f48b788986ddfb4
workspace_mirror/work/hamba_pilot_engine/validation/STUDY008_CLEAN_EXTRACTION_OUTPUT.txt,3222,103bfe0514e1c45a1cfb791c58ed1c125751c147df3e159ebdd1c5a1e9c8848b
workspace_mirror/work/hamba_pilot_engine/validation/STUDY008_EXACT_REPLAY.json,443,81d04e222c87fa6d8513794edafea3e4edb9ae26eb5d1935c785061e5d4b220d
workspace_mirror/work/hamba_pilot_engine/validation/STUDY008_PYTEST_OUTPUT.txt,767,36289bd38fd66257fbecccef905632ff2a788822ab0bf7820d08bd0bba9c72db
workspace_mirror/work/hamba_pilot_engine/validation/STUDY008_RELEASE_GATES.csv,947,8da9dc658f6914528d41367d8234c55ae706faf28d646316505710cbdbf27d6c
workspace_mirror/work/hamba_pilot_engine/validation/STUDY008_SYNTHETIC_CONVERSION_PROJECT_REPLAY.json,121786,9a10b81b0ac338c390a9301aae68ce061195426ac76cabab90a12275d63400f2
workspace_mirror/work/hamba_pilot_engine/validation/STUDY008_VALIDATION.json,1439,e1740f786e1e2a5114a2c1a748192911057fcc5a4a97d7e9d717f682df98e79b
workspace_mirror/work/hamba_pilot_engine/validation/mirofish_bridge/BASELINE_INVARIANCE.json,13981,d6e3c4c9b8a0f06b09f0089facc8b2ff34fb66736f7da27df77229cde05b2798
workspace_mirror/work/hamba_pilot_engine/validation/mirofish_bridge/RELEASE_GATES.csv,1433,896b4a07db6b01dcf97b1ee289d1fc9567e627192b6f136e7d0db431be6979f5
workspace_mirror/work/hamba_pilot_engine/validation/mirofish_bridge/TEST_OUTPUT.txt,854,bd39e80d8fce460be0ec5d24d18bd51191b3a93f2fac0b6763efcf9696d1b73a
workspace_mirror/work/hamba_pilot_engine/validation/mirofish_bridge/VALIDATION_RESULTS.json,2612,9d0502cd3f0311cfe81a782db1637efd72a309a893bd5888bcb69af39f5aad9d
workspace_mirror/work/hamba_pilot_engine/vendor/sld_sim/__init__.py,79,f19bd4c847094b9b39a01413df6c85361b1cebe00355ea554bd98983b50345fe
workspace_mirror/work/hamba_pilot_engine/vendor/sld_sim/cadcad_adapter.py,2996,5859afac968e78b91c6f44b2e94758864396f0a4f9b43a7391b95aadbee91c78
workspace_mirror/work/hamba_pilot_engine/vendor/sld_sim/calibration.py,958,2b7804d4253ec86d501035fa858cedbbfcb213550e21bb3f2effd90e433c9410
workspace_mirror/work/hamba_pilot_engine/vendor/sld_sim/causal_validation.py,3011,88235549fb242d8449d738a4b75aa31b89b98dba2851ffc4fd027cae9f2f36df
workspace_mirror/work/hamba_pilot_engine/vendor/sld_sim/engine.py,70915,0e56e8d48d3430c2be856992b1484b5b33a8b4435bb7320ae80d71a8c7e04614
workspace_mirror/work/hamba_pilot_engine/vendor/sld_sim/games.py,13146,a8de52eac0866aff0a46b8bb1ed3cb09f8db49fc81628e82fd486bf6f7bff80e
workspace_mirror/work/hamba_pilot_engine/vendor/sld_sim/graph_loader.py,8331,99c7cd44b25709d75f1ba71dbee96f9c5d5471637ab98218ea7b7d9e096c9ed9
workspace_mirror/work/hamba_pilot_engine/vendor/sld_sim/micro_agents.py,9325,78e49271e4b6a44f062538379c8145be612d0af33a560a658ecc8f405c456253
workspace_mirror/work/hamba_pilot_engine/vendor/sld_sim/payoff_calibration.py,8682,a6fe6adb31522e7fe85ea8d68dbf42facd570d3971eb10f81ea43022ba470ad3
workspace_mirror/work/hamba_pilot_engine/vendor/sld_sim/risk_analysis.py,6232,e4eca0f5cfbcdb7496c185adc5631f6faa14302dacf1035a19a9da9a83312284
workspace_mirror/work/hamba_pilot_engine/vendor/sld_sim/validation.py,11946,117f85b373d67035fddfddd0d38ff61e1942b28342d951a20584ad4d3af02a42
workspace_mirror/work/hamba_pilot_run/00_HANDOFF/00_START_HERE.md,1815,979ebf70eac4ea26e90397806195c67e7a1ce0dcc6f58faf21c5a5bffe1ddf49
workspace_mirror/work/hamba_pilot_run/00_HANDOFF/DETAILED_HANDOFF.md,10012,71e5611ff2ec29345ab27ef686354a6dd9864abfab6b353427bd066d24539394
workspace_mirror/work/hamba_pilot_run/00_HANDOFF/PROJECT_STATE.json,1973,fb55dbd69ab932c4c4e4542aaa1427285f47df87ece80ed2b2f0de6185322a54
workspace_mirror/work/hamba_pilot_run/00_HANDOFF/verify_migration.py,1078,00254701dddf99e10849f0e0210393e961d9fcf39a7e7f71ab20d5f8249c8a17
workspace_mirror/work/hamba_pilot_run/01_SOURCE/HAMBA_Consolidated_Business_Plan.md,93513,d4dc6063440100a2d9dd57e0747d2a8d8abd35a71a42453990da5931b16af319
workspace_mirror/work/hamba_pilot_run/02_CONTRACT/HAMBA_PILOT_001_FROZEN_CONTRACT.json,7959,9c56975c0d0d8522ec26df8cf5a89f3f2683c62fc6a7a560b22e7b2dba44a8e1
workspace_mirror/work/hamba_pilot_run/03_RESULTS/BASE_CONSTITUTION_COMPARISON.csv,3100,6c5ae9cb63404b121518566aea973b965dd92ebb2a300720136bdb4e57921bf3
workspace_mirror/work/hamba_pilot_run/03_RESULTS/CONSTITUTION_DECISION_SCORECARD.csv,2029,629d9f2aa77aea40de097c07dc3c6848129c089c42d9cabd358d826a74ac8b73
workspace_mirror/work/hamba_pilot_run/03_RESULTS/CONSTITUTION_REPORT_COMPARISON.csv,447,d2520b7921332640159d61bb32c696bfe5ac5d38f79ad5597db8625e5835babb
workspace_mirror/work/hamba_pilot_run/03_RESULTS/EXTRACTION_FULL_COST_COMPARISON.csv,1529,8d250715a129a23bb69c19cfec713f20bc4bc1b65f4c960c8127ebe4bb98c1eb
workspace_mirror/work/hamba_pilot_run/03_RESULTS/GAME_PAYOFF_PROFILES.csv,17576,c2a490c3e98a83c1dbf498a2fff7be6de7ca2964db7eb0830309ef608b7aa8c9
workspace_mirror/work/hamba_pilot_run/03_RESULTS/GAME_PURE_NASH_EQUILIBRIA.csv,2978,dbf41cde136cc76edaeee8664ef3927924f92efd019a22efbdba67da7c04b890
workspace_mirror/work/hamba_pilot_run/03_RESULTS/HEADLINE_METRICS.csv,111,957f6ff49d187c1ed9b46c456e2fd62b1a91059c1a2bc94dba7bf83492003d92
workspace_mirror/work/hamba_pilot_run/03_RESULTS/IDENTITY_MONITORING_PATHS.csv,60022,bfa79628f4d27c333ca659e3d3b45ecb3816180e329a88fae7f43ff3395f922b
workspace_mirror/work/hamba_pilot_run/03_RESULTS/IDENTITY_MONITORING_SUMMARY.csv,532,0905518350138790a4c15751efa56b4d686be0924d252d98f255be6e7fed63e1
workspace_mirror/work/hamba_pilot_run/03_RESULTS/MODEL_FINDINGS.json,4485,8a27aed663ef3d17b12469154ec0eb4e302ea93ca3a01c4e5a2d1ca40ae51b87
workspace_mirror/work/hamba_pilot_run/03_RESULTS/PORTFOLIO_PATHS.csv,3866702,8336f2d9cbb63dbda2e2618ba968c735f57a4cca9b73eb20041127c49937d7f7
workspace_mirror/work/hamba_pilot_run/03_RESULTS/PORTFOLIO_SUMMARY.csv,56283,76c2928a345995db0024c2efba0afc61a86c44b6074aaabeb58564bf321c699f
workspace_mirror/work/hamba_pilot_run/03_RESULTS/RUN_RESULT.json,1146,b7b07615e727e9c9793060e6bb92b4e3472662b278d22bed767264afa7dac982
workspace_mirror/work/hamba_pilot_run/03_RESULTS/SCALE_ECONOMICS_GRID.csv,131853,ffd55d5a1032823e1cad875196bc08f06a1b6c0014352694854db0718676a553
workspace_mirror/work/hamba_pilot_run/03_RESULTS/SCALE_REPORT_SLICE.csv,337,02c2ffd0e4f71a0214c7ffa4defd298b8446daf0f107367764d297331ded78ec
workspace_mirror/work/hamba_pilot_run/03_RESULTS/SEVERE_STRESS_CONSTITUTION_COMPARISON.csv,3499,746108fea4a58f9af8eb34cff9c4fb435d9670e09cad46de726698b29f94cd97
workspace_mirror/work/hamba_pilot_run/03_RESULTS/VALIDATION_RESULTS.json,1504,a9facee84ccc42073b17d1b8c3ac5aced5484284457651d4e8ce6cec3b772f0b
workspace_mirror/work/hamba_pilot_run/04_LOCAL_LLM/LLM_DECISIONS.jsonl,27823,3e9d50c4552b1499996590c112233645d8f2c6dd3a398704b249545f70b24e3d
workspace_mirror/work/hamba_pilot_run/04_LOCAL_LLM/LLM_REPLAY.json,232,8270f852238426f5e360fcbfe6c03a571340c365b5dd949a54abe6be4764ec29
workspace_mirror/work/hamba_pilot_run/04_LOCAL_LLM/LLM_REPORT_SUMMARY.csv,508,9e71996d198265f02300ce89332c87e0194f7cbdcfb015eda2d9c7e37212b146
workspace_mirror/work/hamba_pilot_run/04_LOCAL_LLM/LLM_SUMMARY.json,1298,866fe373ea80db0130293046d0134a13f0312a562fba060bef959b8fc6187baf
workspace_mirror/work/hamba_pilot_run/04_LOCAL_LLM/LLM_VALIDATION.json,1418,f0e37f11f5651f6ea5eb072384e67564a2164fcdf32c8070dc952f3f9b9e7963
workspace_mirror/work/hamba_pilot_run/04_LOCAL_LLM/LOCAL_LLM_RUNTIME.json,487,77dfb1a5e29c82b300a5d5ccac106281677a0a56d50ae863c3c6e1b5347de1a8
workspace_mirror/work/hamba_pilot_run/04_LOCAL_LLM_SMOKE/LLM_DECISIONS.jsonl,865,4da103e264ada4d3466ba50cb47619396e1bd4be990cbb4d7f9a1e39e6cc2f63
workspace_mirror/work/hamba_pilot_run/04_LOCAL_LLM_SMOKE/LLM_REPLAY.json,230,d8c37180caa815d643edd55a4b772b8a519a8e320386f4161f45aac5f65016bb
workspace_mirror/work/hamba_pilot_run/04_LOCAL_LLM_SMOKE/LLM_SUMMARY.json,1071,0609872af4a4bc9a7ca7960351952193fd5191760c57336d1e7d7126df6701f7
workspace_mirror/work/hamba_pilot_run/04_LOCAL_LLM_SMOKE/LLM_VALIDATION.json,1399,57c7a81ef9ca773a9ea9b6f96f29cbbd080bc668c1117d6fcfcdc0a061f6aa17
workspace_mirror/work/hamba_pilot_run/04_LOCAL_LLM_SMOKE/LOCAL_LLM_RUNTIME.json,487,77dfb1a5e29c82b300a5d5ccac106281677a0a56d50ae863c3c6e1b5347de1a8
workspace_mirror/work/hamba_pilot_run/05_REPORT/SPRINGFISH_HAMBA_COMPLETE_MODEL_REPORT_2026_08_21.html,483228,594a04505fbdee9832db21fca91e9616cc4d61316530ea32f2c6f252a0344373
workspace_mirror/work/hamba_pilot_run/05_REPORT/artifact.json,43900,93fc8630a3f1727eae9e2a4110ab83376d874c84c5a8ecf18c9587355369e54a
workspace_mirror/work/hamba_pilot_run/06_VALIDATION/CODE_TEST_RESULTS.json,407,0b56270623687845f3af4eed9b2d3f6d79686ef3a0ee12c600326ae45c737cdf
workspace_mirror/work/hamba_pilot_run/06_VALIDATION/REPORT_DELIVERY_RECEIPT.json,370,a0f2aff2cb887df52450982da99166ac46c8c4b0883cf9e381f9586e9f215f62
workspace_mirror/work/handoff/DETAILED_HANDOFF_V34_2_4.md,3772,43cc1bdb604441de1f00387e525c6f507f2861181a45f49aa44e639fe7eb47ae
workspace_mirror/work/handoff/PROJECT_STATE.json,7866,f92a04afd94a6759a91427527f2eac0f595360104da5d75f79f09d6e9a33ab3f
workspace_mirror/work/handoff/SPRINGFISH_CURRENT_HANDOFF_POINTER_2026_08_12_V34_2_4.md,2516,2901457a23ef037bbf17d7ce087d9c794a10d049645e545888671322904a8cdc
workspace_mirror/work/local_llm_runtime/RUNTIME_MANIFEST.json,789,816c0ef88d673ef72cb46f8830b056a74d424defe29b29f6c26f405f791ee488
workspace_mirror/work/local_llm_runtime/models/Qwen3.5-0.8B-Q3_K_S.gguf,440750336,4649ee78ff7cbad4e9fe4c0bab3b73a7c70096b51e36ef299469b08989a93c39
workspace_mirror/work/local_llm_runtime/node_modules/.bin/cmake-js,8116,0d66091f44281213ea5544ee8dfc7ff4855c81160cba38c7f0126971674f34eb
workspace_mirror/work/local_llm_runtime/node_modules/.bin/ipull,2090,2820ef865c1c75479860ce0300593ed7b6740d72c6c9fe5aba3c56bb993686dc
workspace_mirror/work/local_llm_runtime/node_modules/.bin/nanoid,1519,4db4a147fbac315e661d4a66812ebcd59168066865ed0fd4c18c36cc060430e2
workspace_mirror/work/local_llm_runtime/node_modules/.bin/nlc,1855,87c4356e6eea031dfac3d2e4d1601cc699eea21337d03acad6e33403b67a6aa9
workspace_mirror/work/local_llm_runtime/node_modules/.bin/node-llama-cpp,1855,87c4356e6eea031dfac3d2e4d1601cc699eea21337d03acad6e33403b67a6aa9
workspace_mirror/work/local_llm_runtime/node_modules/.bin/node-which,960,7c37493fcac8af6526f51f4d83606a733ca7ca3c7b943d1e9239bb30346b019d
workspace_mirror/work/local_llm_runtime/node_modules/.bin/rc,109,82383f5748af5f9380dbcde8f0166088614bf024e25bdbe073bb87cd385336ba
workspace_mirror/work/local_llm_runtime/node_modules/.bin/semver,4957,bd6c871026985937dc945011fc54b74b47f5998154216d7b8d40d5ed782e4402
workspace_mirror/work/local_llm_runtime/node_modules/.package-lock.json,55815,76c4e8b71d62b416316bc2bf01c218be02388439841ef5bb054952f0db6d23b3
workspace_mirror/work/local_llm_runtime/node_modules/@huggingface/jinja/LICENSE,1069,d6e7b19451c1b3d1d66353bb4b1274138953b3bfd9ae60c56e77b1f548796982
workspace_mirror/work/local_llm_runtime/node_modules/@huggingface/jinja/README.md,2844,b29fc242299a8564edba1f93c27382ca6580d662b5d4473d866e9047a3afedc2
workspace_mirror/work/local_llm_runtime/node_modules/@huggingface/jinja/dist/ast.d.ts,6617,311e7e15ba20a454cbd9e2e0be2800b1f9f1509418704f9b8165b5b936c746d5
workspace_mirror/work/local_llm_runtime/node_modules/@huggingface/jinja/dist/ast.d.ts.map,4285,abb5c5ee5d3e6705d02c2098391fe43ed95949ab50f38447b45ac6603b5a53d7
workspace_mirror/work/local_llm_runtime/node_modules/@huggingface/jinja/dist/format.d.ts,158,aaf33b043bce90a6c9c9cf770ddae19da00439424806946fa4c31e8b77024877
workspace_mirror/work/local_llm_runtime/node_modules/@huggingface/jinja/dist/format.d.ts.map,235,5d6b21befcb14ebd49249b93dbac529e5b23b482d4480344aee99a5a40251fa8
workspace_mirror/work/local_llm_runtime/node_modules/@huggingface/jinja/dist/index.cjs,101591,10a1db85a07bb5136830b641e140cce54b7f0bb21ccb4d2e237c9c7f17fdc488
workspace_mirror/work/local_llm_runtime/node_modules/@huggingface/jinja/dist/index.d.ts,1110,9f646a525985543fa4e1b324d9dee07cc4e5aabc981f145692e8764bf601db9b
workspace_mirror/work/local_llm_runtime/node_modules/@huggingface/jinja/dist/index.d.ts.map,597,669b7fc4b95557a8b737c0c0d17ddd00e101eaa8dfb486e83f729a0ba185e145
workspace_mirror/work/local_llm_runtime/node_modules/@huggingface/jinja/dist/index.js,100496,bdedd709a35cc8cdcbf5307059589b9fd71e68c5544f42797e5ca1f1cadba8e5
workspace_mirror/work/local_llm_runtime/node_modules/@huggingface/jinja/dist/lexer.d.ts,1669,ff32e32c3543bbf246e8384e145a9c9e05557598924398c8b39d0ab267b87a91
workspace_mirror/work/local_llm_runtime/node_modules/@huggingface/jinja/dist/lexer.d.ts.map,529,2eb6570d5a1ac8177d44810b9592fe490490f318e5d65dbdf675ec6410acbc64
workspace_mirror/work/local_llm_runtime/node_modules/@huggingface/jinja/dist/parser.d.ts,377,50a099a44881640219060175d354366c8c1f5b1d14de49ea1ea58e42c86dbee3
workspace_mirror/work/local_llm_runtime/node_modules/@huggingface/jinja/dist/parser.d.ts.map,259,ca08c24f61016cf4f8c1980607038419815c302983c84af7e66fa3812f1f46b7
workspace_mirror/work/local_llm_runtime/node_modules/@huggingface/jinja/dist/runtime.d.ts,6225,240bae4f4aa3d8c75d83a9f90311fc0dea7bc0eb06a8c24938f22852b695ffbf
workspace_mirror/work/local_llm_runtime/node_modules/@huggingface/jinja/dist/runtime.d.ts.map,3161,cee7367d1a3372b3d2e3cf2fb37dca9e13c6304c01e7e08a49813dad0d6d4ae9
workspace_mirror/work/local_llm_runtime/node_modules/@huggingface/jinja/dist/utils.d.ts,1437,17b02ced56a27dc6c6687a646d82710cfdb45d4dec95322ddc0582a0e465e7cd
workspace_mirror/work/local_llm_runtime/node_modules/@huggingface/jinja/dist/utils.d.ts.map,715,5b64b0425efdb2248d9c7a365067f0206aeb9e7fc232249feb42e11e85d70a0a
workspace_mirror/work/local_llm_runtime/node_modules/@huggingface/jinja/package.json,1417,21c9de61acde2c2c8f9e8771457bd0e2f181cc18167389c243d19503249d82f1
workspace_mirror/work/local_llm_runtime/node_modules/@huggingface/jinja/src/ast.ts,6415,4e74da8d513ad575dd9ce6864db44ab8fa0f5eb5a7d9a903477617edf058faf0
workspace_mirror/work/local_llm_runtime/node_modules/@huggingface/jinja/src/format.ts,10047,ae4dd933ed99e933153c713667219d18a9689069560caecbfbf9c995d6674fd0
workspace_mirror/work/local_llm_runtime/node_modules/@huggingface/jinja/src/index.ts,1691,e05449bc732104e1956f4d5ba28a9c81de93fd0716e46f67d0e30c247bc924a0
workspace_mirror/work/local_llm_runtime/node_modules/@huggingface/jinja/src/lexer.ts,12465,582d40b40e0bf51400376b5b0a114d046762ad858b0f7f1c6909c62d90811429
workspace_mirror/work/local_llm_runtime/node_modules/@huggingface/jinja/src/parser.ts,19996,9036cdc609d69b4d5fdc32f10760c6506fe3cf525f9548d2c76cb0ff2043c35d
workspace_mirror/work/local_llm_runtime/node_modules/@huggingface/jinja/src/runtime.ts,65773,270bacbd2994a80200ac361dc25b0f6b7e1896f216bce83ba9182bbd454e928c
workspace_mirror/work/local_llm_runtime/node_modules/@huggingface/jinja/src/utils.ts,3748,57e44b8f45dc64d5ef9c51fa6bfb84994430aa99adc27dfe7c6eda87011484c9
workspace_mirror/work/local_llm_runtime/node_modules/@huggingface/jinja/tsconfig.json,465,5c5e86ab5516c11e654cb885807f1d5690f6b5f51272f4ba16f4e3d3b5f7dc17
workspace_mirror/work/local_llm_runtime/node_modules/@isaacs/fs-minipass/LICENSE,765,4ec3d4c66cd87f5c8d8ad911b10f99bf27cb00cdfcff82621956e379186b016b
workspace_mirror/work/local_llm_runtime/node_modules/@isaacs/fs-minipass/README.md,2546,139490258a68fea80cbb38be69261bcbbc9ad48f2ed5233865e56bb281678f47
workspace_mirror/work/local_llm_runtime/node_modules/@isaacs/fs-minipass/dist/commonjs/index.d.ts,3906,8cd9420ca2b84c0fa2851805ff06a1682f98c78fb51b1caf93f6888d184a0269
workspace_mirror/work/local_llm_runtime/node_modules/@isaacs/fs-minipass/dist/commonjs/index.d.ts.map,4163,894016b70905408c44da489176303042e96adfa65c503e29ee31bd8e6443670d
workspace_mirror/work/local_llm_runtime/node_modules/@isaacs/fs-minipass/dist/commonjs/index.js,12791,2c934649bd1f847982fc06b02721244cb3271bf254afd71f23f9d20c14f9b59a
workspace_mirror/work/local_llm_runtime/node_modules/@isaacs/fs-minipass/dist/commonjs/index.js.map,27213,a69e0d670a9d4b67852d613d0cf3132599a5046653b7641edcb1f7497132e869
workspace_mirror/work/local_llm_runtime/node_modules/@isaacs/fs-minipass/dist/commonjs/package.json,25,8005a3491db7d92f36ac66369861589f9c47123d3a7c71e643fc2c06168cd45a
workspace_mirror/work/local_llm_runtime/node_modules/@isaacs/fs-minipass/dist/esm/index.d.ts,3981,5a7cb3b29a8cafee77a7c6c1aeba80bfb32dd84a67020575a409032eac2f8756
workspace_mirror/work/local_llm_runtime/node_modules/@isaacs/fs-minipass/dist/esm/index.d.ts.map,4163,894016b70905408c44da489176303042e96adfa65c503e29ee31bd8e6443670d
workspace_mirror/work/local_llm_runtime/node_modules/@isaacs/fs-minipass/dist/esm/index.js,12129,6feab1ba6210a3dd4c2bf1eb9cadfca5674c82972d0d015a162bbeb097a886da
workspace_mirror/work/local_llm_runtime/node_modules/@isaacs/fs-minipass/dist/esm/index.js.map,27237,cb7896bf7f5eac9b4eec3caffaac6fb122342b01c33c2e92bcfedd6b4a8c79a1
workspace_mirror/work/local_llm_runtime/node_modules/@isaacs/fs-minipass/dist/esm/package.json,23,3ca9d4afd21425087cf31893b8f9f63c81b0b8408db5e343ca76e5f8aa26ab9a
workspace_mirror/work/local_llm_runtime/node_modules/@isaacs/fs-minipass/package.json,1675,ab8c1c2bce664e4c76b1937fa1a28f00ca5231a70cf0c1f78dd473101a9d2a88
workspace_mirror/work/local_llm_runtime/node_modules/@kwsites/file-exists/CHANGELOG.md,291,441934c65118f339604773c8775d29f3b64958e24ef3e845be5ca2434ec9e65b
workspace_mirror/work/local_llm_runtime/node_modules/@kwsites/file-exists/LICENSE,1077,f52b03f3b77f5d1ffd0da421389498bea8b316c4c57b17cfd7c07f9abfb75f92
workspace_mirror/work/local_llm_runtime/node_modules/@kwsites/file-exists/dist/index.d.ts,23,80a3bbe0e4fdfaac2c0a8b92a3ed66d3ded5e8f454c5790c8d593872fc1197f1
workspace_mirror/work/local_llm_runtime/node_modules/@kwsites/file-exists/dist/index.js,235,c23466f747096acf62cdc59521188aa7e055b20bfe1e86be03805698beaa937c
workspace_mirror/work/local_llm_runtime/node_modules/@kwsites/file-exists/dist/index.js.map,114,f39cf97fc7f2d3b8e41981b3bf6aca5c520d52cd648ef3406dcd22d10a033756
workspace_mirror/work/local_llm_runtime/node_modules/@kwsites/file-exists/dist/src/index.d.ts,518,82b7102efd8f96c5edcc44e6c6c9b9163db63cfba25cc00b6b6e46bd3b5af61c
workspace_mirror/work/local_llm_runtime/node_modules/@kwsites/file-exists/dist/src/index.js,1662,9b39cb177d7f157a1858535d3545610cb0619a86da4f7e2d651fe17e77466b57
workspace_mirror/work/local_llm_runtime/node_modules/@kwsites/file-exists/dist/src/index.js.map,1127,c910a1decf067e30729edd616efae56105ff31420c52a454d471395b706a388c
workspace_mirror/work/local_llm_runtime/node_modules/@kwsites/file-exists/dist/test/__mocks__/fs.d.ts,241,187219dec2a1c756f3acfc1ebb2cc54e4f2cf0ab075e5a713cc9641042dd7f59
workspace_mirror/work/local_llm_runtime/node_modules/@kwsites/file-exists/dist/test/__mocks__/fs.js,743,2a46edb24f70d44a5c5e2d53eb9e26277866e258e93f339d6c8db1dd477e5064
workspace_mirror/work/local_llm_runtime/node_modules/@kwsites/file-exists/dist/test/__mocks__/fs.js.map,656,78cb7b00bf0ab230df71fa2ecfdc823f26f89eaba9afda5bda56fb7fae9f5b3b
workspace_mirror/work/local_llm_runtime/node_modules/@kwsites/file-exists/dist/test/exists.spec.d.ts,11,8e609bb71c20b858c77f0e9f90bb1319db8477b13f9f965f1a1e18524bf50881
workspace_mirror/work/local_llm_runtime/node_modules/@kwsites/file-exists/dist/test/exists.spec.js,2593,ed7b7404a422c131b2779dd9288fd72bd278a8e7b105579f61c0bc97d1fbb768
workspace_mirror/work/local_llm_runtime/node_modules/@kwsites/file-exists/dist/test/exists.spec.js.map,2945,a0ff63cf74a3fa3b30c0dc96dc9c99c46edd688dfc17d5b368c1d5be6f5c4f35
workspace_mirror/work/local_llm_runtime/node_modules/@kwsites/file-exists/package.json,1062,397650aecac8a8d4cad0ca4ce45b7faad458683706733da376d982c7fb5b2b71
workspace_mirror/work/local_llm_runtime/node_modules/@kwsites/file-exists/readme.md,1063,e452fd06639348c3fa14319ba93adf2873793f8d8e952ac2a5775e8805f979cf
workspace_mirror/work/local_llm_runtime/node_modules/@kwsites/promise-deferred/LICENSE,1064,31be59a9f7c383217089e65d00cc8543d93f471c20af55faf79694e4af193587
workspace_mirror/work/local_llm_runtime/node_modules/@kwsites/promise-deferred/dist/index.d.ts,1595,f9e833163a1fa86d3af4348c97b10fe12d114649b30df3b22a40d12e52eb381e
workspace_mirror/work/local_llm_runtime/node_modules/@kwsites/promise-deferred/dist/index.js,1446,51ce05f2817b3b0ca2076750c1c3dde971f6b925aa1697a2fbf8c8e8db5c736d
workspace_mirror/work/local_llm_runtime/node_modules/@kwsites/promise-deferred/dist/index.js.map,836,03ec3a4c0857cdd0a0d4e24587d4b5b156a51b0ee80792d86d12a874c2d11001
workspace_mirror/work/local_llm_runtime/node_modules/@kwsites/promise-deferred/package.json,1255,ba1348a5988676de3ea122b651b6694405254a5d327934fcb4deb2e27bf0a5a0
workspace_mirror/work/local_llm_runtime/node_modules/@node-llama-cpp/linux-arm64/LICENSE,1065,c34e5ffca98ede216da5157cff6df2ee6762a48d3391797edb6593df24849501
workspace_mirror/work/local_llm_runtime/node_modules/@node-llama-cpp/linux-arm64/README.md,224,f9912c7f4211e2be3d90a7335e3a60613ba31ba3a078f9f1ce35099e2abc3aab
workspace_mirror/work/local_llm_runtime/node_modules/@node-llama-cpp/linux-arm64/bins/linux-arm64/_nlcBuildMetadata.json,219,85f7bcc1761a3ef3910e2168a7fbe12bf01f5e67343c355ecc1d6213f697e80f
workspace_mirror/work/local_llm_runtime/node_modules/@node-llama-cpp/linux-arm64/bins/linux-arm64/libggml-base.so,933152,a91a97c3e537ec758ef6a6005a84c669b6f78c4799af6b64fc24404a71bfd8f6
workspace_mirror/work/local_llm_runtime/node_modules/@node-llama-cpp/linux-arm64/bins/linux-arm64/libggml-cpu-armv8.0_1.so,905216,5086bbd7d592d379c5e394c48e7ff54fe3ff1c451343be08a0b731b192463cc0
workspace_mirror/work/local_llm_runtime/node_modules/@node-llama-cpp/linux-arm64/bins/linux-arm64/libggml-cpu-armv8.2_1.so,935096,da0425efdfe72ecefae38d5f8832b58f403ee40a8cded3574aae21db8eb5b957
workspace_mirror/work/local_llm_runtime/node_modules/@node-llama-cpp/linux-arm64/bins/linux-arm64/libggml-cpu-armv8.2_2.so,939192,038dd71d34cc1d104e2bbcb7e47162e347fafd24d149b18274e74f1d11988c8c
workspace_mirror/work/local_llm_runtime/node_modules/@node-llama-cpp/linux-arm64/bins/linux-arm64/libggml-cpu-armv8.2_3.so,939088,ab9ec6e0fcb5b3a7b25921860045815e0b3183d9941ece853cff67fd8edb1815
workspace_mirror/work/local_llm_runtime/node_modules/@node-llama-cpp/linux-arm64/bins/linux-arm64/libggml-cpu-armv8.6_1.so,959808,8073fa63cc3dbd0f6f78506c4b0ae4f2ed235a343bbe0d115867dec80254921b
workspace_mirror/work/local_llm_runtime/node_modules/@node-llama-cpp/linux-arm64/bins/linux-arm64/libggml-cpu-armv8.6_2.so,955712,4599165bfb7f4cd1649fb29e22e551d42fd4260708de93dc490d31ca1c459d31
workspace_mirror/work/local_llm_runtime/node_modules/@node-llama-cpp/linux-arm64/bins/linux-arm64/libggml-cpu-armv9.2_1.so,955712,c04497b40bbb36b0679de48870f05004ffae6f011bb0171cb89da16270b18b42
workspace_mirror/work/local_llm_runtime/node_modules/@node-llama-cpp/linux-arm64/bins/linux-arm64/libggml-cpu-armv9.2_2.so,955712,c2845ae1e3f5cb58bc6e584bd8ab079ee4b87dd8d5d6de8eddeb651d837ece6e
workspace_mirror/work/local_llm_runtime/node_modules/@node-llama-cpp/linux-arm64/bins/linux-arm64/libggml.b10361.so,50344,d5e14d8736e7ffe4242c2f012435f073620eba8d6531aeabe88a4f99c73f6891
workspace_mirror/work/local_llm_runtime/node_modules/@node-llama-cpp/linux-arm64/bins/linux-arm64/libllama-common.so,5819992,cd71e61d75c4257ea25834b9e80da0bc84476eaa614f2a8978f55f635851a102
workspace_mirror/work/local_llm_runtime/node_modules/@node-llama-cpp/linux-arm64/bins/linux-arm64/libllama.b10361.so,3885720,64a15b7e1753e63065342214e9c79b07af037be360b2299a8948db5629c8392f
workspace_mirror/work/local_llm_runtime/node_modules/@node-llama-cpp/linux-arm64/bins/linux-arm64/llama-addon.node,574952,d6bdc42ff437c58b2c77b224b181fbcaa539e65a9bb4a8c73a9a68d47e93f2cc
workspace_mirror/work/local_llm_runtime/node_modules/@node-llama-cpp/linux-arm64/dist/index.js,422,032284f3124f6952b49b78f2f0098fba0102fc276780028e6859a45f560f53cb
workspace_mirror/work/local_llm_runtime/node_modules/@node-llama-cpp/linux-arm64/package.json,868,effca3f7865905313a82ccf87cb951fa03b5dc39084f82ef2392cb3ceb858cb6
workspace_mirror/work/local_llm_runtime/node_modules/@node-llama-cpp/linux-armv7l/LICENSE,1065,c34e5ffca98ede216da5157cff6df2ee6762a48d3391797edb6593df24849501
workspace_mirror/work/local_llm_runtime/node_modules/@node-llama-cpp/linux-armv7l/README.md,225,740d6cf55c9648e34d1884e448222db25e73c4db1c4ce2f814e392c6659538bc
workspace_mirror/work/local_llm_runtime/node_modules/@node-llama-cpp/linux-armv7l/bins/linux-armv7l/_nlcBuildMetadata.json,220,98541e3efd329c80d4fc365a4e952895f62a0a09c0000d13298b8c1545a4249b
workspace_mirror/work/local_llm_runtime/node_modules/@node-llama-cpp/linux-armv7l/bins/linux-armv7l/libggml-base.so,933152,a91a97c3e537ec758ef6a6005a84c669b6f78c4799af6b64fc24404a71bfd8f6
workspace_mirror/work/local_llm_runtime/node_modules/@node-llama-cpp/linux-armv7l/bins/linux-armv7l/libggml-cpu.so,905032,f20d1f6aa7c99e7d10b48670348a9c35d66cc4b23cc2efa017d360b8cc97a488
workspace_mirror/work/local_llm_runtime/node_modules/@node-llama-cpp/linux-armv7l/bins/linux-armv7l/libggml.b10361.so,50344,d5e14d8736e7ffe4242c2f012435f073620eba8d6531aeabe88a4f99c73f6891
workspace_mirror/work/local_llm_runtime/node_modules/@node-llama-cpp/linux-armv7l/bins/linux-armv7l/libllama-common.so,5819992,cd71e61d75c4257ea25834b9e80da0bc84476eaa614f2a8978f55f635851a102
workspace_mirror/work/local_llm_runtime/node_modules/@node-llama-cpp/linux-armv7l/bins/linux-armv7l/libllama.b10361.so,3885720,64a15b7e1753e63065342214e9c79b07af037be360b2299a8948db5629c8392f
workspace_mirror/work/local_llm_runtime/node_modules/@node-llama-cpp/linux-armv7l/bins/linux-armv7l/llama-addon.node,574952,d6bdc42ff437c58b2c77b224b181fbcaa539e65a9bb4a8c73a9a68d47e93f2cc
workspace_mirror/work/local_llm_runtime/node_modules/@node-llama-cpp/linux-armv7l/dist/index.js,422,032284f3124f6952b49b78f2f0098fba0102fc276780028e6859a45f560f53cb
workspace_mirror/work/local_llm_runtime/node_modules/@node-llama-cpp/linux-armv7l/package.json,868,d660221e5690b01c0801dfe8e53a5883439515c7b8a4c4a12775914216e3ae77
workspace_mirror/work/local_llm_runtime/node_modules/@node-llama-cpp/linux-x64/LICENSE,1065,c34e5ffca98ede216da5157cff6df2ee6762a48d3391797edb6593df24849501
workspace_mirror/work/local_llm_runtime/node_modules/@node-llama-cpp/linux-x64/README.md,222,34e15e75cb6636882603474ef957d7de5e2cd046103e115d7e69177e329c28e3
workspace_mirror/work/local_llm_runtime/node_modules/@node-llama-cpp/linux-x64/bins/linux-x64/_nlcBuildMetadata.json,217,d6061c05311acf65a1dcb69fcb989190aec90b0d0ae2aa9c0be3ba905b0a48d7
workspace_mirror/work/local_llm_runtime/node_modules/@node-llama-cpp/linux-x64/bins/linux-x64/libggml-base.so,910264,75e4d4d79a32edb36bf96414519835db0286857699d168758eb81907f809417b
workspace_mirror/work/local_llm_runtime/node_modules/@node-llama-cpp/linux-x64/bins/linux-x64/libggml-cpu-alderlake.so,1141632,6c6fede9e674a8dae2634e42c1b652ef0a3f175aedc87aac1dda2ac12b5060b1
workspace_mirror/work/local_llm_runtime/node_modules/@node-llama-cpp/linux-x64/bins/linux-x64/libggml-cpu-cannonlake.so,1286624,22d8f6cea21471103c9ea18f51f3de5403c09d0a6a40d8d2e5c94da15390119b
workspace_mirror/work/local_llm_runtime/node_modules/@node-llama-cpp/linux-x64/bins/linux-x64/libggml-cpu-cascadelake.so,1286624,f250476cf4b3f51a83b9c416cd68e6ac40dbd671914a8494cedb903eae7b5d90
workspace_mirror/work/local_llm_runtime/node_modules/@node-llama-cpp/linux-x64/bins/linux-x64/libggml-cpu-cooperlake.so,1282592,62cd4c5affeb82145727a98103283e41699d845b97961dca96db70786403c70b
workspace_mirror/work/local_llm_runtime/node_modules/@node-llama-cpp/linux-x64/bins/linux-x64/libggml-cpu-haswell.so,1145728,f0a9c7d14756abc0a0ab53ba0d2ffb80c519ad331aed982b770b9e195e1c351b
workspace_mirror/work/local_llm_runtime/node_modules/@node-llama-cpp/linux-x64/bins/linux-x64/libggml-cpu-icelake.so,1286624,91740f3233fddba02f611ead258b6cf4af2a71f8ff3425cb4c9d98e54ee1c6ab
workspace_mirror/work/local_llm_runtime/node_modules/@node-llama-cpp/linux-x64/bins/linux-x64/libggml-cpu-ivybridge.so,1095104,2ab1be09ed91d4e80e7bef94e5efe301e6fa125c6e8a330a6b95a584a705bbcc
workspace_mirror/work/local_llm_runtime/node_modules/@node-llama-cpp/linux-x64/bins/linux-x64/libggml-cpu-piledriver.so,1091008,f1aa68585c1572bc4a023be1d504d22f401427be37793df9090b6c671de604ec
workspace_mirror/work/local_llm_runtime/node_modules/@node-llama-cpp/linux-x64/bins/linux-x64/libggml-cpu-sandybridge.so,1081696,3ac87f3ce0e9327ef6a1a45055cc38e5720c5b10f2032236c31087f791f4e367
workspace_mirror/work/local_llm_runtime/node_modules/@node-llama-cpp/linux-x64/bins/linux-x64/libggml-cpu-sapphirerapids.so,1582960,2f7defca34671ce0f78e40bf7310afb39137c74623969098aa45899e7348d46b
workspace_mirror/work/local_llm_runtime/node_modules/@node-llama-cpp/linux-x64/bins/linux-x64/libggml-cpu-skylakex.so,1286624,eb30ac8206a31f18d271309c24416dc34997f42c706ea032ce454285035bb58d
workspace_mirror/work/local_llm_runtime/node_modules/@node-llama-cpp/linux-x64/bins/linux-x64/libggml-cpu-sse42.so,886600,34db9a1fbcbfc2719b2f8800fc7789801a1c8fcbbe6afa72c13eebffef66bd47
workspace_mirror/work/local_llm_runtime/node_modules/@node-llama-cpp/linux-x64/bins/linux-x64/libggml-cpu-x64.so,878576,c4e041989a110d31efd74802709f040c8fe29022f33e70182ab82df9faca7c51
workspace_mirror/work/local_llm_runtime/node_modules/@node-llama-cpp/linux-x64/bins/linux-x64/libggml-cpu-zen4.so,1282592,c15ed94cbaf84e527225a1b89da1ae58d748e706a82b6315d844b334aafafc0c
workspace_mirror/work/local_llm_runtime/node_modules/@node-llama-cpp/linux-x64/bins/linux-x64/libggml.b10361.so,54936,396a7bc56f06540439da3f495a7e1720b4e8bbe369512a1f549cb6010542b5ea
workspace_mirror/work/local_llm_runtime/node_modules/@node-llama-cpp/linux-x64/bins/linux-x64/libllama-common.so,6087608,85013e24ad84070b648233070d55e00f96d2f89e3ac37611c2b46d31f3ed3961
workspace_mirror/work/local_llm_runtime/node_modules/@node-llama-cpp/linux-x64/bins/linux-x64/libllama.b10361.so,4214784,77acffe15fa142e02db1e16ecb7bcf6ed4bb219332c16b4ac334a5cb2032f591
workspace_mirror/work/local_llm_runtime/node_modules/@node-llama-cpp/linux-x64/bins/linux-x64/llama-addon.node,604416,eb24883b35e99c827c28635ae7fbddede9843855cd83ba565c1b866f8897a27d
workspace_mirror/work/local_llm_runtime/node_modules/@node-llama-cpp/linux-x64/dist/index.js,422,032284f3124f6952b49b78f2f0098fba0102fc276780028e6859a45f560f53cb
workspace_mirror/work/local_llm_runtime/node_modules/@node-llama-cpp/linux-x64/package.json,851,39e00eb9e479fbb229a163c1087610ce9b8d384f2b5e6f7ad86429e2202ba060
workspace_mirror/work/local_llm_runtime/node_modules/@node-llama-cpp/linux-x64-cuda/LICENSE,1065,c34e5ffca98ede216da5157cff6df2ee6762a48d3391797edb6593df24849501
workspace_mirror/work/local_llm_runtime/node_modules/@node-llama-cpp/linux-x64-cuda/README.md,240,e4037c6be4ad11850a5a3811bd7c2c050e83ad9ef120fda9dc306f16d0343e4f
workspace_mirror/work/local_llm_runtime/node_modules/@node-llama-cpp/linux-x64-cuda/bins/linux-x64-cuda/_nlcBuildMetadata.json,218,4d27890105b575910fc4925ddd0faa2ab66529e66ae8f69d76a2aa34343663d5
workspace_mirror/work/local_llm_runtime/node_modules/@node-llama-cpp/linux-x64-cuda/bins/linux-x64-cuda/libggml-base.so,910264,75e4d4d79a32edb36bf96414519835db0286857699d168758eb81907f809417b
workspace_mirror/work/local_llm_runtime/node_modules/@node-llama-cpp/linux-x64-cuda/bins/linux-x64-cuda/libggml-cpu-alderlake.so,1141632,6c6fede9e674a8dae2634e42c1b652ef0a3f175aedc87aac1dda2ac12b5060b1
workspace_mirror/work/local_llm_runtime/node_modules/@node-llama-cpp/linux-x64-cuda/bins/linux-x64-cuda/libggml-cpu-cannonlake.so,1286624,22d8f6cea21471103c9ea18f51f3de5403c09d0a6a40d8d2e5c94da15390119b
workspace_mirror/work/local_llm_runtime/node_modules/@node-llama-cpp/linux-x64-cuda/bins/linux-x64-cuda/libggml-cpu-cascadelake.so,1286624,f250476cf4b3f51a83b9c416cd68e6ac40dbd671914a8494cedb903eae7b5d90
workspace_mirror/work/local_llm_runtime/node_modules/@node-llama-cpp/linux-x64-cuda/bins/linux-x64-cuda/libggml-cpu-cooperlake.so,1282592,62cd4c5affeb82145727a98103283e41699d845b97961dca96db70786403c70b
workspace_mirror/work/local_llm_runtime/node_modules/@node-llama-cpp/linux-x64-cuda/bins/linux-x64-cuda/libggml-cpu-haswell.so,1145728,f0a9c7d14756abc0a0ab53ba0d2ffb80c519ad331aed982b770b9e195e1c351b
workspace_mirror/work/local_llm_runtime/node_modules/@node-llama-cpp/linux-x64-cuda/bins/linux-x64-cuda/libggml-cpu-icelake.so,1286624,91740f3233fddba02f611ead258b6cf4af2a71f8ff3425cb4c9d98e54ee1c6ab
workspace_mirror/work/local_llm_runtime/node_modules/@node-llama-cpp/linux-x64-cuda/bins/linux-x64-cuda/libggml-cpu-ivybridge.so,1095104,2ab1be09ed91d4e80e7bef94e5efe301e6fa125c6e8a330a6b95a584a705bbcc
workspace_mirror/work/local_llm_runtime/node_modules/@node-llama-cpp/linux-x64-cuda/bins/linux-x64-cuda/libggml-cpu-piledriver.so,1091008,f1aa68585c1572bc4a023be1d504d22f401427be37793df9090b6c671de604ec
workspace_mirror/work/local_llm_runtime/node_modules/@node-llama-cpp/linux-x64-cuda/bins/linux-x64-cuda/libggml-cpu-sandybridge.so,1081696,3ac87f3ce0e9327ef6a1a45055cc38e5720c5b10f2032236c31087f791f4e367
workspace_mirror/work/local_llm_runtime/node_modules/@node-llama-cpp/linux-x64-cuda/bins/linux-x64-cuda/libggml-cpu-sapphirerapids.so,1582960,2f7defca34671ce0f78e40bf7310afb39137c74623969098aa45899e7348d46b
workspace_mirror/work/local_llm_runtime/node_modules/@node-llama-cpp/linux-x64-cuda/bins/linux-x64-cuda/libggml-cpu-skylakex.so,1286624,eb30ac8206a31f18d271309c24416dc34997f42c706ea032ce454285035bb58d
workspace_mirror/work/local_llm_runtime/node_modules/@node-llama-cpp/linux-x64-cuda/bins/linux-x64-cuda/libggml-cpu-sse42.so,886600,34db9a1fbcbfc2719b2f8800fc7789801a1c8fcbbe6afa72c13eebffef66bd47
workspace_mirror/work/local_llm_runtime/node_modules/@node-llama-cpp/linux-x64-cuda/bins/linux-x64-cuda/libggml-cpu-x64.so,878576,c4e041989a110d31efd74802709f040c8fe29022f33e70182ab82df9faca7c51
workspace_mirror/work/local_llm_runtime/node_modules/@node-llama-cpp/linux-x64-cuda/bins/linux-x64-cuda/libggml-cpu-zen4.so,1282592,c15ed94cbaf84e527225a1b89da1ae58d748e706a82b6315d844b334aafafc0c
workspace_mirror/work/local_llm_runtime/node_modules/@node-llama-cpp/linux-x64-cuda/bins/linux-x64-cuda/libggml-cuda.so,155730968,a3568abbb835a8fed6b7ddfa6c4490456447a07d136d020e6890ef24a086a80d
workspace_mirror/work/local_llm_runtime/node_modules/@node-llama-cpp/linux-x64-cuda/bins/linux-x64-cuda/libggml.cuda.b10361.so,54936,012203bff0c980020797a628c1f4fa8c8b628c16649d604db83e14979ee8a35c
workspace_mirror/work/local_llm_runtime/node_modules/@node-llama-cpp/linux-x64-cuda/bins/linux-x64-cuda/libllama-common.so,6087608,02370e8ecc78cb2dcb1aa65550890483da4396ff1dbc9e23bd3531c2c11068b6
workspace_mirror/work/local_llm_runtime/node_modules/@node-llama-cpp/linux-x64-cuda/bins/linux-x64-cuda/libllama.cuda.b10361.so,4214784,846c09593bc2299e35e9f915d0c39a18cc81e44cc922f4384dfe808501fab5f3
workspace_mirror/work/local_llm_runtime/node_modules/@node-llama-cpp/linux-x64-cuda/bins/linux-x64-cuda/llama-addon.node,604416,1b83347f3d73e9da87696f6e4330fb07b9c6063b64350df938309ac6f6e7d5d4
workspace_mirror/work/local_llm_runtime/node_modules/@node-llama-cpp/linux-x64-cuda/dist/index.js,422,032284f3124f6952b49b78f2f0098fba0102fc276780028e6859a45f560f53cb
workspace_mirror/work/local_llm_runtime/node_modules/@node-llama-cpp/linux-x64-cuda/package.json,874,74f0f747a784ebe4c99c598c95e879ae92dd1a3952bc5d36e616853f414774e0
workspace_mirror/work/local_llm_runtime/node_modules/@node-llama-cpp/linux-x64-cuda-ext/LICENSE,1065,c34e5ffca98ede216da5157cff6df2ee6762a48d3391797edb6593df24849501
workspace_mirror/work/local_llm_runtime/node_modules/@node-llama-cpp/linux-x64-cuda-ext/README.md,371,b6d5d88eb6efc64d93df22192c0e5df4a073a6074795cf10f825a93442f185f0
workspace_mirror/work/local_llm_runtime/node_modules/@node-llama-cpp/linux-x64-cuda-ext/bins/linux-x64-cuda/fallback/libggml-cuda.so,369224480,f39288d398c3ec95fc09ee7a8b1f344b3db3d8063162723e49e9e4614a812305
workspace_mirror/work/local_llm_runtime/node_modules/@node-llama-cpp/linux-x64-cuda-ext/dist/index.js,422,032284f3124f6952b49b78f2f0098fba0102fc276780028e6859a45f560f53cb
workspace_mirror/work/local_llm_runtime/node_modules/@node-llama-cpp/linux-x64-cuda-ext/package.json,924,c8104ae2e6eaec0db24426ef84e5ebab8802f5a1aeebd491c41121adce15b4b7
workspace_mirror/work/local_llm_runtime/node_modules/@node-llama-cpp/linux-x64-vulkan/LICENSE,1065,c34e5ffca98ede216da5157cff6df2ee6762a48d3391797edb6593df24849501
workspace_mirror/work/local_llm_runtime/node_modules/@node-llama-cpp/linux-x64-vulkan/README.md,242,97945bf47dff7de5957c9fe722cc255f01f8b797eac69fa630c6b1cfd272f721
workspace_mirror/work/local_llm_runtime/node_modules/@node-llama-cpp/linux-x64-vulkan/bins/linux-x64-vulkan/_nlcBuildMetadata.json,220,03691ea204a3949587b4571e179ef9aafe608afb72d98ad9ce6924f109ce3dcb
workspace_mirror/work/local_llm_runtime/node_modules/@node-llama-cpp/linux-x64-vulkan/bins/linux-x64-vulkan/libggml-base.so,910264,75e4d4d79a32edb36bf96414519835db0286857699d168758eb81907f809417b
workspace_mirror/work/local_llm_runtime/node_modules/@node-llama-cpp/linux-x64-vulkan/bins/linux-x64-vulkan/libggml-cpu-alderlake.so,1141632,6c6fede9e674a8dae2634e42c1b652ef0a3f175aedc87aac1dda2ac12b5060b1
workspace_mirror/work/local_llm_runtime/node_modules/@node-llama-cpp/linux-x64-vulkan/bins/linux-x64-vulkan/libggml-cpu-cannonlake.so,1286624,22d8f6cea21471103c9ea18f51f3de5403c09d0a6a40d8d2e5c94da15390119b
workspace_mirror/work/local_llm_runtime/node_modules/@node-llama-cpp/linux-x64-vulkan/bins/linux-x64-vulkan/libggml-cpu-cascadelake.so,1286624,f250476cf4b3f51a83b9c416cd68e6ac40dbd671914a8494cedb903eae7b5d90
workspace_mirror/work/local_llm_runtime/node_modules/@node-llama-cpp/linux-x64-vulkan/bins/linux-x64-vulkan/libggml-cpu-cooperlake.so,1282592,62cd4c5affeb82145727a98103283e41699d845b97961dca96db70786403c70b
workspace_mirror/work/local_llm_runtime/node_modules/@node-llama-cpp/linux-x64-vulkan/bins/linux-x64-vulkan/libggml-cpu-haswell.so,1145728,f0a9c7d14756abc0a0ab53ba0d2ffb80c519ad331aed982b770b9e195e1c351b
workspace_mirror/work/local_llm_runtime/node_modules/@node-llama-cpp/linux-x64-vulkan/bins/linux-x64-vulkan/libggml-cpu-icelake.so,1286624,91740f3233fddba02f611ead258b6cf4af2a71f8ff3425cb4c9d98e54ee1c6ab
workspace_mirror/work/local_llm_runtime/node_modules/@node-llama-cpp/linux-x64-vulkan/bins/linux-x64-vulkan/libggml-cpu-ivybridge.so,1095104,2ab1be09ed91d4e80e7bef94e5efe301e6fa125c6e8a330a6b95a584a705bbcc
workspace_mirror/work/local_llm_runtime/node_modules/@node-llama-cpp/linux-x64-vulkan/bins/linux-x64-vulkan/libggml-cpu-piledriver.so,1091008,f1aa68585c1572bc4a023be1d504d22f401427be37793df9090b6c671de604ec
workspace_mirror/work/local_llm_runtime/node_modules/@node-llama-cpp/linux-x64-vulkan/bins/linux-x64-vulkan/libggml-cpu-sandybridge.so,1081696,3ac87f3ce0e9327ef6a1a45055cc38e5720c5b10f2032236c31087f791f4e367
workspace_mirror/work/local_llm_runtime/node_modules/@node-llama-cpp/linux-x64-vulkan/bins/linux-x64-vulkan/libggml-cpu-sapphirerapids.so,1582960,2f7defca34671ce0f78e40bf7310afb39137c74623969098aa45899e7348d46b
workspace_mirror/work/local_llm_runtime/node_modules/@node-llama-cpp/linux-x64-vulkan/bins/linux-x64-vulkan/libggml-cpu-skylakex.so,1286624,eb30ac8206a31f18d271309c24416dc34997f42c706ea032ce454285035bb58d
workspace_mirror/work/local_llm_runtime/node_modules/@node-llama-cpp/linux-x64-vulkan/bins/linux-x64-vulkan/libggml-cpu-sse42.so,886600,34db9a1fbcbfc2719b2f8800fc7789801a1c8fcbbe6afa72c13eebffef66bd47
workspace_mirror/work/local_llm_runtime/node_modules/@node-llama-cpp/linux-x64-vulkan/bins/linux-x64-vulkan/libggml-cpu-x64.so,878576,c4e041989a110d31efd74802709f040c8fe29022f33e70182ab82df9faca7c51
workspace_mirror/work/local_llm_runtime/node_modules/@node-llama-cpp/linux-x64-vulkan/bins/linux-x64-vulkan/libggml-cpu-zen4.so,1282592,c15ed94cbaf84e527225a1b89da1ae58d748e706a82b6315d844b334aafafc0c
workspace_mirror/work/local_llm_runtime/node_modules/@node-llama-cpp/linux-x64-vulkan/bins/linux-x64-vulkan/libggml-vulkan.so,51695616,4abdb7209720eac333ce7ac410677d76bdd5accd1a7c336813c1b8ce0a8c1c46
workspace_mirror/work/local_llm_runtime/node_modules/@node-llama-cpp/linux-x64-vulkan/bins/linux-x64-vulkan/libggml.vulkan.b10361.so,54936,f3e6c82d302fd5a46687fd551a72fd0c3709cecd5d3b525daa4930715464f8c1
workspace_mirror/work/local_llm_runtime/node_modules/@node-llama-cpp/linux-x64-vulkan/bins/linux-x64-vulkan/libllama-common.so,6087608,fc30154193eaf42ca2de13fafd2e0fdcb0bfb7a0b6cc2d2ee1b490c0c2456b51
workspace_mirror/work/local_llm_runtime/node_modules/@node-llama-cpp/linux-x64-vulkan/bins/linux-x64-vulkan/libllama.vulkan.b10361.so,4214784,400365056fc33b1f71e4ec87b710b0ac44420d409babcf230299ba640e5b495d
workspace_mirror/work/local_llm_runtime/node_modules/@node-llama-cpp/linux-x64-vulkan/bins/linux-x64-vulkan/llama-addon.node,767120,5b0ab4de7f83613a2836c1abcac7ea53c19b9ea441806dc3ace1a8b4f4ffbb17
workspace_mirror/work/local_llm_runtime/node_modules/@node-llama-cpp/linux-x64-vulkan/dist/index.js,422,032284f3124f6952b49b78f2f0098fba0102fc276780028e6859a45f560f53cb
workspace_mirror/work/local_llm_runtime/node_modules/@node-llama-cpp/linux-x64-vulkan/package.json,878,c44ad935e6f848636787b2c4673e2d7286728d37a4427e11a32506a8979db981
workspace_mirror/work/local_llm_runtime/node_modules/@reflink/reflink/README.md,1247,04f74ce82b69b31a80b3fac5671a21855d31eeac414b89c9f4073d2315b96eea
workspace_mirror/work/local_llm_runtime/node_modules/@reflink/reflink/binding.d.ts,521,8f9802ecdc5806065b73259cfb49b4340b1502ab6ff52102f3304a84e9dc8795
workspace_mirror/work/local_llm_runtime/node_modules/@reflink/reflink/binding.js,7516,5b71b22594a8131250ff2a5d9bd003a7fc7a5dbb632e03e5770f2e8bf346ffab
workspace_mirror/work/local_llm_runtime/node_modules/@reflink/reflink/index.d.ts,463,cc9c38379c08a53f038232e2c896ddebfdd0289f1681dfe16f90a22c3327a630
workspace_mirror/work/local_llm_runtime/node_modules/@reflink/reflink/index.js,1326,e07548eb450428530430ec9d2c43daccccffe1305c754ff558b21a525f515cfe
workspace_mirror/work/local_llm_runtime/node_modules/@reflink/reflink/package.json,1826,e99ee5ff222a9356c129c180a6ae8cbd9aa2af62e40ab4bd4c1f1c0212f72521
workspace_mirror/work/local_llm_runtime/node_modules/@reflink/reflink-linux-x64-gnu/README.md,89,de5c141c46c2aa18d85a164d0f1314c37befc9a4a8bf7199fd8c02a4245d2ab4
workspace_mirror/work/local_llm_runtime/node_modules/@reflink/reflink-linux-x64-gnu/package.json,427,40b3b2462b06a2a1dcaaa7e388fd19578dc9880cffc1563807368349ba0d0dd0
workspace_mirror/work/local_llm_runtime/node_modules/@reflink/reflink-linux-x64-gnu/reflink.linux-x64-gnu.node,449312,f1cc6f642f8700d6843a65c6caa5c63bd6066c672d3222d0e1c70252d6c5411a
workspace_mirror/work/local_llm_runtime/node_modules/@simple-git/args-pathspec/dist/index.cjs,338,307f89d1d10afcce0f52db80429d40ef1b4372e959d96b7a0ee0aa4134ed366e
workspace_mirror/work/local_llm_runtime/node_modules/@simple-git/args-pathspec/dist/index.cjs.map,1148,7c4427328a570b4622c2688c92a2f9f964d88fb10a4eb4184da6a9bfea205f28
workspace_mirror/work/local_llm_runtime/node_modules/@simple-git/args-pathspec/dist/index.d.ts,64,e84e587a2392736f944496a5805c787473fd3edc5a5d8046c0063b2334c05fcc
workspace_mirror/work/local_llm_runtime/node_modules/@simple-git/args-pathspec/dist/index.mjs,315,4fcf77c21d18140a3ab2fde222f21e207f097953d3127cb3939e30afcdf8bcdd
workspace_mirror/work/local_llm_runtime/node_modules/@simple-git/args-pathspec/dist/index.mjs.map,1154,7b273f132c10d9c1a3ba21c64c62641b943e5572352190486fe797271be89266
workspace_mirror/work/local_llm_runtime/node_modules/@simple-git/args-pathspec/dist/src/pathspec.d.ts,389,1df8dcaa6969c836cfe30ae6c0b91d2d94c8706be13ac55d203a639741908a76
workspace_mirror/work/local_llm_runtime/node_modules/@simple-git/args-pathspec/package.json,617,dbd14cf657f415c96c6f2168007f3bb1d4309803d97d4263a85e1cfcade430f1
workspace_mirror/work/local_llm_runtime/node_modules/@simple-git/argv-parser/dist/index.cjs,8267,a0365500816742ebd3d3b2b9a6449beb7eedf1ba12956f3e446d43593f6bf45d
workspace_mirror/work/local_llm_runtime/node_modules/@simple-git/argv-parser/dist/index.cjs.map,36250,02e78dc9f44f996f3f2f0dcc774382e7d08ebf3a3695a411db5bf3715fa669aa
workspace_mirror/work/local_llm_runtime/node_modules/@simple-git/argv-parser/dist/index.d.ts,425,fe0eaceca01f67de63e96e0082ea9d936ac94dffad131ffad65c4dcf3953d94e
workspace_mirror/work/local_llm_runtime/node_modules/@simple-git/argv-parser/dist/index.mjs,11820,48708c2deb85e4f743de22e5b227b5735043f23484f4fee8709aace81909903c
workspace_mirror/work/local_llm_runtime/node_modules/@simple-git/argv-parser/dist/index.mjs.map,37560,af52215ad730e03d268266fdad90d2b44bbca305c8c2982fee7fc78313ff9ff4
workspace_mirror/work/local_llm_runtime/node_modules/@simple-git/argv-parser/dist/src/args/parse-argv.d.ts,273,eea465d51d6e997543be5d873145819d1279deda351015d2e836df6b06c6efe9
workspace_mirror/work/local_llm_runtime/node_modules/@simple-git/argv-parser/dist/src/args/parse-argv.types.d.ts,2124,775531f55189af09e075893722a81807b8a3b908e2a2bbb24d2cea4a76de9d38
workspace_mirror/work/local_llm_runtime/node_modules/@simple-git/argv-parser/dist/src/config/analyse-config.d.ts,248,777ee6acef54f72f864619b116abf3f5e8a16555deda6cc5c6fd964636baea4c
workspace_mirror/work/local_llm_runtime/node_modules/@simple-git/argv-parser/dist/src/config/config-operands.d.ts,214,e44f67e02dac7be452ea3d3951eca21558520681a4387130b12a3c62ed288107
workspace_mirror/work/local_llm_runtime/node_modules/@simple-git/argv-parser/dist/src/config/config.types.d.ts,117,febfe109e1d2e6e9bc4e58190cdccbfe6ecbd2e005e24a14386162985d48a388
workspace_mirror/work/local_llm_runtime/node_modules/@simple-git/argv-parser/dist/src/config/detect-config-action.d.ts,494,4dbcd6aa24e11e8d1dc6a7d4a00e0e220bd99d815834daac3aa4b1726e44782c
workspace_mirror/work/local_llm_runtime/node_modules/@simple-git/argv-parser/dist/src/env/parse-env.d.ts,288,799b38ea6c500092c26b26a456e513cd347c38bf9d26b15c86cbba81bede1022
workspace_mirror/work/local_llm_runtime/node_modules/@simple-git/argv-parser/dist/src/flags/flags.helpers.d.ts,359,5fa5ad9751b47e5706979645b6bb52fab0da19c16c8d31651bf157178dae5ff7
workspace_mirror/work/local_llm_runtime/node_modules/@simple-git/argv-parser/dist/src/flags/parse-global-flags.d.ts,219,f942cc4a2a744013e7631362e9708a113d3aea4082845686da1753053f2c0ac5
workspace_mirror/work/local_llm_runtime/node_modules/@simple-git/argv-parser/dist/src/flags/parse-task-flags.d.ts,265,39d959cccdd1faa649ad152adda13a83ce8fca75d80a79c397718208ed77598d
workspace_mirror/work/local_llm_runtime/node_modules/@simple-git/argv-parser/dist/src/tokens/flag-specs.d.ts,294,e13d23e5a720de61a3379eb74e0baebccca2ab396b225cc5aca3f9cdb8e4f17c
workspace_mirror/work/local_llm_runtime/node_modules/@simple-git/argv-parser/dist/src/tokens/token-expander.d.ts,322,4e414749a2039d27d708e285ca1d51bd41ef0231db007d900892640585e7752d
workspace_mirror/work/local_llm_runtime/node_modules/@simple-git/argv-parser/dist/src/vulnerabilities/detect-vulnerable-config-writes.d.ts,244,dcceb72135d617c748260084a68db4a964475cd7a9830145ca81bc19e2af4039
workspace_mirror/work/local_llm_runtime/node_modules/@simple-git/argv-parser/dist/src/vulnerabilities/detect-vulnerable-flags.d.ts,221,6c2f26131e3c5a22a493d1c8d8e9233cf4799c117368cd6325565d8edea35932
workspace_mirror/work/local_llm_runtime/node_modules/@simple-git/argv-parser/dist/src/vulnerabilities/vulnerability-analysis.d.ts,312,1ac848b48c1c9232243401b183a227904612ea9e9aec87ff836b5a45ba8e4764
workspace_mirror/work/local_llm_runtime/node_modules/@simple-git/argv-parser/dist/src/vulnerabilities/vulnerability-check.d.ts,268,ddb546cbed105fce585d28603d1dc2a8351f8b81b16f69b67d0d29a7a4793042
workspace_mirror/work/local_llm_runtime/node_modules/@simple-git/argv-parser/dist/src/vulnerabilities/vulnerability.types.d.ts,4085,bd2c8f750fc6fcb45d988603052e89ca7759ce482c49793786e341e262d4a4d6
workspace_mirror/work/local_llm_runtime/node_modules/@simple-git/argv-parser/package.json,692,0e6eb3093f6b567662bb7fb73e6bc0f3439cee4442bc44315f728662c6b07614
workspace_mirror/work/local_llm_runtime/node_modules/@tinyhttp/content-disposition/LICENSE,1066,2c174a2e7064430bff0450d50f64b25d89daa01588926ab23418b1521aaed37b
workspace_mirror/work/local_llm_runtime/node_modules/@tinyhttp/content-disposition/README.md,3740,deb6596534ec6ecf692cfafc3c279776a3ddf91bcd22339da507c3feb9dd2f5a
workspace_mirror/work/local_llm_runtime/node_modules/@tinyhttp/content-disposition/dist/index.d.ts,625,79995286dcce6c8e8b333fee48c21db1aca5a781474db247084ea0d1359b9cf4
workspace_mirror/work/local_llm_runtime/node_modules/@tinyhttp/content-disposition/dist/index.d.ts.map,532,d986c6359e4c12eb3cf21d5ef6d0d6722fccc85040405faa46edbc3e15ea06c8
workspace_mirror/work/local_llm_runtime/node_modules/@tinyhttp/content-disposition/dist/index.js,6529,ebbae28837255531b50df2288195d6f1774e4879dd41d763b060f1793cb3a29f
workspace_mirror/work/local_llm_runtime/node_modules/@tinyhttp/content-disposition/dist/index.js.map,5986,4e7329f38f9cbd43c84fefa1d60b0a6d3f277056e33875e98ab1ca80746fe790
workspace_mirror/work/local_llm_runtime/node_modules/@tinyhttp/content-disposition/package.json,641,3e4363fa0af969fb65ce2816afd8dc49b17cc417268ba40fdc1908b8db0e3482
workspace_mirror/work/local_llm_runtime/node_modules/ansi-escapes/index.d.ts,6065,cae5bebf6398b65e41645528778ca1dfad4cdfb0536470fdbfdb69d5ce3e022d
workspace_mirror/work/local_llm_runtime/node_modules/ansi-escapes/index.js,4216,82e5827a348fc2ac7d2232bcaa8c3d379ca738009996d06e18796ced0e1a539a
workspace_mirror/work/local_llm_runtime/node_modules/ansi-escapes/license,1117,5c932d88256b4ab958f64a856fa48e8bd1f55bc1d96b8149c65689e0c61789d3
workspace_mirror/work/local_llm_runtime/node_modules/ansi-escapes/package.json,1006,e30abfebf375df99b238410d249039eeaec778900a94a28c2dc3afed6d1acfd4
workspace_mirror/work/local_llm_runtime/node_modules/ansi-escapes/readme.md,5207,31161fe086a344063cd011ea22c58ecd2bf25cddb9f4d6bbc3c97eef7c26b469
workspace_mirror/work/local_llm_runtime/node_modules/ansi-regex/index.d.ts,689,5945276e86aeb3f247c3c19f586f2a7c30ef04f0a53c161c853080157186edb5
workspace_mirror/work/local_llm_runtime/node_modules/ansi-regex/index.js,793,2a559673ea6761000b019f83b538a6912cc11d62c72c192c8edea0ced9c77973
workspace_mirror/work/local_llm_runtime/node_modules/ansi-regex/license,1117,5c932d88256b4ab958f64a856fa48e8bd1f55bc1d96b8149c65689e0c61789d3
workspace_mirror/work/local_llm_runtime/node_modules/ansi-regex/package.json,1035,d830a75e5562db83080f23b769f7db26194a746911833504c38de61668882943
workspace_mirror/work/local_llm_runtime/node_modules/ansi-regex/readme.md,2434,58e5913e1fca8c33a0976482c3bc93ba431a2f99eaaddf04147463ed03ad0e19
workspace_mirror/work/local_llm_runtime/node_modules/ansi-styles/index.d.ts,5186,49eddbd0f3d5fd1e20eb5c60debe696b6285fdaa31de846a2fc2b63e5c025a17
workspace_mirror/work/local_llm_runtime/node_modules/ansi-styles/index.js,5256,92efdc3e5203d02d1710ff60dea3965066f97a77c0feaaa919b2693c989b7ec1
workspace_mirror/work/local_llm_runtime/node_modules/ansi-styles/license,1117,5c932d88256b4ab958f64a856fa48e8bd1f55bc1d96b8149c65689e0c61789d3
workspace_mirror/work/local_llm_runtime/node_modules/ansi-styles/package.json,1021,0cf1f46ceee4b380298db6e6a54f14d345abe09abd5f650cbc20c8ac2ab27744
workspace_mirror/work/local_llm_runtime/node_modules/ansi-styles/readme.md,4908,b11b59c367b4f2bc9a9a047d7cc6f200a01e41b16b18ec9c2eb80496a2dbbae6
workspace_mirror/work/local_llm_runtime/node_modules/async-retry/LICENSE.md,1079,91887c62d26f64b8d6e98b1dca57e75aca62e6f9af79fb0783f8f1904abaeea6
workspace_mirror/work/local_llm_runtime/node_modules/async-retry/README.md,1791,285447dc5d1af82b7ccf52853b67a4504f733f293697549e7524e245444dd4f0
workspace_mirror/work/local_llm_runtime/node_modules/async-retry/lib/index.js,1177,6afe6fd6f4530b07d1427cd3b1690bcdad456c6c62e1a3e00ce2419d6051cb3e
workspace_mirror/work/local_llm_runtime/node_modules/async-retry/package.json,1168,d020119178e3ed47b1b2d722c9d797e1f3dfdfebdcd8578588e9cc73d06c8014
workspace_mirror/work/local_llm_runtime/node_modules/bytes/History.md,1775,b335e48648e33bd56c3bcadbdad4c5a8b419099e7369d3dc845c106ddb49fc1c
workspace_mirror/work/local_llm_runtime/node_modules/bytes/LICENSE,1153,e3b44af066615de2ea48d18d852d0762f18c0b2efcea714fa48a6f729d405b85
workspace_mirror/work/local_llm_runtime/node_modules/bytes/Readme.md,4770,761e5a8818f8de496a4df6632fa30df65b62e00d5db2b297096c63e07d61f740
workspace_mirror/work/local_llm_runtime/node_modules/bytes/index.js,3613,893fcbbbe962dc00e40dc2e4b20e76e92d874dd257345003c6575d940e91a37f
workspace_mirror/work/local_llm_runtime/node_modules/bytes/package.json,959,99b21c09ce812dc76a06cd87c4753247cb9615c6a8501c5a5a9d9caa22ea2d12
workspace_mirror/work/local_llm_runtime/node_modules/chalk/license,1117,5c932d88256b4ab958f64a856fa48e8bd1f55bc1d96b8149c65689e0c61789d3
workspace_mirror/work/local_llm_runtime/node_modules/chalk/package.json,1640,ef029c254479723c952a24c0d8d758378bd8ddf031f5bd6f027f65e1a3d030f3
workspace_mirror/work/local_llm_runtime/node_modules/chalk/readme.md,11696,03d260b86ecf3becaee6ae05d891ff32b291ba613661b5707d6d0121b8c2bec9
workspace_mirror/work/local_llm_runtime/node_modules/chalk/source/index.d.ts,6918,f3f76db6e76bc76d13cc4bfa10e1f74390b8ebe279535f62243e8d8acd919314
workspace_mirror/work/local_llm_runtime/node_modules/chalk/source/index.js,5902,64b22b1c442e6d460069807b521bf0a84e112c00c2b4163bc59deab20a9292db
workspace_mirror/work/local_llm_runtime/node_modules/chalk/source/utilities.js,997,698ce3cb21b00b570631742d3a9e168de31df74b3a88220c4bcf18ac30fd00cd
workspace_mirror/work/local_llm_runtime/node_modules/chalk/source/vendor/ansi-styles/index.d.ts,5198,acfed6cc001e7f7f26d2ba42222a180ba669bb966d4dd9cb4ad5596516061b13
workspace_mirror/work/local_llm_runtime/node_modules/chalk/source/vendor/ansi-styles/index.js,5256,92efdc3e5203d02d1710ff60dea3965066f97a77c0feaaa919b2693c989b7ec1
workspace_mirror/work/local_llm_runtime/node_modules/chalk/source/vendor/supports-color/browser.d.ts,36,09d791bf6471207eb7553c17a6cb03d6e6bd1d789f19bbec67da2b08ec9bb570
workspace_mirror/work/local_llm_runtime/node_modules/chalk/source/vendor/supports-color/browser.js,607,af136d242c06422a0004775bdf11d9e25a05b1ec54a6932315dc016d22d8b440
workspace_mirror/work/local_llm_runtime/node_modules/chalk/source/vendor/supports-color/index.d.ts,1010,f61a4dc92450609c353738f0a2daebf8cae71b24716dbd952456d80b1e1a48b6
workspace_mirror/work/local_llm_runtime/node_modules/chalk/source/vendor/supports-color/index.js,3965,e82368a5f05d145e33de6ae3464056511664b620735ef58d1800a7bcda6691e5
workspace_mirror/work/local_llm_runtime/node_modules/chmodrp/.gitkeep,0,e3b0c44298fc1c149afbf4c8996fb92427ae41e4649b934ca495991b7852b855
workspace_mirror/work/local_llm_runtime/node_modules/chmodrp/index.cjs,3619,150d16e64223adfb72785c5b07ed726232735367f4537a92de21412f3ee57ea4
workspace_mirror/work/local_llm_runtime/node_modules/chmodrp/index.d.ts,56,5b7bd759a66333529091e34ff7c4011220da6cbe79b59f4322f4d30b361b706e
workspace_mirror/work/local_llm_runtime/node_modules/chmodrp/index.js,56,5b7bd759a66333529091e34ff7c4011220da6cbe79b59f4322f4d30b361b706e
workspace_mirror/work/local_llm_runtime/node_modules/chmodrp/license,1109,b500b6b86d73c9df8c539d58adfcead930151b4066dacafa182609f618341fd9
workspace_mirror/work/local_llm_runtime/node_modules/chmodrp/package.json,1016,e1216f24138ad1ccaa19e7eef3a20c59a3613e73cae1383eb46e33400c978fe7
workspace_mirror/work/local_llm_runtime/node_modules/chmodrp/readme.md,889,9a98e23369dcd607b4d6960f38761b0083a4e7437444041628d9a18ab37baac2
workspace_mirror/work/local_llm_runtime/node_modules/chmodrp/utils/chmodr.d.ts,219,659fd7b04527ca9f64699d77a431556fd9eb250d24b8763624f2ecb68beaa7cd
workspace_mirror/work/local_llm_runtime/node_modules/chmodrp/utils/chmodr.js,2635,8866db5598017ab64643d76ccd1d0ac5934f9782333eb58adae1cd55eb2fa7c8
workspace_mirror/work/local_llm_runtime/node_modules/chownr/LICENSE.md,1764,a49c9ba464796f65b59fca3f1e6ca40912df1e859f575383223f7ec6c5baae09
workspace_mirror/work/local_llm_runtime/node_modules/chownr/README.md,59,cafe18aeaf5d10a590bc8ffdcfb2f4e6120438a2364964aba4d8968693124984
workspace_mirror/work/local_llm_runtime/node_modules/chownr/dist/commonjs/index.d.ts,218,692b3edf2c30018d189493912f0b706e1fa1a6b8f3084448a8efe6c15469d458
workspace_mirror/work/local_llm_runtime/node_modules/chownr/dist/commonjs/index.d.ts.map,251,8968c2fea5e84958e40da05565fe271e02ebb525252b59ca804fb9f7a0f86556
workspace_mirror/work/local_llm_runtime/node_modules/chownr/dist/commonjs/index.js,3059,02b4ca7ab42bdb4ab00bfe7f17d4dafd215e66fd96105e949b4f918b37101bc4
workspace_mirror/work/local_llm_runtime/node_modules/chownr/dist/commonjs/index.js.map,6020,d06dbeded9ba10ecc87b7eedc859c6f9fec1082573d21a008f8b398314ef0a8b
workspace_mirror/work/local_llm_runtime/node_modules/chownr/dist/commonjs/package.json,25,8005a3491db7d92f36ac66369861589f9c47123d3a7c71e643fc2c06168cd45a
workspace_mirror/work/local_llm_runtime/node_modules/chownr/dist/esm/index.d.ts,218,692b3edf2c30018d189493912f0b706e1fa1a6b8f3084448a8efe6c15469d458
workspace_mirror/work/local_llm_runtime/node_modules/chownr/dist/esm/index.d.ts.map,251,8968c2fea5e84958e40da05565fe271e02ebb525252b59ca804fb9f7a0f86556
workspace_mirror/work/local_llm_runtime/node_modules/chownr/dist/esm/index.js,2534,09b582ed90c2acc9c457a621fdbd7e6930a099e5089958917c1ad4d823f832e9
workspace_mirror/work/local_llm_runtime/node_modules/chownr/dist/esm/index.js.map,6005,1ed155cb324fc6b6b76a0701cca6930150be1df396e9c4015235289fb60fe27c
workspace_mirror/work/local_llm_runtime/node_modules/chownr/dist/esm/package.json,23,3ca9d4afd21425087cf31893b8f9f63c81b0b8408db5e343ca76e5f8aa26ab9a
workspace_mirror/work/local_llm_runtime/node_modules/chownr/package.json,1621,4300e90fdd91ec7035047473c60f880251a9801bd786302729d4277751d3b948
workspace_mirror/work/local_llm_runtime/node_modules/ci-info/CHANGELOG.md,6612,312236e3d46c26027d41b9b647c815ba632e7f348ff217143f5ea0805be43a67
workspace_mirror/work/local_llm_runtime/node_modules/ci-info/LICENSE,1086,f58943cb354fb2707fea2f7b26b04e6014ddb56835cdfd414c9d2c6c59165b64
workspace_mirror/work/local_llm_runtime/node_modules/ci-info/README.md,8696,726f8f11b0e9e630e7e21ad84a1aa7a6bfab63d66983e8ab4bdc3881ba354a24
workspace_mirror/work/local_llm_runtime/node_modules/ci-info/index.d.ts,3018,d30cd3d503acba1135d7c44358cfe76071d7973b5c898310b926ad5b525cb078
workspace_mirror/work/local_llm_runtime/node_modules/ci-info/index.js,2808,94772d86a718ebeefa1273918175b3816fa051a4d544ce565bcc53c58d5fc74f
workspace_mirror/work/local_llm_runtime/node_modules/ci-info/package.json,1232,1d38ded11841182cf7d0d5b664c48c8e56c3a85cd8990a7711cb73c2bc0d8f7e
workspace_mirror/work/local_llm_runtime/node_modules/ci-info/vendors.json,6503,6f7c8fb6aa7e53b4bd3bcd02f462af6e632b9ab90af842bb7678306dea30875b
workspace_mirror/work/local_llm_runtime/node_modules/cli-cursor/index.d.ts,791,4eb0d86b8ed77c10c20e8e5c05d5e5a4a484eaf7ff43e3287059cfadd8ee1038
workspace_mirror/work/local_llm_runtime/node_modules/cli-cursor/index.js,694,e61a82bd6751d1747677829e7809615a247aa672affd5e44661f7427b262470b
workspace_mirror/work/local_llm_runtime/node_modules/cli-cursor/license,1117,5c932d88256b4ab958f64a856fa48e8bd1f55bc1d96b8149c65689e0c61789d3
workspace_mirror/work/local_llm_runtime/node_modules/cli-cursor/package.json,952,2a179764184139cb6ba0af717863004b7fb9e42832c73da4c9dead1139157a24
workspace_mirror/work/local_llm_runtime/node_modules/cli-cursor/readme.md,555,d258750206bc126cfa8f39bb52d4428033481d5c4813373ffd93ec45510223b7
workspace_mirror/work/local_llm_runtime/node_modules/cli-spinners/index.d.ts,2015,b85d57f7dfd39ab2b001ecc3312dfa05259192683a81880749cbca3b28772e42
workspace_mirror/work/local_llm_runtime/node_modules/cli-spinners/index.js,406,4de7cf914f0a34c1c5577995603b3989a799eee5f82b9f1eb140694141ac2d25
workspace_mirror/work/local_llm_runtime/node_modules/cli-spinners/license,1117,5c932d88256b4ab958f64a856fa48e8bd1f55bc1d96b8149c65689e0c61789d3
workspace_mirror/work/local_llm_runtime/node_modules/cli-spinners/package.json,939,931db47a0f87744ec15715865de54274328c980fde3f14fa17746e01fa3ac6d6
workspace_mirror/work/local_llm_runtime/node_modules/cli-spinners/readme.md,1368,78ea9628645750a03f8de7c70a806e1ba25c73dfda0dc68d1a95cb17e0a98796
workspace_mirror/work/local_llm_runtime/node_modules/cli-spinners/spinners.json,26268,8361f92f3579451e4a2ae9eacdf0cab7cd5d3e13363f2d9c4aa0c20c8fe65173
workspace_mirror/work/local_llm_runtime/node_modules/cliui/CHANGELOG.md,4572,4ddcdec62bf32964090c5f3b0922f4f1ce6d8cf40b3051c0c93a6b20e99fde01
workspace_mirror/work/local_llm_runtime/node_modules/cliui/LICENSE.txt,731,2dc0465729366c3a7890dfa9e972a1ba7048a26c02116fb8b419a6a1ac110149
workspace_mirror/work/local_llm_runtime/node_modules/cliui/README.md,2998,0e273acf2a5e1412c5f01820c040ac71afb2c8aaa65ae859a16217aa3879efe7
workspace_mirror/work/local_llm_runtime/node_modules/cliui/build/index.cjs,9953,823ef43f80d26a74e9335564a66a212e0367bfc17a54a6949bc2af7065b4a331
workspace_mirror/work/local_llm_runtime/node_modules/cliui/build/index.d.cts,1050,385fceba2f49ee3f91cd436d3f84b389375e1e8f86906b23f47df2e1b9c2b17b
workspace_mirror/work/local_llm_runtime/node_modules/cliui/build/lib/index.js,9667,fb6030c7b12602a4fca4d81de3ddafa301ba84fd9df73c53de6f3bdda7b482d5
workspace_mirror/work/local_llm_runtime/node_modules/cliui/build/lib/string-utils.js,1011,b3eb9d2e054a43a3064af17332fb1839a7dadb205c5371af4789616afb1a117f
workspace_mirror/work/local_llm_runtime/node_modules/cliui/index.mjs,309,b16ef740c1c0b7b8fe1105e7c7c82ad29bd5aadfa41935c9ee5daf5d11d7d330
workspace_mirror/work/local_llm_runtime/node_modules/cliui/node_modules/ansi-regex/index.d.ts,744,a902326b04490db2b99a85e58e0acb14a437ca7e2231e9adfb2fa91acdcc365c
workspace_mirror/work/local_llm_runtime/node_modules/cliui/node_modules/ansi-regex/index.js,350,c92312790eb1f246b7c4c1fe9c1247b15441bbca3c6cb64d167beefc45302753
workspace_mirror/work/local_llm_runtime/node_modules/cliui/node_modules/ansi-regex/license,1109,48da2f39e100d4085767e94966b43f4fa95ff6a0698fba57ed460914e35f94a0
workspace_mirror/work/local_llm_runtime/node_modules/cliui/node_modules/ansi-regex/package.json,841,8b2dc166f2b74d5098bad38bdd3dd2f4d4775c626199872f5e36dbb48c40931d
workspace_mirror/work/local_llm_runtime/node_modules/cliui/node_modules/ansi-regex/readme.md,2565,3ebc0f845b1bab50600f823716040fbec355d3c356a3a76b8eb9eb593b6c7a3a
workspace_mirror/work/local_llm_runtime/node_modules/cliui/node_modules/is-fullwidth-code-point/index.d.ts,549,9a3e6bdffd8335b7d29c1d578ef7411703c57d07aff959bda92b27110f868532
workspace_mirror/work/local_llm_runtime/node_modules/cliui/node_modules/is-fullwidth-code-point/index.js,1756,7db24c9c5d58273ba32eee1bec3dfebd393fdeddd0b5879ef01dc595476e6979
workspace_mirror/work/local_llm_runtime/node_modules/cliui/node_modules/is-fullwidth-code-point/license,1109,48da2f39e100d4085767e94966b43f4fa95ff6a0698fba57ed460914e35f94a0
workspace_mirror/work/local_llm_runtime/node_modules/cliui/node_modules/is-fullwidth-code-point/package.json,737,5b48496ca129073ed44a677b777ea3b91366c8bc228bc75fe858749a78ac1a32
workspace_mirror/work/local_llm_runtime/node_modules/cliui/node_modules/is-fullwidth-code-point/readme.md,843,17df4cd59773b379650f1d15fb4e4333a1c7ff9e391a91b99961f65eed39384a
workspace_mirror/work/local_llm_runtime/node_modules/cliui/node_modules/string-width/index.d.ts,792,08f234e8871dacf59e1f194fd83c11d002d8d4d488f7be138900755e3e637a24
workspace_mirror/work/local_llm_runtime/node_modules/cliui/node_modules/string-width/index.js,923,ed69ea4f757130e46dc48a0cc31beb6257e61a31c70936d82b8a3f02ffd64df5
workspace_mirror/work/local_llm_runtime/node_modules/cliui/node_modules/string-width/license,1109,48da2f39e100d4085767e94966b43f4fa95ff6a0698fba57ed460914e35f94a0
workspace_mirror/work/local_llm_runtime/node_modules/cliui/node_modules/string-width/package.json,941,6457a02418f004fe5d3fbbb19c7cbcc1450a8b887ff9a471dc6985ac83a48d36
workspace_mirror/work/local_llm_runtime/node_modules/cliui/node_modules/string-width/readme.md,1396,cd4aaf53cc7df4210595512d1fdfcd78b671da703a7e695673fcecc167ec66a3
workspace_mirror/work/local_llm_runtime/node_modules/cliui/node_modules/strip-ansi/index.d.ts,369,4b0f7f88fc46a672cb59eeb2782af271c203600d602f57a717ef07f96092caf8
workspace_mirror/work/local_llm_runtime/node_modules/cliui/node_modules/strip-ansi/index.js,154,bf37cd692bf030c2ec270945bc26aa8b19ad379fa5916f12304758f709ab0978
workspace_mirror/work/local_llm_runtime/node_modules/cliui/node_modules/strip-ansi/license,1109,48da2f39e100d4085767e94966b43f4fa95ff6a0698fba57ed460914e35f94a0
workspace_mirror/work/local_llm_runtime/node_modules/cliui/node_modules/strip-ansi/package.json,798,0130850b9da0584f54cc20d3dab6365c807e9436ac78e016d5009efa99bd0530
workspace_mirror/work/local_llm_runtime/node_modules/cliui/node_modules/strip-ansi/readme.md,1599,cb384db30337ecec75919b4c69aab67358b4f4e384406956687894b6d777413b
workspace_mirror/work/local_llm_runtime/node_modules/cliui/package.json,2023,95964483c512a6bf35aa1211dc2c185d72be1b58b1271ddd4a7c2e48836472a9
workspace_mirror/work/local_llm_runtime/node_modules/cmake-js/LICENSE,1098,595030212fccee448422b103959e36334fe9fb0ad63f97ac9e010b74a577ca55
workspace_mirror/work/local_llm_runtime/node_modules/cmake-js/README.md,16769,d97dbef40ec3ad2683c9c25f2544fdbcd1619f45317334795e673c3db08cb32e
workspace_mirror/work/local_llm_runtime/node_modules/cmake-js/bin/cmake-js,8116,0d66091f44281213ea5544ee8dfc7ff4855c81160cba38c7f0126971674f34eb
workspace_mirror/work/local_llm_runtime/node_modules/cmake-js/changelog.md,6573,36b07b5ae789c85be5c6cbd6f035fb6b53449d601c1e9d2a0d0824267bac2673
workspace_mirror/work/local_llm_runtime/node_modules/cmake-js/lib/appCMakeJSConfig.js,1612,ff22b2a0a4a684b2dc8ea225a0be43e2217d7ff9db665235a2b6478b8e86a205
workspace_mirror/work/local_llm_runtime/node_modules/cmake-js/lib/buildSystem.js,3542,5c9427bf437bd918c1f1dfb7fad1f610bedbfe95ba5102c7fcad265138114661
workspace_mirror/work/local_llm_runtime/node_modules/cmake-js/lib/cMake.js,10065,6da81116d38d7016236d824d32fa6b040cfc1c69a1719373c15296ddb4c1e13c
workspace_mirror/work/local_llm_runtime/node_modules/cmake-js/lib/cmLog.js,1030,4be615c65ed389b36105464aa8afab210f70641b12ba9329c70d9f346b5d4fe3
workspace_mirror/work/local_llm_runtime/node_modules/cmake-js/lib/cpp/win_delay_load_hook.cc,1375,81b14cbf90522fe2875d26f02588ebd4f070d5b5da40b1ef0ceca785599d4dc1
workspace_mirror/work/local_llm_runtime/node_modules/cmake-js/lib/dist.js,4541,d908ede8be1ea3ee47c4c0e2a1097ba6605efa76176ccf62cfe5e78030d67d08
workspace_mirror/work/local_llm_runtime/node_modules/cmake-js/lib/downloader.js,2581,6b566bbe14501453e0e2c0693455fb4f77bf2cb85a771bbe4935141c8bdd8e39
workspace_mirror/work/local_llm_runtime/node_modules/cmake-js/lib/environment.js,1940,fb63557a8c3016ae7f8f43453d75af73a2e028b47214bc652463a5a688da5bd1
workspace_mirror/work/local_llm_runtime/node_modules/cmake-js/lib/import/Find-VisualStudio.cs,7930,973c028689376d4ef5284195f41cd8eaa18a55ff5b9391d0d97dd585f01cd1ed
workspace_mirror/work/local_llm_runtime/node_modules/cmake-js/lib/import/LICENSE,1101,dcd7ee0d2a9c0867fab27a44372fff1cf6b3be11bfe437536b56c385f8255c6e
workspace_mirror/work/local_llm_runtime/node_modules/cmake-js/lib/import/README,304,d56044e2a391312e2309956c07a01f1190d7363ccc05f29e0f6094f5f9004844
workspace_mirror/work/local_llm_runtime/node_modules/cmake-js/lib/import/find-visualstudio.js,19085,fa75b617e2ad6dd31f047f576c3898ef3c41ac8c1ce0dfc68dcc5a0f479b864d
workspace_mirror/work/local_llm_runtime/node_modules/cmake-js/lib/import/util.js,1807,129b139d24fe42253972c0196daa9c2d85f72ef743f388516eddb433f3fbe8b5
workspace_mirror/work/local_llm_runtime/node_modules/cmake-js/lib/index.js,311,ffc4bd7b58f1f4b2417f892429725a34e14b842b16dc068cec6ff9a3604ca965
workspace_mirror/work/local_llm_runtime/node_modules/cmake-js/lib/locateNAN.js,1332,782724e03d2db9cdffe70a595115aafef7f7faca1b1f011a382bffcfde2fc062
workspace_mirror/work/local_llm_runtime/node_modules/cmake-js/lib/locateNodeApi.js,477,b0a6e658d7143f7e27a636838b1710d663ee278d2fac9505b8215f22f3c960b6
workspace_mirror/work/local_llm_runtime/node_modules/cmake-js/lib/logger.js,1350,c9348bf4d8d01d2107472c15aa96d10220c8ddfe6a7cd089a71f0de3fb06238d
workspace_mirror/work/local_llm_runtime/node_modules/cmake-js/lib/npmConfig.js,640,02db0ec0176f3094deca43fbf2b8fa74be6e13ce7f43bec366d9b01f83921f38
workspace_mirror/work/local_llm_runtime/node_modules/cmake-js/lib/processHelpers.js,1228,899cceb40ae478188fba5bcce7b6e67c9ce03b9e290bb9b461adc11f91fb5ff4
workspace_mirror/work/local_llm_runtime/node_modules/cmake-js/lib/runtimePaths.js,2773,1269b6abd08a6eddd55e73e85d23dcf8f0b01fad413a56900180b957eb59bebc
workspace_mirror/work/local_llm_runtime/node_modules/cmake-js/lib/targetOptions.js,622,22fc19c85712a0c58a5ffb53dfac850c622f2cfa2e6f7d6731cd09f5044979cc
workspace_mirror/work/local_llm_runtime/node_modules/cmake-js/lib/toolset.js,6915,de300ac5a5c47ec54d0b01e79926289fe99a1aa581ab9b8f0370dfcec745c09d
workspace_mirror/work/local_llm_runtime/node_modules/cmake-js/package.json,1388,fbe6f05aa6f2964468ff263f9f63866f5784305a075972fc3e101f372ee7f7d1
workspace_mirror/work/local_llm_runtime/node_modules/color-convert/CHANGELOG.md,1417,ee2ea4fe91d043ec4214aa60aeaff595009acdfdbb9ed4030896191126d70849
workspace_mirror/work/local_llm_runtime/node_modules/color-convert/LICENSE,1087,693866fc419c6f61c8570438ec00659d156ec2b4d4a4d04091711f5f11a365d4
workspace_mirror/work/local_llm_runtime/node_modules/color-convert/README.md,2853,8cb35dae3a64e6edf1a680fecb9a850ea866795715aa46e09e211a1ba662d1c2
workspace_mirror/work/local_llm_runtime/node_modules/color-convert/conversions.js,17040,7225058075157fc78115b8be998a2effdfc1e5b3316b004a130ee5f19303574b
workspace_mirror/work/local_llm_runtime/node_modules/color-convert/index.js,1708,adb610f9a2fbba92548161871075262496b563dcd0e5e8f5c20f562160a74b34
workspace_mirror/work/local_llm_runtime/node_modules/color-convert/package.json,827,9471d21744ca3137410448da6b3bd7b30ee91d42edce3b82ebcbf84faef74fb4
workspace_mirror/work/local_llm_runtime/node_modules/color-convert/route.js,2257,5f1420af4a106eaa68ed7b4bb5e46f47e0f251169e38841ec8262447e4691b5d
workspace_mirror/work/local_llm_runtime/node_modules/color-name/LICENSE,1085,c064f7a3e353bc1bc977f3c897941c75ef763f44f41677e0a15370ca0853d6e2
workspace_mirror/work/local_llm_runtime/node_modules/color-name/README.md,384,796aef7006b975d2a8a5bad00219c9884e67a51ef96d36b3a0df622e60924c1c
workspace_mirror/work/local_llm_runtime/node_modules/color-name/index.js,4617,97dabd7ebb70c33c19ccfa6956377fc722d9769924903f42a3bede30d83a8592
workspace_mirror/work/local_llm_runtime/node_modules/color-name/package.json,607,4a557ea373907e4643badb89ff21b3f4b969d20631086d78eab2e03d05c2efa4
workspace_mirror/work/local_llm_runtime/node_modules/commander/LICENSE,1098,04512a63dce4d2d506ad612dc0bd7681ccf6e3655f7b6eaef7dfac8323d1ec0b
workspace_mirror/work/local_llm_runtime/node_modules/commander/Readme.md,41693,d211096699a7c7ebd962a6ef000c88bcc0516b1f221e16a9e900ae6f36111f90
workspace_mirror/work/local_llm_runtime/node_modules/commander/esm.mjs,309,7ddd44a96bb575484e1867113ae53bdb0e9b203bd83edb6320b864753ee447f4
workspace_mirror/work/local_llm_runtime/node_modules/commander/index.js,798,d4f8af488a7a08cd71df8503fcc3e5f2fd61e9b26eb368ecd5cc8159862cde3f
workspace_mirror/work/local_llm_runtime/node_modules/commander/lib/argument.js,3174,7386275ac0ab2e0217de1285cc69e67829d1be32943cea13d024caf12c7a87e7
workspace_mirror/work/local_llm_runtime/node_modules/commander/lib/command.js,70043,4e19c6a1838321c53f41c331e7ae70b07c8680157dfdcd12b910677681e49d20
workspace_mirror/work/local_llm_runtime/node_modules/commander/lib/error.js,1240,c69bbc276b3c7fec052f930b9de091db2206646761f765a2077d5731f763dc55
workspace_mirror/work/local_llm_runtime/node_modules/commander/lib/help.js,14281,30a736728f9fba80a2b46e8e9983914bdbcf052bc066ac40d856a8e29de10034
workspace_mirror/work/local_llm_runtime/node_modules/commander/lib/option.js,8651,2860c77972059dbfc47332172809496fab4631359d6b4060f30aa6f615bf5d2e
workspace_mirror/work/local_llm_runtime/node_modules/commander/lib/suggestSimilar.js,2765,2f96448988ab89b4acd941d298e51bb103544bf65b60eb0a4260a26a8b39bb57
workspace_mirror/work/local_llm_runtime/node_modules/commander/package-support.json,231,b07a441d1dbc88588a2e7f219d43a5ea9b7c429a44f119caa49229da86bb0063
workspace_mirror/work/local_llm_runtime/node_modules/commander/package.json,2116,958d1d639726d60de91580e5faa3d8645dccbf7e4c10a91df80e2376d2bc2c8d
workspace_mirror/work/local_llm_runtime/node_modules/commander/typings/index.d.ts,27884,fe3fd03f6dd87b469b770256897cd1f85e7a259c1a448d80237e47285be0bd2f
workspace_mirror/work/local_llm_runtime/node_modules/cross-spawn/LICENSE,1105,aaa78451b6fecd1b9c4594c796c133c0e90cad100372ff8bc6de615e9ef9adf1
workspace_mirror/work/local_llm_runtime/node_modules/cross-spawn/README.md,4117,022aa5bc5706ce14899569741b420e8cb59108c90871d341f31b684d279bd594
workspace_mirror/work/local_llm_runtime/node_modules/cross-spawn/index.js,1192,b8e01cb18ba87ee1b0e5eb2eb1ce6cbb25a2bdd229f9e08671f8a10ed7e3ad35
workspace_mirror/work/local_llm_runtime/node_modules/cross-spawn/lib/enoent.js,1471,0f9aab5c708991cf01d3fda557318c4600a46071138742ee8596244f7fd73ef5
workspace_mirror/work/local_llm_runtime/node_modules/cross-spawn/lib/parse.js,3065,0a67601365a3ae413653c8c9d3c6bff2202861e1eb8b5d28bf46d4812a4465ea
workspace_mirror/work/local_llm_runtime/node_modules/cross-spawn/lib/util/escape.js,1383,5d61b2829e0e7912874e1e664146554d0cd02fd5524abf4ea59a879f0fc30675
workspace_mirror/work/local_llm_runtime/node_modules/cross-spawn/lib/util/readShebang.js,549,b05ba732e167fcf9a4fd67ebb4a5c28cca4712a36376c0b0f2e4e1d37e7f18d2
workspace_mirror/work/local_llm_runtime/node_modules/cross-spawn/lib/util/resolveCommand.js,1557,e525fe739aba01cf5eee6473df449cdda93df6266effa8eae0fcfb9a4e6c5de6
workspace_mirror/work/local_llm_runtime/node_modules/cross-spawn/node_modules/.bin/node-which,985,055f0ac4eed1a1591d033d59462972968bf3483b4cc07e163589569c0fb999f0
workspace_mirror/work/local_llm_runtime/node_modules/cross-spawn/node_modules/isexe/.npmignore,23,ca06e7ce01ccdd1f477910e1cd1339c23119ecf2386350b8ad876983e1da92ea
workspace_mirror/work/local_llm_runtime/node_modules/cross-spawn/node_modules/isexe/LICENSE,765,4ec3d4c66cd87f5c8d8ad911b10f99bf27cb00cdfcff82621956e379186b016b
workspace_mirror/work/local_llm_runtime/node_modules/cross-spawn/node_modules/isexe/README.md,1395,ab12ff031a831156ebd4f4253c2e8047d37547fb95fde416be524c8b8cfe4c74
workspace_mirror/work/local_llm_runtime/node_modules/cross-spawn/node_modules/isexe/index.js,1192,7af7a68708317ab2b8743b44591d98ca6f5ca787e89e7c289154471fd2f67331
workspace_mirror/work/local_llm_runtime/node_modules/cross-spawn/node_modules/isexe/mode.js,909,0381513485dd6d0799b160a5c0bf7b4a79d1ece5c32182de44aa73f756a7ac54
workspace_mirror/work/local_llm_runtime/node_modules/cross-spawn/node_modules/isexe/package.json,786,395c2af9abeeaafe7391974c1eacfb2a2bdeef187f21c3f5582c49e0368e59bf
workspace_mirror/work/local_llm_runtime/node_modules/cross-spawn/node_modules/isexe/test/basic.js,4996,7fa5ce613b782cb924483bccd775a56f129b9b381df4d346a9c951a789b31a90
workspace_mirror/work/local_llm_runtime/node_modules/cross-spawn/node_modules/isexe/windows.js,890,b422b8fbb7815542dfbd1b3adaec5700249a1934c44a1d994654329c06fc1018
workspace_mirror/work/local_llm_runtime/node_modules/cross-spawn/node_modules/which/CHANGELOG.md,2667,89bc599ca0b3a119d711c62855b2e3619b734bf371ef55dcc049454313f9904e
workspace_mirror/work/local_llm_runtime/node_modules/cross-spawn/node_modules/which/LICENSE,765,4ec3d4c66cd87f5c8d8ad911b10f99bf27cb00cdfcff82621956e379186b016b
workspace_mirror/work/local_llm_runtime/node_modules/cross-spawn/node_modules/which/README.md,1352,0c91f714f46006bc9a543e629a3ce3b63700fa8cfbe7c6310a0bcff2738356dd
workspace_mirror/work/local_llm_runtime/node_modules/cross-spawn/node_modules/which/bin/node-which,985,055f0ac4eed1a1591d033d59462972968bf3483b4cc07e163589569c0fb999f0
workspace_mirror/work/local_llm_runtime/node_modules/cross-spawn/node_modules/which/package.json,1043,43010039ed5e89f7186960be682b3cb5cda5ab6cdfb06cbfd4f081cf0e7b4260
workspace_mirror/work/local_llm_runtime/node_modules/cross-spawn/node_modules/which/which.js,3163,76845e1fe7851267fb7ee72b18f2d916996d330150e31e48f4657a79e9b46b5b
workspace_mirror/work/local_llm_runtime/node_modules/cross-spawn/package.json,1655,2e106cd9b4ae4e34ead35218371a0d4e172da72515a4f8f97d69a2e1fe3dee82
workspace_mirror/work/local_llm_runtime/node_modules/debug/LICENSE,1139,3a61c6c96caf5c1d9b623fb9b04c822b783dfcb78aa7e49c76a3f643e6ed7f95
workspace_mirror/work/local_llm_runtime/node_modules/debug/README.md,22115,486cb669048bd5014adf9ea117e27a45c4e61b0e668f464c724273beb8170797
workspace_mirror/work/local_llm_runtime/node_modules/debug/package.json,1479,ea8e33d63fe5f3a4c36609b6c3df8e2ef1f8b8ba2fc3a2e1e53cb27291f384af
workspace_mirror/work/local_llm_runtime/node_modules/debug/src/browser.js,6103,19920671f5902f64ad8ea11767fa50ea9d7a71ae0b7dff7ba5693c0075afc763
workspace_mirror/work/local_llm_runtime/node_modules/debug/src/common.js,6915,dbe83d2bb5837f3c4d7fe537b8004c585987270eceed5b06b8e078deb0ae214a
workspace_mirror/work/local_llm_runtime/node_modules/debug/src/index.js,314,aa127ff1752b7d9c7415c5c7bb6994d9aa722b81bcbcab4bd48316b013d23bf3
workspace_mirror/work/local_llm_runtime/node_modules/debug/src/node.js,4728,d7b26d7c92f8ea7794b77ce11f3c11cd18c9084df7c357e3c7025344fa28aac6
workspace_mirror/work/local_llm_runtime/node_modules/deep-extend/CHANGELOG.md,1155,aa675bee44b9c91ca0be3defdb1d4cd62b175d5e51d3653a78ce292dd8a6c44b
workspace_mirror/work/local_llm_runtime/node_modules/deep-extend/LICENSE,1093,e17120ad3deff741c2ca5cbe511971ca33971a1ba6e49694c6498309bb2680b9
workspace_mirror/work/local_llm_runtime/node_modules/deep-extend/README.md,1290,33132ea8c9f1f257cdd9c1a03709f06d4ef89bfaccaa5e478fc5cb51d351840e
workspace_mirror/work/local_llm_runtime/node_modules/deep-extend/index.js,47,3589a8446276886aa54f8dda47d0d12be90fb167925559fab4a906ddfca6f91f
workspace_mirror/work/local_llm_runtime/node_modules/deep-extend/lib/deep-extend.js,4293,87aadac5b3cc8081b570a243c17c575c195c4ae642e98834495291fa626ed9d6
workspace_mirror/work/local_llm_runtime/node_modules/deep-extend/package.json,1312,21b307891704eb34e9be621d7563d13734f75f41d8f97825862b05ca5bc2d217
workspace_mirror/work/local_llm_runtime/node_modules/emoji-regex/LICENSE-MIT.txt,1077,483acb265f182907d1caf6cff9c16c96f31325ed23792832cc5d8b12d5f88c8a
workspace_mirror/work/local_llm_runtime/node_modules/emoji-regex/README.md,2691,83fa2a1a5a1dd7318b99cb17c76927b775098d8fff0d3136c00303e4a7d0b267
workspace_mirror/work/local_llm_runtime/node_modules/emoji-regex/es2015/index.js,11104,8718dea4d28647912918dba60545890dc10ae672bfb186b6ec0af3fc5e826137
workspace_mirror/work/local_llm_runtime/node_modules/emoji-regex/es2015/text.js,11105,aad6b3f580511fe1fd70ae4ddadff4f4ec6bd5143f1a53b93c7e16eaf608d552
workspace_mirror/work/local_llm_runtime/node_modules/emoji-regex/index.d.ts,427,69922c48a8f28317217455373eedaf7303772d0c2370cd9b553f091e71f7d47b
workspace_mirror/work/local_llm_runtime/node_modules/emoji-regex/index.js,10286,c56978800e47f095cfbfe96712b5e78d150d1f62e32bb4943675213fce481ef0
workspace_mirror/work/local_llm_runtime/node_modules/emoji-regex/package.json,1278,7bec29b9ca68f2c4becc60e866c2f9342ecdc89fab39841a818ccd9eda15c148
workspace_mirror/work/local_llm_runtime/node_modules/emoji-regex/text.js,10287,4bae97c68c68cc8c56fa873fcbcbaf6869da926f3f38ddd9cb6ca22e8f60da41
workspace_mirror/work/local_llm_runtime/node_modules/env-var/CHANGELOG.md,6389,58dbf93049fe7257a7ff2cf8870ed226826f2565269b59dfb7984d6b7255805c
workspace_mirror/work/local_llm_runtime/node_modules/env-var/LICENSE,1076,83947cc01dd631efacc2ae9aaa713b7235d3e876254bc336dea25372cf56fc86
workspace_mirror/work/local_llm_runtime/node_modules/env-var/README.md,5876,ac8027bf8bb32a8e7938e1f3fb42876cd36a6f556c079166db09c9eecdad2cfd
workspace_mirror/work/local_llm_runtime/node_modules/env-var/env-var.d.ts,12901,88c47ac4fac4df200dac84a0a0f2c6407e871dc077d7de1acbae790670e3283d
workspace_mirror/work/local_llm_runtime/node_modules/env-var/env-var.js,2177,4bb6ebb8143a7697878937f7e1813ec91095846534c558cb15c91c01447df262
workspace_mirror/work/local_llm_runtime/node_modules/env-var/lib/accessors/array.js,253,5ce1f357fab8908b7aa46fbe8eedf1c1e1969f1877a45a61f2e745f075ae370f
workspace_mirror/work/local_llm_runtime/node_modules/env-var/lib/accessors/bool-strict.js,253,53dce3a4a0b211cd5761667246dac3469a24333ab0163e54e6adf0eedaa9530a
workspace_mirror/work/local_llm_runtime/node_modules/env-var/lib/accessors/bool.js,346,e03dd3817be11fec41f9a53137b753e428d22ce43325fc9d11160f216893011b
workspace_mirror/work/local_llm_runtime/node_modules/env-var/lib/accessors/email-string.js,838,651f7aaa5d08007fd0079c3a2e168cb222c839879e981cf87ec90237755227ec
workspace_mirror/work/local_llm_runtime/node_modules/env-var/lib/accessors/enum.js,289,ed8ebe12b9f8b4354b2d3aa199ebe64ac12c8379b448aa337b6c8c1ae5040e37
workspace_mirror/work/local_llm_runtime/node_modules/env-var/lib/accessors/float-negative.js,219,a2c04ed219dbeb5d38ed11746be646d3e087f07fcb5675ea288556bcd8f55925
workspace_mirror/work/local_llm_runtime/node_modules/env-var/lib/accessors/float-positive.js,219,f63af34b6037bb0b108f2fedd7da9ff7ab64c864ec6593ab7599b54423ebf251
workspace_mirror/work/local_llm_runtime/node_modules/env-var/lib/accessors/float.js,347,7e747dbb5f446f669367b5cc8bc1a6963ad59acd8750cf6091a3d585200df50d
workspace_mirror/work/local_llm_runtime/node_modules/env-var/lib/accessors/index.js,765,95ec69325e26555e983ff99f49ae6171429f60706468c4dcfc3d9ac673851dd3
workspace_mirror/work/local_llm_runtime/node_modules/env-var/lib/accessors/int-negative.js,213,09da57ea372a6b85be8e55037703ba677aea0d0c0a9fa06b045692cf37ba90a7
workspace_mirror/work/local_llm_runtime/node_modules/env-var/lib/accessors/int-positive.js,213,2c3722956afcec7cd350050f7537d2b67ede1a581dafd88d6b829f36a177b39d
workspace_mirror/work/local_llm_runtime/node_modules/env-var/lib/accessors/int.js,202,45a6e0d28d8a120abf030cd948d05a556b58299e3088f852f675fdef0e91f5b2
workspace_mirror/work/local_llm_runtime/node_modules/env-var/lib/accessors/json-array.js,228,75327e5984af1eda5ea99652d2aa6ddc127275bafef0e26ddfa57e4940233c0a
workspace_mirror/work/local_llm_runtime/node_modules/env-var/lib/accessors/json-object.js,229,51903e9c8bb6bfc9452af75037a0a2fb255a2d1c5b9230ac9625fdc3df0c4f3f
workspace_mirror/work/local_llm_runtime/node_modules/env-var/lib/accessors/json.js,172,0404bade98671f522a98d4758383f381bdaa584fdc426b949d7b4ca6f824bfcb
workspace_mirror/work/local_llm_runtime/node_modules/env-var/lib/accessors/port.js,257,e3cb0501c35b53095297d284022688f04216a5b4c91155eea29ce43d605e28c4
workspace_mirror/work/local_llm_runtime/node_modules/env-var/lib/accessors/regexp.js,588,4ecaa8b347668fcc4c185caba730e5954a3d136dede4f3dad3fa91b42a4aa317
workspace_mirror/work/local_llm_runtime/node_modules/env-var/lib/accessors/set.js,210,e6d186923ea6cedb87b60d479f3dfe6b586b9185dd4db7dc4cd31c274373f44b
workspace_mirror/work/local_llm_runtime/node_modules/env-var/lib/accessors/string.js,76,5306622885753752ee5e55ff39274f8b983bd95babdfa95f4b228e4f7861621b
workspace_mirror/work/local_llm_runtime/node_modules/env-var/lib/accessors/url-object.js,230,3929d22d137d45e95c45be72738658e837ca0de58da12741a5043fe1bc764eb6
workspace_mirror/work/local_llm_runtime/node_modules/env-var/lib/accessors/url-string.js,144,39ac9684fa148325d4935c9cf7610d1595225a701c131af4c9a30d00326e0327
workspace_mirror/work/local_llm_runtime/node_modules/env-var/lib/env-error.js,513,a85a58bc903e40eeeb4112037512817e86f83e59599241b6f4a7a57eb964f4cb
workspace_mirror/work/local_llm_runtime/node_modules/env-var/lib/logger.js,336,637ecdb2f22b725176b959c7c633e680c30027828207e06a3ce8996f00ec2f6a
workspace_mirror/work/local_llm_runtime/node_modules/env-var/lib/variable.js,5533,7217c6322f9a88a8069497c8d981f9fd9a5e08e7d01d86b16a1cf26e5d9485e9
workspace_mirror/work/local_llm_runtime/node_modules/env-var/package.json,1778,f7023f1cf5c71906ddcb32b3388c75ce306886edd32162f0cbb4ae4b01619947
workspace_mirror/work/local_llm_runtime/node_modules/escalade/dist/index.js,534,85643e13de77213831aea57dac009638a9dea5baaa85a964c2592f602234db68
workspace_mirror/work/local_llm_runtime/node_modules/escalade/dist/index.mjs,517,436c778b45b4f46cf906bff4c38962219b349d5e42a2c62696c689417ab582a5
workspace_mirror/work/local_llm_runtime/node_modules/escalade/index.d.mts,236,31f9773c49839ecbd0591286db8fcf739c38de09f92ba453c3ea9d84fe76c648
workspace_mirror/work/local_llm_runtime/node_modules/escalade/index.d.ts,301,db755cee8111600981c5fcad73235b6156d1f6c8d35424f5ac7187ed38ce8543
workspace_mirror/work/local_llm_runtime/node_modules/escalade/license,1104,9a9edad7baae52622bddf3c15b2ef8a33d2c89f2d25408ad13e8a7481c6b0c97
workspace_mirror/work/local_llm_runtime/node_modules/escalade/package.json,1461,acd22b264ecbea162e320a360dab0ad0f3e5438fa4382288df844fa08b484e73
workspace_mirror/work/local_llm_runtime/node_modules/escalade/readme.md,6993,de88fe806fe66a944d49b4e86518d5cfee43565654faf76daa67716726359696
workspace_mirror/work/local_llm_runtime/node_modules/escalade/sync/index.d.mts,177,9ce9dc9cc3ad9d64038ace89f4d29422a99eb8379a8658d4d2b77ed2d0e1cb3d
workspace_mirror/work/local_llm_runtime/node_modules/escalade/sync/index.d.ts,242,2940e5c69685d83c30b4359b5a917ccb1779da0be12c84975018e6a969fb7b00
workspace_mirror/work/local_llm_runtime/node_modules/escalade/sync/index.js,416,bf89be2b8bb2eb86c19ce0a3598e19fe91ad689a64710607e6cbb3e15c076d4f
workspace_mirror/work/local_llm_runtime/node_modules/escalade/sync/index.mjs,404,8262677f39b0e4f3c085c04a38b66626913b980237da67496a4f8ebd8d1e5507
workspace_mirror/work/local_llm_runtime/node_modules/eventemitter3/LICENSE,1082,3aecc12b1cb28832b5f65ab64291de96568c3f236a74d646281b4491f7bcadbf
workspace_mirror/work/local_llm_runtime/node_modules/eventemitter3/README.md,3085,b734a9a1f43065ece52df4a60878dc07024cfb32373868b6e604d9e57e7cbff4
workspace_mirror/work/local_llm_runtime/node_modules/eventemitter3/dist/eventemitter3.esm.js,10261,4b3907d257fc094c13ecf06f4bc1ceb6af198f18ef02191490f5553463399b88
workspace_mirror/work/local_llm_runtime/node_modules/eventemitter3/dist/eventemitter3.esm.min.js,2985,2d7b6cb4704c325c2edb2fa6cf2e7f202c1b904b2c70fc6de7d26c86b44ea737
workspace_mirror/work/local_llm_runtime/node_modules/eventemitter3/dist/eventemitter3.esm.min.js.map,14135,77e45a442da4ba54c1a100c912b465f31f0a1e8573ec94f56c017f13f0eb2f04
workspace_mirror/work/local_llm_runtime/node_modules/eventemitter3/dist/eventemitter3.umd.js,10863,9f534301de602e2094c86f0bf8c7de3e3cad9502609571f19acd854ce31b0eaa
workspace_mirror/work/local_llm_runtime/node_modules/eventemitter3/dist/eventemitter3.umd.min.js,3190,51594ae650427c2a166c399062fbf4a7ee064319b56469a43f90bf97eba081f1
workspace_mirror/work/local_llm_runtime/node_modules/eventemitter3/dist/eventemitter3.umd.min.js.map,14599,a003d7d8b052d00dc522b0ceb270138a6cc07a1b3db7e08c942facee116531bd
workspace_mirror/work/local_llm_runtime/node_modules/eventemitter3/index.d.ts,3500,27679e96d1bd38c5938178aaf4abe8627493090b63d6bae2ce8436e6a87ebe4d
workspace_mirror/work/local_llm_runtime/node_modules/eventemitter3/index.js,9141,1560f251de5d28d2c15ff070215d2c5c0fa06f1a92e8d6522bbee37e06d2a6b5
workspace_mirror/work/local_llm_runtime/node_modules/eventemitter3/index.mjs,91,82d15c8c0058e5795a5c19540d0713416ff65edd4fd6aa8f79ee1fb5ade78cd5
workspace_mirror/work/local_llm_runtime/node_modules/eventemitter3/package.json,1454,0dd9bc32a77be8238fad41d58aa5b24ccdfee79d8bcf4cbee85f16e3d15c1658
workspace_mirror/work/local_llm_runtime/node_modules/filename-reserved-regex/index.js,221,4a00be5d8cca7499fa862614167558fd4e4746ea533d9de9896f317f0894f5a7
workspace_mirror/work/local_llm_runtime/node_modules/filename-reserved-regex/license,1117,5c932d88256b4ab958f64a856fa48e8bd1f55bc1d96b8149c65689e0c61789d3
workspace_mirror/work/local_llm_runtime/node_modules/filename-reserved-regex/package.json,710,7a2465c252ee1b9e999452863568d4e0ce2bafe528c6a9844fdda2538ad81c36
workspace_mirror/work/local_llm_runtime/node_modules/filename-reserved-regex/readme.md,1087,fc3109bea4fa673cdac6aa2c043b4419b797c4f5976252548d0f79abde64e7ba
workspace_mirror/work/local_llm_runtime/node_modules/filenamify/filenamify-path.d.ts,365,a7c37cc740bcf4966c52c5834d2424d6068d78e6c3a6c45c2dc409906b3ebb9d
workspace_mirror/work/local_llm_runtime/node_modules/filenamify/filenamify-path.js,260,d4dcd4e0f4f5423fc6ace251d86b0ed6ba06e55f714b018ec96259d65f92175f
workspace_mirror/work/local_llm_runtime/node_modules/filenamify/filenamify.d.ts,931,4e62e2502806435a0ed2c2fbcd071e5f13e6484d9bc64a45f3ca801b95770692
workspace_mirror/work/local_llm_runtime/node_modules/filenamify/filenamify.js,2111,265d54fba148e4c6b37d1e681774b644e9c7d660eb4eec50200c26daced4f11d
workspace_mirror/work/local_llm_runtime/node_modules/filenamify/index.d.ts,138,3ee59e63f49d3f53eaf5b42f701f80b97ed8fec25ac4fc559d5c996b52c9a72c
workspace_mirror/work/local_llm_runtime/node_modules/filenamify/index.js,105,c93073ace940597e23f92e876dc557d9a56cd2e54843e50a137edf92456b335c
workspace_mirror/work/local_llm_runtime/node_modules/filenamify/license,1117,5c932d88256b4ab958f64a856fa48e8bd1f55bc1d96b8149c65689e0c61789d3
workspace_mirror/work/local_llm_runtime/node_modules/filenamify/package.json,943,b440aabd9f2a060135fd56e1d57c5dbdbb3c6d973c1e4b801b23e897c659a114
workspace_mirror/work/local_llm_runtime/node_modules/filenamify/readme.md,2318,cb9d2c2ef034c33dd127446533fd906a8ed04d0c233b0054f1ab03b790ba5eba
workspace_mirror/work/local_llm_runtime/node_modules/fs-extra/LICENSE,1084,c6a7de1428955aa5a692f4d3a3d3ede658d959616944713337cda296736442e1
workspace_mirror/work/local_llm_runtime/node_modules/fs-extra/README.md,10773,1a297d843c2d4c90ea1f3e615978bbcb0702294a8a1e9b6a2df051faeb0b0cd8
workspace_mirror/work/local_llm_runtime/node_modules/fs-extra/lib/copy/copy-sync.js,5929,7b7e567e1d6212920d9239069036dbc234bd4b9160d243ad415d885d35659eb9
workspace_mirror/work/local_llm_runtime/node_modules/fs-extra/lib/copy/copy.js,5988,69b2573cad17fedc821be48ae2d3fdaa0986db1053d90d3404b2f819f8f2eb7d
workspace_mirror/work/local_llm_runtime/node_modules/fs-extra/lib/copy/index.js,146,d935e170aa9a282a5fcf796cf2d21306cbeb8822c92c8e7ef73182b9e32b3f82
workspace_mirror/work/local_llm_runtime/node_modules/fs-extra/lib/empty/index.js,747,1096edcb5ec0ed015b36914beff0826f6cd5d7ce2645ee9dee60c0b272e57856
workspace_mirror/work/local_llm_runtime/node_modules/fs-extra/lib/ensure/file.js,1459,f97c89606abb7c256eefd7acf35fc37a60a002768696125905df3944ac792d07
workspace_mirror/work/local_llm_runtime/node_modules/fs-extra/lib/ensure/index.js,542,77ccb9b4d1eab607ce7ba8d3d5bed59b0cb9cc4748d02aa896a2413b71dbfe60
workspace_mirror/work/local_llm_runtime/node_modules/fs-extra/lib/ensure/link.js,1438,ddb60e2e233764a9bba933f97e3cc534a370e66c44a0dcc02eb24b16e8ca12d7
workspace_mirror/work/local_llm_runtime/node_modules/fs-extra/lib/ensure/symlink-paths.js,3103,25cdbbe6724088ddd28fe8ac10dfab9f18a93cf6fdb14e7be41fdc29e13767d5
workspace_mirror/work/local_llm_runtime/node_modules/fs-extra/lib/ensure/symlink-type.js,596,ef80c7221f923205bd4472d166d79d4f75f683dd1f32d342f2fef5ee64fb2796
workspace_mirror/work/local_llm_runtime/node_modules/fs-extra/lib/ensure/symlink.js,3388,c693e0a7f8034527e556482bb52ad08322d1410368766b540b00beb3b7679ffe
workspace_mirror/work/local_llm_runtime/node_modules/fs-extra/lib/esm.mjs,2643,b36459bfe3f6fc629e6fa5fa37cf4654dfff6bf475455cf3851c43ef3ae6e598
workspace_mirror/work/local_llm_runtime/node_modules/fs-extra/lib/fs/index.js,3835,62ceb1a4526cf820140c4d7fbf86ca0a330108a1d7929daa3db69e565fd58367
workspace_mirror/work/local_llm_runtime/node_modules/fs-extra/lib/index.js,358,4967e903b3dc290f2b401b81bfcad8b2d94fd68c1bf4563df63ac082af0e1dae
workspace_mirror/work/local_llm_runtime/node_modules/fs-extra/lib/json/index.js,508,c5ac6a8005308e5bb36619fed225c987872300d356fa95d0d56878029ebbdc45
workspace_mirror/work/local_llm_runtime/node_modules/fs-extra/lib/json/jsonfile.js,238,a986ad3c13166f3bf8f30b18140bfc8ea1754760ab3802aa7c8c3780d54f07ba
workspace_mirror/work/local_llm_runtime/node_modules/fs-extra/lib/json/output-json-sync.js,276,a68fde22ad1a194755de03e90861805248f883342e05bd685258e76a90e7a6ab
workspace_mirror/work/local_llm_runtime/node_modules/fs-extra/lib/json/output-json.js,277,b738aaf8ff9aae265b0512cb2554e1f8ce8605d21dc6230189a9be6980079fc8
workspace_mirror/work/local_llm_runtime/node_modules/fs-extra/lib/mkdirs/index.js,328,adcd576e2e3868b94adb1bad6d1e3cf2312ffdfa71e49a57fe6247e116e75ecf
workspace_mirror/work/local_llm_runtime/node_modules/fs-extra/lib/mkdirs/make-dir.js,545,23c7ce8a3d6b39d1c7cf5d16ba6447c1690a6fdaa8c5f41e6b76526b7afe96f3
workspace_mirror/work/local_llm_runtime/node_modules/fs-extra/lib/mkdirs/utils.js,1655,5372a36f4b2c5023788c23dbc6639155cb016a1b111e8fc1d6bf97cbaf11b1f8
workspace_mirror/work/local_llm_runtime/node_modules/fs-extra/lib/move/index.js,146,ee7ac772c9ed6ca64adf993498c1199fb72bc9a05b49b7b4b8185ac71dacf930
workspace_mirror/work/local_llm_runtime/node_modules/fs-extra/lib/move/move-sync.js,1515,639191af40bebf2a1dc76ee0c5317282d352461ece1d165537bc7096b80818c5
workspace_mirror/work/local_llm_runtime/node_modules/fs-extra/lib/move/move.js,1523,81fca78408ac2a838f6c7f75c871b5b5b9649b7260addf0c21464eb9d8b32a9b
workspace_mirror/work/local_llm_runtime/node_modules/fs-extra/lib/output-file/index.js,657,5226ff89a2c66941f0aa322d81c68e199b5d554a99fe71cbd7a740663e541722
workspace_mirror/work/local_llm_runtime/node_modules/fs-extra/lib/path-exists/index.js,263,5ce096c95daec0259817248921b39a9e0df4d342db171138ccb62440cc7a0cbe
workspace_mirror/work/local_llm_runtime/node_modules/fs-extra/lib/remove/index.js,331,0ac7807ffba679e0d8fee03d3879da7f3d99bc16e8db6c6494c8eaf9ec5608b6
workspace_mirror/work/local_llm_runtime/node_modules/fs-extra/lib/util/async.js,806,1f6e8aa79654041ebb8513719a4e8689e0c71e70a0653bd6f6cf8af90f9138b3
workspace_mirror/work/local_llm_runtime/node_modules/fs-extra/lib/util/stat.js,5747,36a604d33561abc620e32ebdfd02b5b744d25177f1ea2036bb5b38799ccc970f
workspace_mirror/work/local_llm_runtime/node_modules/fs-extra/lib/util/utimes.js,882,6b20f591e8ff8c6d6bdf6d7603a73f135fd1bc54ed2255ece5449be63b50c01b
workspace_mirror/work/local_llm_runtime/node_modules/fs-extra/package.json,1573,54554c1306465bd6c52b3fd43d40ddc37d0ad55d52de53932b978adbcf9eb764
workspace_mirror/work/local_llm_runtime/node_modules/get-caller-file/LICENSE.md,745,902dbb4154679fb2b8d7c33878183f45b268d01eae5e5033dddaa8852d45f213
workspace_mirror/work/local_llm_runtime/node_modules/get-caller-file/README.md,1068,de7b6d277d23b5b8a3cc7d31c7a0ba19972363df2818b88573b4a29e3e89ba07
workspace_mirror/work/local_llm_runtime/node_modules/get-caller-file/index.d.ts,71,ac26d4fa29d2ba00092c3ed61a3cefbd0391b2d9fe95072c40072102da8b34be
workspace_mirror/work/local_llm_runtime/node_modules/get-caller-file/index.js,1108,583aba43e0ae0ccfb6c3a790019486990ac9241337dc38005f0189586e18295a
workspace_mirror/work/local_llm_runtime/node_modules/get-caller-file/index.js.map,773,f2d123b5756280a04cf41e21594ace05b6f6cb4629361ed1c998c8f57d90c6fa
workspace_mirror/work/local_llm_runtime/node_modules/get-caller-file/package.json,954,680a080d2885c05bc51dde429c80784bfb248ca3ef3685438079c5015721e2ae
workspace_mirror/work/local_llm_runtime/node_modules/get-east-asian-width/index.d.ts,1542,228354b26813689534d5ecf1e2d1948795fe31bb7fa274b28fbc4056c1ea6ac3
workspace_mirror/work/local_llm_runtime/node_modules/get-east-asian-width/index.js,730,d7b1ba05914c0fc311c20e5618bf8d0893c9c74078a07975e2df981445e64887
workspace_mirror/work/local_llm_runtime/node_modules/get-east-asian-width/license,1117,5c932d88256b4ab958f64a856fa48e8bd1f55bc1d96b8149c65689e0c61789d3
workspace_mirror/work/local_llm_runtime/node_modules/get-east-asian-width/lookup-data.js,4734,f6b40f86c9a2a6808ec808fa8ddcb8da261254cc6121d37ffaeb2bf35dad1d5b
workspace_mirror/work/local_llm_runtime/node_modules/get-east-asian-width/lookup.js,2671,c80ecc22b120b27ef5ea9facb7000b8fd4ec037a84d9231d215f1c44bc9c21d0
workspace_mirror/work/local_llm_runtime/node_modules/get-east-asian-width/package.json,1281,d263e50dd1a43aee9acda4d7f066e66b0d0bde1f2852ea6e7153750a5e3a3e52
workspace_mirror/work/local_llm_runtime/node_modules/get-east-asian-width/readme.md,1867,19ad661125fa483affa9165ea77924f1dcbc6b4da821cb028abe695d628124a5
workspace_mirror/work/local_llm_runtime/node_modules/get-east-asian-width/utilities.js,650,4b08a7e9e3ffacbcf198a6abceb2338d52ac671899e52ccc2851c898bfccac42
workspace_mirror/work/local_llm_runtime/node_modules/graceful-fs/LICENSE,791,f65c5d9f22a317b2a10803bd1868461ce6499c2ed7217bc80c0cc772a748789c
workspace_mirror/work/local_llm_runtime/node_modules/graceful-fs/README.md,4741,1c8169c6bd7d7c966616574b9b7479c9890193ff6c5af98faa28672a1d429382
workspace_mirror/work/local_llm_runtime/node_modules/graceful-fs/clone.js,496,7258eca52e65d69845759503f9fdd66c252f40e5eafb76db5d481172e31ac9ed
workspace_mirror/work/local_llm_runtime/node_modules/graceful-fs/graceful-fs.js,12680,7da35669b6b6b0e4aafee31674c033f2cebb0c8f9ae010f709dcc185d3f17786
workspace_mirror/work/local_llm_runtime/node_modules/graceful-fs/legacy-streams.js,2655,60a6a7ecf7c3e55a3ffaae13433b6cff388b7205bba6daf393c863f77a949e36
workspace_mirror/work/local_llm_runtime/node_modules/graceful-fs/package.json,1031,5747d4ba6b17165c6ecac30ab3a331715f41c7ad546e1f1574dab1bdcb116181
workspace_mirror/work/local_llm_runtime/node_modules/graceful-fs/polyfills.js,10141,66ea1687ed5edf39d67296d26edccc8da695d9a869303a78d0e580cd770aca27
workspace_mirror/work/local_llm_runtime/node_modules/ignore/LICENSE-MIT,1095,9c94db23dc4b1e9aaee5d195668b916afc71efed54af226b66cf0ccc4389c1c0
workspace_mirror/work/local_llm_runtime/node_modules/ignore/README.md,13108,31b0578325859f88fa2089e88da94cd25a18866bbe2374af8231c26d8b6a087d
workspace_mirror/work/local_llm_runtime/node_modules/ignore/index.d.ts,1958,8b61608c154f87e13c88b21b5208a3acb906ddcee5e3001f3b27ef13703b61e8
workspace_mirror/work/local_llm_runtime/node_modules/ignore/index.js,19981,3d580a0188919a58035ca2700216bca7d143a1cae40bf8ef71237ca2396ef5a6
workspace_mirror/work/local_llm_runtime/node_modules/ignore/legacy.js,25250,1c1b72017f01670c8fb6816bdd8efbcd623da17095ebec976fea0d1aa4abcb54
workspace_mirror/work/local_llm_runtime/node_modules/ignore/package.json,3036,fd74f1c93bc4772d79aba83d59b5ca5bc4c2cbc4617e910c59977dfc52414d7d
workspace_mirror/work/local_llm_runtime/node_modules/ini/LICENSE,765,4ec3d4c66cd87f5c8d8ad911b10f99bf27cb00cdfcff82621956e379186b016b
workspace_mirror/work/local_llm_runtime/node_modules/ini/README.md,2718,128be3868807fd5a92bc4f681edb235435763fa4ed91aa838f838efd77fd82ec
workspace_mirror/work/local_llm_runtime/node_modules/ini/ini.js,4976,54ab2a07998e9efc1f79667ee52650479f22e6d6f2bd3bb9c629b1426f5b1906
workspace_mirror/work/local_llm_runtime/node_modules/ini/package.json,845,8cfafc3521292bd7434d2f40762984f36eb12f03bde92b42a9df2ea17552f4a4
workspace_mirror/work/local_llm_runtime/node_modules/ipull/LICENSE,1063,626c443260b45d1c58eab0f8919952b141dff03d6be4925400e3457064a36272
workspace_mirror/work/local_llm_runtime/node_modules/ipull/README.md,8938,da213f319ded1edb8885a86cc97abe0c9b36a1a7cca9b15e08ab9f2025959438
workspace_mirror/work/local_llm_runtime/node_modules/ipull/dist/browser.d.ts,2217,3153e803002f04fd12fac60894db07329ce00a3ad0bea926a611fd15addc9204
workspace_mirror/work/local_llm_runtime/node_modules/ipull/dist/browser.js,1609,1a7d02dfb2ee76b6f6c858ea8e9841c298412d3d33fd360badb99d7e1289932e
workspace_mirror/work/local_llm_runtime/node_modules/ipull/dist/browser.js.map,757,5b5e15991e4fe012f3bfef4bca4dc930c4452db4081153fc147d44348e27031f
workspace_mirror/work/local_llm_runtime/node_modules/ipull/dist/cli/cli.d.ts,31,43e818adf60173644896298637f47b01d5819b17eda46eaa32d0c7d64724d012
workspace_mirror/work/local_llm_runtime/node_modules/ipull/dist/cli/cli.js,2090,2820ef865c1c75479860ce0300593ed7b6740d72c6c9fe5aba3c56bb993686dc
workspace_mirror/work/local_llm_runtime/node_modules/ipull/dist/cli/cli.js.map,1952,0fd17db4d53e27fa08f38d41a6e1541a802d55151c7ef788011c22b2b1c6ebd0
workspace_mirror/work/local_llm_runtime/node_modules/ipull/dist/cli/commands/set.d.ts,79,e5fff066b976f8833156d44f4cc0adcbb65f55d9e6fdd55924c92d1ea974b9a5
workspace_mirror/work/local_llm_runtime/node_modules/ipull/dist/cli/commands/set.js,992,a745ff216962bbe491d5efc6d2c073bea51b46774eb2cea7943f30de5c706349
workspace_mirror/work/local_llm_runtime/node_modules/ipull/dist/cli/commands/set.js.map,951,b55a1440e5b09461a6f4323410c2834df4b398d408e27f1d939daed51db0a88d
workspace_mirror/work/local_llm_runtime/node_modules/ipull/dist/cli/utils/find-download-dir.d.ts,213,cb6196449d1fc672b9cc5c4ef234b1a3a8154f24197d4e88b643fc90e7331f6b
workspace_mirror/work/local_llm_runtime/node_modules/ipull/dist/cli/utils/find-download-dir.js,795,ba65e105c543e85cc5be612349a9d90258fad16ffb28a7eaffb9472ce2b726d0
workspace_mirror/work/local_llm_runtime/node_modules/ipull/dist/cli/utils/find-download-dir.js.map,984,82eb5fc1b562b42118c971b2baa436c825b5108f6ff0bf84cc2d31ebfd7b6941
workspace_mirror/work/local_llm_runtime/node_modules/ipull/dist/const.d.ts,117,c6b8a4fc3569dc15bf1a871371005becb54c75ecd92939929fdb7a37ca1a1af8
workspace_mirror/work/local_llm_runtime/node_modules/ipull/dist/const.js,345,8701c9cfbc033533758ca8e866dfa29ded3837579d05b0e3c1c417dab7565e15
workspace_mirror/work/local_llm_runtime/node_modules/ipull/dist/const.js.map,511,8efaf2bfb706cd0bab419abe8ff778c89d27b259f9fafaf541967a8c8099f6b1
workspace_mirror/work/local_llm_runtime/node_modules/ipull/dist/download/browser-download.d.ts,922,9e202ef3a0a80bf9700d17bbf66f6eed4fefabd293d0937f73292eca6177b1a3
workspace_mirror/work/local_llm_runtime/node_modules/ipull/dist/download/browser-download.js,1086,fd1015810ada072424f5f4a2dddfeeb985656a0fa12260c95bd6185b1f50555b
workspace_mirror/work/local_llm_runtime/node_modules/ipull/dist/download/browser-download.js.map,793,a4f05f4fb1eb753a2e70a77e76b50a06ad9211862c65315eda1fe14be0ea5701
workspace_mirror/work/local_llm_runtime/node_modules/ipull/dist/download/download-engine/download-file/download-engine-file.d.ts,2926,a14463725e77def29b4528119739834f3f4f25e263e3eb1303439c28b893a839
workspace_mirror/work/local_llm_runtime/node_modules/ipull/dist/download/download-engine/download-file/download-engine-file.js,10881,09054bb4b3e4d7a20d3b769a1b1b230a36dea05e7837b1af90ead36c4d2b6071
workspace_mirror/work/local_llm_runtime/node_modules/ipull/dist/download/download-engine/download-file/download-engine-file.js.map,10544,e3d4c1e286114109358df84ce7380533340d0bfdf89e878ba55eb850975a77d7
workspace_mirror/work/local_llm_runtime/node_modules/ipull/dist/download/download-engine/download-file/download-programs/base-download-program.d.ts,597,9b971f1fd752d156c6d5b50f222fa72ea583ebec02c2fa0b41ad5cd8e13d9b33
workspace_mirror/work/local_llm_runtime/node_modules/ipull/dist/download/download-engine/download-file/download-programs/base-download-program.js,1315,833ca8c1c973d8beb2647cb4c1a293f28ee483038a6221a71d6799a07fe3b13c
workspace_mirror/work/local_llm_runtime/node_modules/ipull/dist/download/download-engine/download-file/download-programs/base-download-program.js.map,1322,de8707044d5dbca0152bd28bc30f8af1204214479276f4f99d576ae94712f2a8
workspace_mirror/work/local_llm_runtime/node_modules/ipull/dist/download/download-engine/download-file/download-programs/download-program-chunks.d.ts,355,eb0329f968762d193a50288b9bb9238f32864db4ccab8bf60c6c0f9e198ca736
workspace_mirror/work/local_llm_runtime/node_modules/ipull/dist/download/download-engine/download-file/download-programs/download-program-chunks.js,610,30f5d6d779c69352bd4aed745b8ec0e63789e6f7acecb3b4a9903c00cc144f34
workspace_mirror/work/local_llm_runtime/node_modules/ipull/dist/download/download-engine/download-file/download-programs/download-program-chunks.js.map,682,2f8a788ed672db8e87ab53e3c1c4b05b484ea9f975d9e04f9020a66c5d53e51f
workspace_mirror/work/local_llm_runtime/node_modules/ipull/dist/download/download-engine/download-file/download-programs/download-program-stream.d.ts,386,ab5042a778804260b3072c05510c781db03b479c127e5d85c6d8533461f9cfe0
workspace_mirror/work/local_llm_runtime/node_modules/ipull/dist/download/download-engine/download-file/download-programs/download-program-stream.js,1328,a620ac73efbbd36f278644539dd5807302fd5eaa12d0c24692a1e6d458d00b0b
workspace_mirror/work/local_llm_runtime/node_modules/ipull/dist/download/download-engine/download-file/download-programs/download-program-stream.js.map,1485,25f00022469be2bf3c8e7fcb789582d1d9a5f689a6762a178bffb7b9149bbda6
workspace_mirror/work/local_llm_runtime/node_modules/ipull/dist/download/download-engine/download-file/download-programs/switch-program.d.ts,471,3e739d38d06fc1a896de5c1f66348d72e832bd018dfa0f4826e9a066296e6269
workspace_mirror/work/local_llm_runtime/node_modules/ipull/dist/download/download-engine/download-file/download-programs/switch-program.js,493,d8341fdad1a7bd828b2696865017ec683826ad7781169d9860ff856a29366424
workspace_mirror/work/local_llm_runtime/node_modules/ipull/dist/download/download-engine/download-file/download-programs/switch-program.js.map,513,471e1d60a83b279a0a1dec2b72bd3c87ebc5e52246d243ab5fedb687a2b23ef6
workspace_mirror/work/local_llm_runtime/node_modules/ipull/dist/download/download-engine/download-file/progress-status-file.d.ts,1491,da253a629dd307ffc24b740c9497fb6e0c75ddedd97e4b3edf10082c5b924fcf
workspace_mirror/work/local_llm_runtime/node_modules/ipull/dist/download/download-engine/download-file/progress-status-file.js,2091,8784277af0ea6151cb6443e5dee86ed9d6e34ec1222625778d75208687ca0954
workspace_mirror/work/local_llm_runtime/node_modules/ipull/dist/download/download-engine/download-file/progress-status-file.js.map,1833,7365eba0279cababa9562e23b952d8ddf6e60bca86086fe74fb963476e63fd9e
workspace_mirror/work/local_llm_runtime/node_modules/ipull/dist/download/download-engine/download-file/utils/push-comment.d.ts,83,3cb16462345ae80cdd98047df83ecab854cc170424996d8225a56767546e6781
workspace_mirror/work/local_llm_runtime/node_modules/ipull/dist/download/download-engine/download-file/utils/push-comment.js,197,5f12817246e7dfa22037ed83b556369fbba7c0a21fcab8fdf77fae9e616709c7
workspace_mirror/work/local_llm_runtime/node_modules/ipull/dist/download/download-engine/download-file/utils/push-comment.js.map,342,910ce23c3bff393887efe37f3aa28fa5b9f1a1058c2cd7616836d342c03da09a
workspace_mirror/work/local_llm_runtime/node_modules/ipull/dist/download/download-engine/engine/base-download-engine.d.ts,2396,8f821f5e07b835b2de58b5e70e716652614b882bdf9e5e877462650d0038cdce
workspace_mirror/work/local_llm_runtime/node_modules/ipull/dist/download/download-engine/engine/base-download-engine.js,4828,b7ac4c60fe6645200c2a8918ec80647c807752a07e1fcac8305115f9a32aa23e
workspace_mirror/work/local_llm_runtime/node_modules/ipull/dist/download/download-engine/engine/base-download-engine.js.map,4364,0c37c735d5ecbbdc3b9821f5607c4a5ea43bb093bae3fb0c66326f92a3f5f08d
workspace_mirror/work/local_llm_runtime/node_modules/ipull/dist/download/download-engine/engine/download-engine-browser.d.ts,2051,5ba690e8617096e293468dc54c9801ab5d83ce6c9c5f9355a3615b4c67c244fc
workspace_mirror/work/local_llm_runtime/node_modules/ipull/dist/download/download-engine/engine/download-engine-browser.js,2688,0b7f0f650e4e15cb0a176f537773afbe354067a46b87b625b716ae945c149c6d
workspace_mirror/work/local_llm_runtime/node_modules/ipull/dist/download/download-engine/engine/download-engine-browser.js.map,1934,2897dd5e8fd1d07fc18b77dfc7bffbb0c9be71b3cca45c7669e3c10f653c2bf2
workspace_mirror/work/local_llm_runtime/node_modules/ipull/dist/download/download-engine/engine/download-engine-multi-download.d.ts,2335,cfd9adca1a789122a3de3f646950937b59f558e77aa561c862af9679b1f8353b
workspace_mirror/work/local_llm_runtime/node_modules/ipull/dist/download/download-engine/engine/download-engine-multi-download.js,6070,824e2177bde70bd04ff06c644d4102c68e4148becf675e2ea7030ae692fd6f92
workspace_mirror/work/local_llm_runtime/node_modules/ipull/dist/download/download-engine/engine/download-engine-multi-download.js.map,5643,49e645f9df30f23f7744ff1b4d6bf061234d4732dd83596df39edd5bdc96832c
workspace_mirror/work/local_llm_runtime/node_modules/ipull/dist/download/download-engine/engine/download-engine-nodejs.d.ts,3220,da4a576f0e0fc15d27e0d9bf22afa82c3acfae4a489d02f372aaba740168ca27
workspace_mirror/work/local_llm_runtime/node_modules/ipull/dist/download/download-engine/engine/download-engine-nodejs.js,6958,388e413ede547d38f94126c9bde3856818b63e3f954858b5392e2fb5641e9851
workspace_mirror/work/local_llm_runtime/node_modules/ipull/dist/download/download-engine/engine/download-engine-nodejs.js.map,5428,3d90fb9f1f699d0698e560bad4e9bf61c7e47452cadc225a5e1ff5fe8d9747fd
workspace_mirror/work/local_llm_runtime/node_modules/ipull/dist/download/download-engine/engine/error/InvalidOptionError.d.ts,143,8a4c6bfdca38860fbda8f28afaa5cfe1a70e0db180b4a91ce784ccaa464ab5d3
workspace_mirror/work/local_llm_runtime/node_modules/ipull/dist/download/download-engine/engine/error/InvalidOptionError.js,204,7089ce5ee720add3de9a1384530fd7d9010f8e317d450208741698700e3959b6
workspace_mirror/work/local_llm_runtime/node_modules/ipull/dist/download/download-engine/engine/error/InvalidOptionError.js.map,305,551910fbfac70da5101954ca95ea957ee2ea0a0650b423ca3938d033fc8f2548
workspace_mirror/work/local_llm_runtime/node_modules/ipull/dist/download/download-engine/engine/error/download-already-started-error.d.ts,137,acf5ce0c6387fcaaada11d6d35d4b4f85690a9c34701cdfeb9786380123cc909
workspace_mirror/work/local_llm_runtime/node_modules/ipull/dist/download/download-engine/engine/error/download-already-started-error.js,245,4826f8bcd549f30d280e74a85a4f06441b99a66a59b39cbf549f8c8eb0e5d6e8
workspace_mirror/work/local_llm_runtime/node_modules/ipull/dist/download/download-engine/engine/error/download-already-started-error.js.map,330,70c7f1b0606db2fe23ca8bca360756e77a386ffb04ea5251a426725a32da0b05
workspace_mirror/work/local_llm_runtime/node_modules/ipull/dist/download/download-engine/engine/error/engine-error.d.ts,116,f3aa9d1cfdf6a3077f7716fd1f259a1723e7f7a7f9172916ec4d8c38ee3a9f15
workspace_mirror/work/local_llm_runtime/node_modules/ipull/dist/download/download-engine/engine/error/engine-error.js,156,b54fff079d9e100b448155626046385d500f7d405d9eab9fa53979e259a15cd5
workspace_mirror/work/local_llm_runtime/node_modules/ipull/dist/download/download-engine/engine/error/engine-error.js.map,243,cfcd5ce2a7ce658b4217e79a0be2a4d00aaa4e293910a9015dce161423729a00
workspace_mirror/work/local_llm_runtime/node_modules/ipull/dist/download/download-engine/engine/error/invalid-content-length-error.d.ts,146,1ea7e95684dc2e3a17643d8750065e4a447c5a0be20b9fa075c7d86e8eace446
workspace_mirror/work/local_llm_runtime/node_modules/ipull/dist/download/download-engine/engine/error/invalid-content-length-error.js,267,59b53ebb3ad982606fdab84d407bb0b90fe040f6e879a77aefb2f4481294450e
workspace_mirror/work/local_llm_runtime/node_modules/ipull/dist/download/download-engine/engine/error/invalid-content-length-error.js.map,347,7990734395cc648c4d43ca642e25cde565a656dde3573b7389be23413aa24d7a
workspace_mirror/work/local_llm_runtime/node_modules/ipull/dist/download/download-engine/engine/error/missing-event-error.d.ts,108,00c1ea900b372791dde1fbd646e2d418c9bfbc28ae2fb1c155f6d0d7e56ed97f
workspace_mirror/work/local_llm_runtime/node_modules/ipull/dist/download/download-engine/engine/error/missing-event-error.js,155,29cda3d610c18fa78ea5d8d6e0e7531ab9e6268cd408d6e8842fa53ef48bc72e
workspace_mirror/work/local_llm_runtime/node_modules/ipull/dist/download/download-engine/engine/error/missing-event-error.js.map,259,399011c95be2a29336ac8f31966882b5038ba14d3ad2b11d46c034703c110025
workspace_mirror/work/local_llm_runtime/node_modules/ipull/dist/download/download-engine/engine/error/no-download-engine-provided-error.d.ts,153,c75f2ba9ff8d027072d233e9309480a61b6591b240a71d50578811fcb6e85c5a
workspace_mirror/work/local_llm_runtime/node_modules/ipull/dist/download/download-engine/engine/error/no-download-engine-provided-error.js,280,b9e311f3d116976de387fc05bfab4b9bfc8b6c9dcc5317b4172fd4d247071956
workspace_mirror/work/local_llm_runtime/node_modules/ipull/dist/download/download-engine/engine/error/no-download-engine-provided-error.js.map,347,cd23dda7806f4f9edc96379d1163747a2def8b7e916e5160dcb7146da50d38f3
workspace_mirror/work/local_llm_runtime/node_modules/ipull/dist/download/download-engine/engine/error/save-path-error.d.ts,162,501fdbdfa40398c5b98e507dd6a959d7d7abf5653f1115ab42fb8f3727170412
workspace_mirror/work/local_llm_runtime/node_modules/ipull/dist/download/download-engine/engine/error/save-path-error.js,228,a6e07c54fa4179d4d1128b608a3636045d23deb3257a5662324a542d01372160
workspace_mirror/work/local_llm_runtime/node_modules/ipull/dist/download/download-engine/engine/error/save-path-error.js.map,321,cc57ee8e0e4907ef712457d907399efbfe10955f1afe9f2055ae74ea4da7b7d5
workspace_mirror/work/local_llm_runtime/node_modules/ipull/dist/download/download-engine/engine/error/url-input-error.d.ts,162,1c85ee283f288e6475adf0219c1ed98985e8ce430d3484efe8ff7e5d2f2394ed
workspace_mirror/work/local_llm_runtime/node_modules/ipull/dist/download/download-engine/engine/error/url-input-error.js,228,0e11d873593750a2fc4689076b1b1b7a6bca43edd1566d16cf86c67ab2c9586b
workspace_mirror/work/local_llm_runtime/node_modules/ipull/dist/download/download-engine/engine/error/url-input-error.js.map,321,d9b1838c792eae1411d93010065b17fa55ba52f5c25b69e3f9c4f7813bfd2d5d
workspace_mirror/work/local_llm_runtime/node_modules/ipull/dist/download/download-engine/engine/utils/concurrency.d.ts,144,2600ab1410a9c119a1813c67f34f9446c4e2331e7d9f80757d7c07f1226ec98a
workspace_mirror/work/local_llm_runtime/node_modules/ipull/dist/download/download-engine/engine/utils/concurrency.js,680,c5abd8524b3866bfbc9d7c690e9f093157c2450b68887cb521ddadda3c385fd7
workspace_mirror/work/local_llm_runtime/node_modules/ipull/dist/download/download-engine/engine/utils/concurrency.js.map,763,2087a15f88667b97c9f382e2f3202e56ca1d5ff26cdc519a1e3edaa876074aab
workspace_mirror/work/local_llm_runtime/node_modules/ipull/dist/download/download-engine/streams/download-engine-fetch-stream/base-download-engine-fetch-stream.d.ts,3071,2fb8afef96cede4a01f68644d0ec454ff61afe4f0bee65dc4d725d204fd55d7f
workspace_mirror/work/local_llm_runtime/node_modules/ipull/dist/download/download-engine/streams/download-engine-fetch-stream/base-download-engine-fetch-stream.js,5387,ad0b41bc19ea94c734ddca6bd8fe21544afaed8cb6ce88b9d4d1b2a99b8cc081
workspace_mirror/work/local_llm_runtime/node_modules/ipull/dist/download/download-engine/streams/download-engine-fetch-stream/base-download-engine-fetch-stream.js.map,5208,1ac8b4ca97831df71c380acf775894ed6da36315b2ed4bcc23c2441a8f2d9dc4
workspace_mirror/work/local_llm_runtime/node_modules/ipull/dist/download/download-engine/streams/download-engine-fetch-stream/download-engine-fetch-stream-fetch.d.ts,1060,e9d33404c09466c36b19c55103353d1114e80fde2c85ff13272d06977c007412
workspace_mirror/work/local_llm_runtime/node_modules/ipull/dist/download/download-engine/streams/download-engine-fetch-stream/download-engine-fetch-stream-fetch.js,5034,51218d1bf1858cfe58e84a3d8403946e149e932cd43235716d231a42eb0469a2
workspace_mirror/work/local_llm_runtime/node_modules/ipull/dist/download/download-engine/streams/download-engine-fetch-stream/download-engine-fetch-stream-fetch.js.map,4563,9b1e80fd352130a14c1e2418d0b9204637f0c6d0fde06aaad317e555cb29a006
workspace_mirror/work/local_llm_runtime/node_modules/ipull/dist/download/download-engine/streams/download-engine-fetch-stream/download-engine-fetch-stream-local-file.d.ts,567,e58012455fdb9946f38ad810797c2abb6ef0856dd72694bb455dbc02b6f59219
workspace_mirror/work/local_llm_runtime/node_modules/ipull/dist/download/download-engine/streams/download-engine-fetch-stream/download-engine-fetch-stream-local-file.js,1964,933a6f71e21d26dc495d9460d1c290c497d5a016dff9652ef99449128dabb163
workspace_mirror/work/local_llm_runtime/node_modules/ipull/dist/download/download-engine/streams/download-engine-fetch-stream/download-engine-fetch-stream-local-file.js.map,2096,e7f83089538ac0f82f4b72f86366b1e9949b6875a62c32bb8dac79caf7ebb859
workspace_mirror/work/local_llm_runtime/node_modules/ipull/dist/download/download-engine/streams/download-engine-fetch-stream/download-engine-fetch-stream-xhr.d.ts,1443,ba7dade1d1d15231e555f1da6c325594bcebb36e34c1d9157f6a259f566a2efe
workspace_mirror/work/local_llm_runtime/node_modules/ipull/dist/download/download-engine/streams/download-engine-fetch-stream/download-engine-fetch-stream-xhr.js,8258,2bf91d7ea4e19dd6c517bcff36321c03983da252c39b1227f21737d6c687c018
workspace_mirror/work/local_llm_runtime/node_modules/ipull/dist/download/download-engine/streams/download-engine-fetch-stream/download-engine-fetch-stream-xhr.js.map,7730,1888260d8ecd1b41274682f0fb597c73fa8fb375587938b1804e95e239dbfb15
workspace_mirror/work/local_llm_runtime/node_modules/ipull/dist/download/download-engine/streams/download-engine-fetch-stream/errors/empty-response-error.d.ts,288,e89cfacd2120ff9908aa9d214ebb0b5a4a956048cbe9a5ba6a89c268dbab578f
workspace_mirror/work/local_llm_runtime/node_modules/ipull/dist/download/download-engine/streams/download-engine-fetch-stream/errors/empty-response-error.js,303,eabee9ff5b18742b5b3c44e284bd0bcb9500905af5da9071a985a4acf330e2fb
workspace_mirror/work/local_llm_runtime/node_modules/ipull/dist/download/download-engine/streams/download-engine-fetch-stream/errors/empty-response-error.js.map,413,4b15f9c71ee8cafe8e709a3268054388e439f9d0746d7478fec1580d6ba7ac19
workspace_mirror/work/local_llm_runtime/node_modules/ipull/dist/download/download-engine/streams/download-engine-fetch-stream/errors/fetch-stream-error.d.ts,124,50b2d59bdb46588f9e6a606e4db5239d8d85981ce1de6996946f2039a8c96b48
workspace_mirror/work/local_llm_runtime/node_modules/ipull/dist/download/download-engine/streams/download-engine-fetch-stream/errors/fetch-stream-error.js,170,c2c3ff5d9adf21d5e73796c7cd591d2a975fd971078e078ca7f2003fe1e412b4
workspace_mirror/work/local_llm_runtime/node_modules/ipull/dist/download/download-engine/streams/download-engine-fetch-stream/errors/fetch-stream-error.js.map,291,1c10c98366cdfde7b99cacb1e54e854cf26244f161608ca246e1e7fc02fb798a
workspace_mirror/work/local_llm_runtime/node_modules/ipull/dist/download/download-engine/streams/download-engine-fetch-stream/errors/http-error.d.ts,192,2c3210c5fa87164c2c74797f315aa4e644742d037141728451e5f77064901a40
workspace_mirror/work/local_llm_runtime/node_modules/ipull/dist/download/download-engine/streams/download-engine-fetch-stream/errors/http-error.js,230,9035c2527e03b050af88e93fc7a8d3e690278d2e3e4a97241530e422725898fc
workspace_mirror/work/local_llm_runtime/node_modules/ipull/dist/download/download-engine/streams/download-engine-fetch-stream/errors/http-error.js.map,289,d365290517cbaa0ef78b7911e1e722d22f55ebed3a31d42c8dbd4c6a41697e13
workspace_mirror/work/local_llm_runtime/node_modules/ipull/dist/download/download-engine/streams/download-engine-fetch-stream/errors/invalid-content-length-error.d.ts,179,b16acffaf0c33a7d05a2c0bcfd17b6a732c71bce3006f1d264dfd425d041de52
workspace_mirror/work/local_llm_runtime/node_modules/ipull/dist/download/download-engine/streams/download-engine-fetch-stream/errors/invalid-content-length-error.js,454,0482efe9411efffea7141751ab9162b10395e64e2a6c9863751d67ceece51cf0
workspace_mirror/work/local_llm_runtime/node_modules/ipull/dist/download/download-engine/streams/download-engine-fetch-stream/errors/invalid-content-length-error.js.map,405,865402b84296349f7c27868cc0502e3bef4fd10aa1c05da7b7a1bd3df4c0cb55
workspace_mirror/work/local_llm_runtime/node_modules/ipull/dist/download/download-engine/streams/download-engine-fetch-stream/errors/path-not-a-file-error.d.ts,155,85872ed94f3ff52ba0d50dca63e9d15f9725c04eee64695c849e371de44f6b82
workspace_mirror/work/local_llm_runtime/node_modules/ipull/dist/download/download-engine/streams/download-engine-fetch-stream/errors/path-not-a-file-error.js,249,c45ef0517e48d10060ceae41dc8ca656e982972c8e9293cffffe605eb6f1cba8
workspace_mirror/work/local_llm_runtime/node_modules/ipull/dist/download/download-engine/streams/download-engine-fetch-stream/errors/path-not-a-file-error.js.map,371,9072307aa68d4ba9c4ac497a2544dcdc9f1516d471f69b760a5902c5e44f902b
workspace_mirror/work/local_llm_runtime/node_modules/ipull/dist/download/download-engine/streams/download-engine-fetch-stream/errors/status-code-error.d.ts,598,459466d82e14e90c265267e25d457d7a20a6bc8f331017a0c70c63bf610be5e4
workspace_mirror/work/local_llm_runtime/node_modules/ipull/dist/download/download-engine/streams/download-engine-fetch-stream/errors/status-code-error.js,1085,c48769e1a07984a23340b6cfff658e517d25409796eaac4b83024f804f5783d8
workspace_mirror/work/local_llm_runtime/node_modules/ipull/dist/download/download-engine/streams/download-engine-fetch-stream/errors/status-code-error.js.map,1102,c42776f594d0e250383e3fb1b22dccc205b5089f4fda9dac6a2aa533c6775ed5
workspace_mirror/work/local_llm_runtime/node_modules/ipull/dist/download/download-engine/streams/download-engine-fetch-stream/errors/xhr-error.d.ts,115,27915e3dc06a8ec63763e4edb935fc1e92c9cb6d772e56996a561d54aa6468fd
workspace_mirror/work/local_llm_runtime/node_modules/ipull/dist/download/download-engine/streams/download-engine-fetch-stream/errors/xhr-error.js,152,2a1acd0c598cfa7bab37cd8be4cd0702858fbe9bb015fa85392642a06741c222
workspace_mirror/work/local_llm_runtime/node_modules/ipull/dist/download/download-engine/streams/download-engine-fetch-stream/errors/xhr-error.js.map,275,5637d90573ea5fba683f7d2770241238398d394a44739f28c12eb263b15c3b49
workspace_mirror/work/local_llm_runtime/node_modules/ipull/dist/download/download-engine/streams/download-engine-fetch-stream/utils/browserCheck.d.ts,49,2e757af22b7f23efca1ab503f2d36c0d940f9ec4692fbe5b7a4ec043c5e689fa
workspace_mirror/work/local_llm_runtime/node_modules/ipull/dist/download/download-engine/streams/download-engine-fetch-stream/utils/browserCheck.js,159,04481ea3835d9c6a0b0d7d4a03c9bdfdf07fa2facfbb4fb364575aa4da4681ba
workspace_mirror/work/local_llm_runtime/node_modules/ipull/dist/download/download-engine/streams/download-engine-fetch-stream/utils/browserCheck.js.map,300,65171ad914dbb5fd1d7e6fc46f1065af4b369f08bbdbe1d0aaffbd877c29bd08
workspace_mirror/work/local_llm_runtime/node_modules/ipull/dist/download/download-engine/streams/download-engine-fetch-stream/utils/content-disposition.d.ts,93,3f5d028b304132a41ba2b2bf649ad4593b957804fbcd3cf350f2b2cfb2481c8b
workspace_mirror/work/local_llm_runtime/node_modules/ipull/dist/download/download-engine/streams/download-engine-fetch-stream/utils/content-disposition.js,334,d8b9fd76e706b7f141a721d96747fe3952afdbed95b051bb2b6c011b9d3cf333
workspace_mirror/work/local_llm_runtime/node_modules/ipull/dist/download/download-engine/streams/download-engine-fetch-stream/utils/content-disposition.js.map,522,963f5be58e27a45994f12d7ef0bd25eb4bf40860407b90a54ff9729d2e31ff07
workspace_mirror/work/local_llm_runtime/node_modules/ipull/dist/download/download-engine/streams/download-engine-fetch-stream/utils/httpRange.d.ts,156,527353d1c6a0f095c58bfc0898806735d59a044c0d7d31bb35b5be37cc46eb04
workspace_mirror/work/local_llm_runtime/node_modules/ipull/dist/download/download-engine/streams/download-engine-fetch-stream/utils/httpRange.js,547,0bbbb26e9b11e5dfdec40a7336aa9542fe37cbd7aefae1e9f33062250013bce5
workspace_mirror/work/local_llm_runtime/node_modules/ipull/dist/download/download-engine/streams/download-engine-fetch-stream/utils/httpRange.js.map,809,55d56bfd26a9ffa56346ac549091c358465c8e26ad4523e323bd95af96abd723
workspace_mirror/work/local_llm_runtime/node_modules/ipull/dist/download/download-engine/streams/download-engine-fetch-stream/utils/retry-async-statement.d.ts,322,6173f37181ab0758792cfd8dfe98adec4ea24f59a33490c4c72dd46f52129962
workspace_mirror/work/local_llm_runtime/node_modules/ipull/dist/download/download-engine/streams/download-engine-fetch-stream/utils/retry-async-statement.js,1305,faf12e5348d93e73c7751d13e33293d63211d2cb7cd4ef429f69f298ae9fc570
workspace_mirror/work/local_llm_runtime/node_modules/ipull/dist/download/download-engine/streams/download-engine-fetch-stream/utils/retry-async-statement.js.map,1493,74b19e58998f11a36be53b341ceb103c2b0590baef83e24b2381b67dcc3ead19
workspace_mirror/work/local_llm_runtime/node_modules/ipull/dist/download/download-engine/streams/download-engine-fetch-stream/utils/smart-chunk-split.d.ts,546,1167fa8197bd9b2ed566b753edffa71de5f2464e9ed9b8ff751707080f12488e
workspace_mirror/work/local_llm_runtime/node_modules/ipull/dist/download/download-engine/streams/download-engine-fetch-stream/utils/smart-chunk-split.js,1765,ee0803578668291177123bc58c33fed5d209e0c9088013519f1cd5502be3dc15
workspace_mirror/work/local_llm_runtime/node_modules/ipull/dist/download/download-engine/streams/download-engine-fetch-stream/utils/smart-chunk-split.js.map,1970,17aa8f4c386b914d32cb35997e7060f0697c09dc040bed62d114af77355e6a25
workspace_mirror/work/local_llm_runtime/node_modules/ipull/dist/download/download-engine/streams/download-engine-fetch-stream/utils/stream-response.d.ts,658,2d244d3d73d49e0c11c51f8de51310faf47e814b819e308ef055994f348a6522
workspace_mirror/work/local_llm_runtime/node_modules/ipull/dist/download/download-engine/streams/download-engine-fetch-stream/utils/stream-response.js,1043,c6baed89b249ef2009f2a3ccff8b3f0c53453521abcefc9e14c9e8632b77a6ad
workspace_mirror/work/local_llm_runtime/node_modules/ipull/dist/download/download-engine/streams/download-engine-fetch-stream/utils/stream-response.js.map,1400,22ad802faed1312bba5c9092c7cb725bdaf089bbff2c734428a782d50bfd4ae6
workspace_mirror/work/local_llm_runtime/node_modules/ipull/dist/download/download-engine/streams/download-engine-write-stream/base-download-engine-write-stream.d.ts,177,f365355d0b7d16718feb1d71b95df86643b9853670a649c587dfbaebc743e647
workspace_mirror/work/local_llm_runtime/node_modules/ipull/dist/download/download-engine/streams/download-engine-write-stream/base-download-engine-write-stream.js,136,44913508812cbfaa5fff8b369195b202864b3c6a472f78c7e0aba1c682093634
workspace_mirror/work/local_llm_runtime/node_modules/ipull/dist/download/download-engine/streams/download-engine-write-stream/base-download-engine-write-stream.js.map,290,10a4c2a2e33fad2a79d3f292340cb91096fdb2456f359a07957a2fc9237a64c0
workspace_mirror/work/local_llm_runtime/node_modules/ipull/dist/download/download-engine/streams/download-engine-write-stream/download-engine-write-stream-browser.d.ts,1130,47cc91d0d0fcd82f58479ec544595893a8400cb1079efad2ffc4cc3a960e00cd
workspace_mirror/work/local_llm_runtime/node_modules/ipull/dist/download/download-engine/streams/download-engine-write-stream/download-engine-write-stream-browser.js,1851,41e321751eb41e4c61fd96983c5ad7f273737966ebdbb4b947f6c26229f05377
workspace_mirror/work/local_llm_runtime/node_modules/ipull/dist/download/download-engine/streams/download-engine-write-stream/download-engine-write-stream-browser.js.map,1936,4853157be32b4433c78e00ed6453f57ba1d9f197bb6a58f40be33a6200eb87fb
workspace_mirror/work/local_llm_runtime/node_modules/ipull/dist/download/download-engine/streams/download-engine-write-stream/download-engine-write-stream-nodejs.d.ts,994,43c0f5e120c2ba382b171862ba426b142df63f6162a8efac09431d9fd368d100
workspace_mirror/work/local_llm_runtime/node_modules/ipull/dist/download/download-engine/streams/download-engine-write-stream/download-engine-write-stream-nodejs.js,4185,eddb74c949e912ba268d037f548f13568a7494af43e299bf973a70eda5b3e5be
workspace_mirror/work/local_llm_runtime/node_modules/ipull/dist/download/download-engine/streams/download-engine-write-stream/download-engine-write-stream-nodejs.js.map,4281,ae9fa232c658dd3990e7fdbca30c14017c4d6763a783012d70e71729d00e88bc
workspace_mirror/work/local_llm_runtime/node_modules/ipull/dist/download/download-engine/streams/download-engine-write-stream/errors/writer-error.d.ts,154,1c76562648d1524304759e7a2c9ec6f5703fb82f3c607f63afb40caf2b66de2c
workspace_mirror/work/local_llm_runtime/node_modules/ipull/dist/download/download-engine/streams/download-engine-write-stream/errors/writer-error.js,233,016a2fb0d67232734fdd7cb7b87593e32d04e062d49e655eef72c0262e16c6f3
workspace_mirror/work/local_llm_runtime/node_modules/ipull/dist/download/download-engine/streams/download-engine-write-stream/errors/writer-error.js.map,345,a49410f93007d9801ff92aaa160c01a5a7b488fe564b87dfc4356262eeb21ff3
workspace_mirror/work/local_llm_runtime/node_modules/ipull/dist/download/download-engine/streams/download-engine-write-stream/errors/writer-is-closed-error.d.ts,145,6e771edf8bbcd2fc7c8ce0cc13ce00736e05c7f291c40e542893ae534807dd19
workspace_mirror/work/local_llm_runtime/node_modules/ipull/dist/download/download-engine/streams/download-engine-write-stream/errors/writer-is-closed-error.js,238,db824d76d416ecd65ca5193edb653a91cd1d490f2f65e89a7295786b8c965dfa
workspace_mirror/work/local_llm_runtime/node_modules/ipull/dist/download/download-engine/streams/download-engine-write-stream/errors/writer-is-closed-error.js.map,369,a083a5e802edf3cef67361d5eda9ffca63ce08df09867ad5b816f06625ea620b
workspace_mirror/work/local_llm_runtime/node_modules/ipull/dist/download/download-engine/streams/download-engine-write-stream/errors/writer-not-define-error.d.ts,146,ee199ebb3fab90badcc912693c427f576de596d229089ef653cd84febc375a48
workspace_mirror/work/local_llm_runtime/node_modules/ipull/dist/download/download-engine/streams/download-engine-write-stream/errors/writer-not-define-error.js,245,aaafe7459e8ecca19c1f1ce0c4581502cb8303874ee7138d6e245b47336ac1d6
workspace_mirror/work/local_llm_runtime/node_modules/ipull/dist/download/download-engine/streams/download-engine-write-stream/errors/writer-not-define-error.js.map,371,c0304541809ce1374efeed3a4d3e75518ccced1e5de71f7ae775b2166dbbb4ff
workspace_mirror/work/local_llm_runtime/node_modules/ipull/dist/download/download-engine/types.d.ts,489,efd6f4ada0514dc628388a615a8e884acd2ce7c2754449bc53d78f26cd7b405f
workspace_mirror/work/local_llm_runtime/node_modules/ipull/dist/download/download-engine/types.js,311,88fe62fb999b13930cc0835792c1b36e2a02cfac289314574eef06e22413b8c5
workspace_mirror/work/local_llm_runtime/node_modules/ipull/dist/download/download-engine/types.js.map,257,ddea687d91e017d54fb7f0b96089ad4853883fb7aa3682cff490d77dfaa398aa
workspace_mirror/work/local_llm_runtime/node_modules/ipull/dist/download/node-download.d.ts,1361,686b0480e81202417b7f7d12ec3779a17cdd0c14d987530d184f70602465b5d6
workspace_mirror/work/local_llm_runtime/node_modules/ipull/dist/download/node-download.js,1873,b9a48f4e10b33c3e8d1d95e339805de1791182d24ec41850398c452c22dc0584
workspace_mirror/work/local_llm_runtime/node_modules/ipull/dist/download/node-download.js.map,1428,cdbf33f12c1fc3b77459334b407c312ef405ccc0ee914c28fee8d3ff0a85123f
workspace_mirror/work/local_llm_runtime/node_modules/ipull/dist/download/transfer-visualize/format-transfer-status.d.ts,757,c422d01aaefa2c64849d5ba578974f56160121b28483958b483b478515e1ee25
workspace_mirror/work/local_llm_runtime/node_modules/ipull/dist/download/transfer-visualize/format-transfer-status.js,2364,905aeb43a721d5ea03d85585f6819dac7d12495c0d539f7f25a7f23c972ba962
workspace_mirror/work/local_llm_runtime/node_modules/ipull/dist/download/transfer-visualize/format-transfer-status.js.map,2184,145f2b4d91072b866feefd1548301322ae0f8565da99b45389c70e1dbaf13ab2
workspace_mirror/work/local_llm_runtime/node_modules/ipull/dist/download/transfer-visualize/progress-statistics-builder.d.ts,1573,15214e2d773e4a5cff3679f9cc090cdd9a4cb7922ed1fe0d19ac6a38f1d7b8f8
workspace_mirror/work/local_llm_runtime/node_modules/ipull/dist/download/transfer-visualize/progress-statistics-builder.js,3847,78d399c85691e990337142259b2fddefa08837f08a00c9f5cd92f150c3e1ca50
workspace_mirror/work/local_llm_runtime/node_modules/ipull/dist/download/transfer-visualize/progress-statistics-builder.js.map,3504,7c5f6d8b5ff506cb08a8025c23cf666915f052bc66c7acad86e0ae39058501ba
workspace_mirror/work/local_llm_runtime/node_modules/ipull/dist/download/transfer-visualize/transfer-cli/cli-animation-wrapper.d.ts,1325,c9b34c12ece9b88ec7f5bd4f3a971a19679273350d911a863377fdb02fe3e774
workspace_mirror/work/local_llm_runtime/node_modules/ipull/dist/download/transfer-visualize/transfer-cli/cli-animation-wrapper.js,2296,21d391673e25c3ada0be1f02de27595fc2b712b9cb3d49174918b5c6e57a65ad
workspace_mirror/work/local_llm_runtime/node_modules/ipull/dist/download/transfer-visualize/transfer-cli/cli-animation-wrapper.js.map,2208,75f76bb2f7e0537ec16343819db6fce9669ac1a228086ee6ae9ecdb03699af18
workspace_mirror/work/local_llm_runtime/node_modules/ipull/dist/download/transfer-visualize/transfer-cli/loading-animation/base-loading-animation.d.ts,766,d9599a4960fee76aa0772a99fcc157b6894e1c7176b4e0f48f0a00c36e71b1af
workspace_mirror/work/local_llm_runtime/node_modules/ipull/dist/download/transfer-visualize/transfer-cli/loading-animation/base-loading-animation.js,1580,4923709f8d7bb8dc6d3a18bae51c0c1136be59822ced815864b0614816e58512
workspace_mirror/work/local_llm_runtime/node_modules/ipull/dist/download/transfer-visualize/transfer-cli/loading-animation/base-loading-animation.js.map,1726,5a911ad4c7b3b2221607324f6bcac7fa349bbc8c905d3e40c7cb75cec175d85c
workspace_mirror/work/local_llm_runtime/node_modules/ipull/dist/download/transfer-visualize/transfer-cli/loading-animation/cli-spinners-loading-animation.d.ts,376,41e961e06ceeb88d177b1535a43483eef4d8a1348b781a2a0cbedb4c2cb386de
workspace_mirror/work/local_llm_runtime/node_modules/ipull/dist/download/transfer-visualize/transfer-cli/loading-animation/cli-spinners-loading-animation.js,782,2b77d801db759bd78fa559c5d2ceb83643c14a0de858da90679babdb17d42486
workspace_mirror/work/local_llm_runtime/node_modules/ipull/dist/download/transfer-visualize/transfer-cli/loading-animation/cli-spinners-loading-animation.js.map,894,51f258608b7931f240cceca02257afb78e589a4d71ee80f5bc040ac1a59f3f1e
workspace_mirror/work/local_llm_runtime/node_modules/ipull/dist/download/transfer-visualize/transfer-cli/multiProgressBars/BaseMultiProgressBar.d.ts,1076,8af90372f6a7711df74db2f38acc3977d8a8c30080ddd9068b2e4a7845e75a99
workspace_mirror/work/local_llm_runtime/node_modules/ipull/dist/download/transfer-visualize/transfer-cli/multiProgressBars/BaseMultiProgressBar.js,2556,d52b22b20892f3b28d552d86de2d9826c6900c88a72f43ecd49fe04794c0d6a0
workspace_mirror/work/local_llm_runtime/node_modules/ipull/dist/download/transfer-visualize/transfer-cli/multiProgressBars/BaseMultiProgressBar.js.map,2382,4308ff0187b137448c21ee402448fcf69d57281b7fa9bb0464bd68b85682f994
workspace_mirror/work/local_llm_runtime/node_modules/ipull/dist/download/transfer-visualize/transfer-cli/multiProgressBars/CIMultiProgressBar.d.ts,219,d2a83c1746a25ee1dd090d1c3eb6fda751f74311f942f049d9af7b4e08c4a688
workspace_mirror/work/local_llm_runtime/node_modules/ipull/dist/download/transfer-visualize/transfer-cli/multiProgressBars/CIMultiProgressBar.js,296,854e47f0e83a08aee7d412c95d61a58c28ad0ce2d9fd9513ff7bb2616487d535
workspace_mirror/work/local_llm_runtime/node_modules/ipull/dist/download/transfer-visualize/transfer-cli/multiProgressBars/CIMultiProgressBar.js.map,394,e4363c93bc76f9834f918040e861e1a87676a0b043ad2aaf467ac67e5c977abf
workspace_mirror/work/local_llm_runtime/node_modules/ipull/dist/download/transfer-visualize/transfer-cli/multiProgressBars/SummaryMultiProgressBar.d.ts,470,1a6d8cad8e85f91b84475af8dfa57467afcea1ee131e19958d51b9098ec518f6
workspace_mirror/work/local_llm_runtime/node_modules/ipull/dist/download/transfer-visualize/transfer-cli/multiProgressBars/SummaryMultiProgressBar.js,1884,780c9d8945c3bb00ebcd45957e1b97bb5779168a4cfbfc98663a057b45d1c2ca
workspace_mirror/work/local_llm_runtime/node_modules/ipull/dist/download/transfer-visualize/transfer-cli/multiProgressBars/SummaryMultiProgressBar.js.map,1824,32952aa5f8810ff289815e883be03fe8424ffe650524e01e910f810a7da025f9
workspace_mirror/work/local_llm_runtime/node_modules/ipull/dist/download/transfer-visualize/transfer-cli/progress-bars/base-transfer-cli-progress-bar.d.ts,1739,025185c8c04d6e27bf4ce65a38e9808c612869916449117679cdf0c10276ee55
workspace_mirror/work/local_llm_runtime/node_modules/ipull/dist/download/transfer-visualize/transfer-cli/progress-bars/base-transfer-cli-progress-bar.js,10230,11eb175309ea71ce998a02d5d488a0df921e71f4de0026dc8af591ecba329701
workspace_mirror/work/local_llm_runtime/node_modules/ipull/dist/download/transfer-visualize/transfer-cli/progress-bars/base-transfer-cli-progress-bar.js.map,8604,a091aefd9b4169d2e548aa14dff5c467267d320c71b8b6bfbfbf3847ae05f5ff
workspace_mirror/work/local_llm_runtime/node_modules/ipull/dist/download/transfer-visualize/transfer-cli/progress-bars/ci-transfer-cli-progress-bar.d.ts,329,2a925c47f5a0186b929f378f60233ecf642ebc22c87b05e55809e1e346b4d71e
workspace_mirror/work/local_llm_runtime/node_modules/ipull/dist/download/transfer-visualize/transfer-cli/progress-bars/ci-transfer-cli-progress-bar.js,417,3f3dfe20f0e533c5250b53fff6e5863ebeee43412e089e01ca6f0564115a3cb5
workspace_mirror/work/local_llm_runtime/node_modules/ipull/dist/download/transfer-visualize/transfer-cli/progress-bars/ci-transfer-cli-progress-bar.js.map,431,12dd5e7faf0a4ea9aba87fa4fc46d487c2912ec0d8d94af80792d9f273ba7ffc
workspace_mirror/work/local_llm_runtime/node_modules/ipull/dist/download/transfer-visualize/transfer-cli/progress-bars/fancy-transfer-cli-progress-bar.d.ts,405,1e5ec9b39fda6845f82edb4056e25d603e1956bb02f0360eb7593c051dadd690
workspace_mirror/work/local_llm_runtime/node_modules/ipull/dist/download/transfer-visualize/transfer-cli/progress-bars/fancy-transfer-cli-progress-bar.js,5792,1e413ff2c5698ccaa4a9f9a6bdd30bbd802d987033a9084d932e5de3ca866029
workspace_mirror/work/local_llm_runtime/node_modules/ipull/dist/download/transfer-visualize/transfer-cli/progress-bars/fancy-transfer-cli-progress-bar.js.map,4798,4957580334024d8f9dd33f3cad9427adf3e1502c1b137983cd5401bf54c93398
workspace_mirror/work/local_llm_runtime/node_modules/ipull/dist/download/transfer-visualize/transfer-cli/progress-bars/summary-transfer-cli-progress-bar.d.ts,464,4c9c21e1035b9f0f9dbea6b78d336b39f60315c124ae827ea63019a79c338e91
workspace_mirror/work/local_llm_runtime/node_modules/ipull/dist/download/transfer-visualize/transfer-cli/progress-bars/summary-transfer-cli-progress-bar.js,3540,a9af66f30c7824dab5e451b269a7796976feb7fe40110f8e80f2711aef970ec5
workspace_mirror/work/local_llm_runtime/node_modules/ipull/dist/download/transfer-visualize/transfer-cli/progress-bars/summary-transfer-cli-progress-bar.js.map,2790,a02570fde01aa1b947e4dd06149b407f1a9789b0cd0202d213d5babd074140dc
workspace_mirror/work/local_llm_runtime/node_modules/ipull/dist/download/transfer-visualize/transfer-cli/progress-bars/switch-cli-progress-style.d.ts,323,25d7db8b1ae3413818572c784d773cefade2071939d07d78c6a9d2216fbd3f92
workspace_mirror/work/local_llm_runtime/node_modules/ipull/dist/download/transfer-visualize/transfer-cli/progress-bars/switch-cli-progress-style.js,1163,a7a9a3676be5882287b8f439b59a91fd9d19e06297b274160ac3dee0054dc7fc
workspace_mirror/work/local_llm_runtime/node_modules/ipull/dist/download/transfer-visualize/transfer-cli/progress-bars/switch-cli-progress-style.js.map,998,b115baa3a6e70e85cce884139bf105406baa683606c29f0800288c24d07a4b50
workspace_mirror/work/local_llm_runtime/node_modules/ipull/dist/download/transfer-visualize/transfer-cli/transfer-cli.d.ts,1676,bbd102983b5392b08f2b2e56a411f7e443e0600970547a7374a151f75d9744f6
workspace_mirror/work/local_llm_runtime/node_modules/ipull/dist/download/transfer-visualize/transfer-cli/transfer-cli.js,3806,5241dea5c3a467d175488ce7e335dd748b462ca60f503d577dc654e1f0ac949f
workspace_mirror/work/local_llm_runtime/node_modules/ipull/dist/download/transfer-visualize/transfer-cli/transfer-cli.js.map,3416,656cebab0cc351c3242eafe1859c25c7d1f98b355e6d68378c5ffd4d6ac36ed2
workspace_mirror/work/local_llm_runtime/node_modules/ipull/dist/download/transfer-visualize/transfer-statistics.d.ts,1017,3295509c610b7a82d3c4d6b57d20ebed39e648e696337c1920654ff4630a771c
workspace_mirror/work/local_llm_runtime/node_modules/ipull/dist/download/transfer-visualize/transfer-statistics.js,2314,543d3a991909b2d8a27bca744f581ee6128057f43aa45de1ba14f89e30917d83
workspace_mirror/work/local_llm_runtime/node_modules/ipull/dist/download/transfer-visualize/transfer-statistics.js.map,1939,f8adfabe6548ff282ac2724c36befda355578654b3de6798b405b384b7626e62
workspace_mirror/work/local_llm_runtime/node_modules/ipull/dist/download/transfer-visualize/utils/cli-text.d.ts,205,8b731f8ff1681669049af4e2a873851a7d59959b51507ea39ff7833cb9713812
workspace_mirror/work/local_llm_runtime/node_modules/ipull/dist/download/transfer-visualize/utils/cli-text.js,775,e55f90caaf23d27c6667131b4b292e3c9b85fc3d81935a7f9c509659a77fbb85
workspace_mirror/work/local_llm_runtime/node_modules/ipull/dist/download/transfer-visualize/utils/cli-text.js.map,1028,9f034852a71f1fd4f449fc3caeff6e6f10decd98026b7739ec5095315a92d129
workspace_mirror/work/local_llm_runtime/node_modules/ipull/dist/download/transfer-visualize/utils/data-line.d.ts,1021,e62bdca143009d5325fef100cb1051bf21a218fcd2767926b00127644238ccb5
workspace_mirror/work/local_llm_runtime/node_modules/ipull/dist/download/transfer-visualize/utils/data-line.js,2382,b7d5a04827ad5a3a67a2205d125a8f259bce4e64c81d240ac0562ba494438d63
workspace_mirror/work/local_llm_runtime/node_modules/ipull/dist/download/transfer-visualize/utils/data-line.js.map,2774,49cf14503eb4cf47c030471504f5c6f04848522944a754455a7ffc157920bd28
workspace_mirror/work/local_llm_runtime/node_modules/ipull/dist/download/transfer-visualize/utils/numbers.d.ts,82,9172e4133c6d8b7587dfb849e0e7b07855169ac340e9ea75602eb82264ef4d45
workspace_mirror/work/local_llm_runtime/node_modules/ipull/dist/download/transfer-visualize/utils/numbers.js,149,387e33a1ab1093b6dc8135828c551eaa683d1fadd284942bba682b5fbdd5061a
workspace_mirror/work/local_llm_runtime/node_modules/ipull/dist/download/transfer-visualize/utils/numbers.js.map,330,966fbe1f36d8b5a8bc1d6cb562aae0ecb43864c7ff846e39aa0612cd1da190eb
workspace_mirror/work/local_llm_runtime/node_modules/ipull/dist/download/transfer-visualize/utils/progressBarIcons.d.ts,127,9cee62ae21c15b74def9158b63822be9ea880c6895d53a87e90b59b4f2f64302
workspace_mirror/work/local_llm_runtime/node_modules/ipull/dist/download/transfer-visualize/utils/progressBarIcons.js,508,5e7b1d7d456ce6a9b75e810f94ff5d2db814477629575ea67b994027189df29b
workspace_mirror/work/local_llm_runtime/node_modules/ipull/dist/download/transfer-visualize/utils/progressBarIcons.js.map,708,28d383808ccabfc4ef51fcc5a7a8b77fdeaeeae9242edd68f5d6e88ad9d08802
workspace_mirror/work/local_llm_runtime/node_modules/ipull/dist/errors/ipull-error.d.ts,50,cbd53de6106df6a2aa75b6bae7ca24b6afacd6dde577edd5999862cb5a00825b
workspace_mirror/work/local_llm_runtime/node_modules/ipull/dist/errors/ipull-error.js,89,1ac7fdf0d98918e3488071cf60ad72f767e962a43a801e306081fabada2c82c3
workspace_mirror/work/local_llm_runtime/node_modules/ipull/dist/errors/ipull-error.js.map,168,0898005ce07bbd81c63a1319d43f64d62db3ff2bd0f6589918a3eb1658819db2
workspace_mirror/work/local_llm_runtime/node_modules/ipull/dist/index.d.ts,2564,bbcead68ec95e26dc883df086d30828f0a55f7da592cc61fa9f5d0983ab98e79
workspace_mirror/work/local_llm_runtime/node_modules/ipull/dist/index.js,1871,52906fbcf142ac0cacdb638f614faa36362d1bca480eb572eed0d1bdddaa6b7d
workspace_mirror/work/local_llm_runtime/node_modules/ipull/dist/index.js.map,856,cfd5aef487a54c50921dfbf2fa2a2f64e4a43154f87a1bb3d276da630723369a
workspace_mirror/work/local_llm_runtime/node_modules/ipull/dist/settings/settings.d.ts,102,0497d6d657a828f364788afb9eec2081db379fa7c440065beeb903e9edbb3251
workspace_mirror/work/local_llm_runtime/node_modules/ipull/dist/settings/settings.js,221,9d5c2961da36b110ae9e7815a8d3e776dd75b95b73869b78a2344ed7ef3ba1dd
workspace_mirror/work/local_llm_runtime/node_modules/ipull/dist/settings/settings.js.map,344,f3b0b48bdd299728d293cb51dd61f601a96542a0b06e138d363cee47d7c66467
workspace_mirror/work/local_llm_runtime/node_modules/ipull/node_modules/lifecycle-utils/LICENSE,1065,a1ca3969baa10f09da46a0e834851c8150c35c729e88f8e756435fac02d1cd6d
workspace_mirror/work/local_llm_runtime/node_modules/ipull/node_modules/lifecycle-utils/README.md,14622,c9011298ce62cb2a4753b4dc2b88f0379637f24a14d015c80bae670dbeff94c1
workspace_mirror/work/local_llm_runtime/node_modules/ipull/node_modules/lifecycle-utils/dist/AsyncDisposableHandle.d.ts,429,9618910cb0382f0cce4aa17cb12ce1e27a26d1a471c97ec158d124322c85ac08
workspace_mirror/work/local_llm_runtime/node_modules/ipull/node_modules/lifecycle-utils/dist/AsyncDisposableHandle.js,1006,3b779b7ba5043889c0745421f6267b14d0a78387c16414946f1cfd3eefd398ec
workspace_mirror/work/local_llm_runtime/node_modules/ipull/node_modules/lifecycle-utils/dist/AsyncDisposableHandle.js.map,884,eaa6d365ae88a5e13bbd983200e58e015ee5bd333e0794c9b184affc92bbf965
workspace_mirror/work/local_llm_runtime/node_modules/ipull/node_modules/lifecycle-utils/dist/AsyncDisposeAggregator.d.ts,2057,b5206cfe4bae3f17d34ef26975ef50195aba19db64c88488d0c3b6abddf7e573
workspace_mirror/work/local_llm_runtime/node_modules/ipull/node_modules/lifecycle-utils/dist/AsyncDisposeAggregator.js,3548,6b3998bfcdf70badbe22d0d6a9300e230731e3f646ccfcc71ecea64997f74f1c
workspace_mirror/work/local_llm_runtime/node_modules/ipull/node_modules/lifecycle-utils/dist/AsyncDisposeAggregator.js.map,2032,88a9d16dcd15dcee10186fed16c67da8523fe50f1c5c8e5ef921bb38ab956176
workspace_mirror/work/local_llm_runtime/node_modules/ipull/node_modules/lifecycle-utils/dist/DisposableHandle.d.ts,385,2ec5e7e00de8d8b24e83ac26f8bb8b785e855ab29d537476bcecfe6f8ff81a2b
workspace_mirror/work/local_llm_runtime/node_modules/ipull/node_modules/lifecycle-utils/dist/DisposableHandle.js,819,d4e30aff686734b3cb09b0446682514f5eeea858b2e99dedbbbc5f3b836003a2
workspace_mirror/work/local_llm_runtime/node_modules/ipull/node_modules/lifecycle-utils/dist/DisposableHandle.js.map,737,409de92b919d87d82e223e15df75dbc35b454e45abb6acad06417b1c2577bee9
workspace_mirror/work/local_llm_runtime/node_modules/ipull/node_modules/lifecycle-utils/dist/DisposeAggregator.d.ts,1383,bde3d84f886494b183016d745df0227119e9441cf0b2ac6a0a8a2520ecd2aa03
workspace_mirror/work/local_llm_runtime/node_modules/ipull/node_modules/lifecycle-utils/dist/DisposeAggregator.js,2560,89c9449c00bc7ff46b4cc1c4c57161f54e95444f24ba51cd5d33c3e15b6bf967
workspace_mirror/work/local_llm_runtime/node_modules/ipull/node_modules/lifecycle-utils/dist/DisposeAggregator.js.map,1590,504969a8cc4f3a0ffb8193ff14463eeaa0d2c41279c336f7dbe2d3ba14208bce
workspace_mirror/work/local_llm_runtime/node_modules/ipull/node_modules/lifecycle-utils/dist/DisposedError.d.ts,337,1a39c637686fbc8aa4331921f0744363bf0a18d55617cb969f122807ca1106d6
workspace_mirror/work/local_llm_runtime/node_modules/ipull/node_modules/lifecycle-utils/dist/DisposedError.js,414,a45fb35b18c2238358c268aabf7cf359f8d95c739542a10373752eba541100f8
workspace_mirror/work/local_llm_runtime/node_modules/ipull/node_modules/lifecycle-utils/dist/DisposedError.js.map,214,db7c14cd14fa381ba30b1a14528c0b4d7f39aa92b8cbf19fc56cb0dcc48b0a05
workspace_mirror/work/local_llm_runtime/node_modules/ipull/node_modules/lifecycle-utils/dist/EventRelay.d.ts,1389,3cb1503127262099788c9f7d3e0f28abfa9332f958a9cbe48e33d3adf2e14d45
workspace_mirror/work/local_llm_runtime/node_modules/ipull/node_modules/lifecycle-utils/dist/EventRelay.js,3823,d28ddf9340935e5e4963a56150404a05a34c2648409db5a3d41800097e8955fb
workspace_mirror/work/local_llm_runtime/node_modules/ipull/node_modules/lifecycle-utils/dist/EventRelay.js.map,3220,ae3ddc293499e9f539165d3baa00756feef2d67b09c770c3b915c9ec8ef07d73
workspace_mirror/work/local_llm_runtime/node_modules/ipull/node_modules/lifecycle-utils/dist/LongTimeout.d.ts,1871,7ae6ad4c39d89522e8d5bca5eda5b5a0ebdbc41e365bdfbfa549073e4991d1b9
workspace_mirror/work/local_llm_runtime/node_modules/ipull/node_modules/lifecycle-utils/dist/LongTimeout.js,2988,88cc833d7b1195387005fac0191553e234d26ab2d0494210d96f6406f2da3041
workspace_mirror/work/local_llm_runtime/node_modules/ipull/node_modules/lifecycle-utils/dist/LongTimeout.js.map,1719,44d0af96d6b67a32e4f99dc0a37effb35c7e5efc01878bd0c47b6841688e2f07
workspace_mirror/work/local_llm_runtime/node_modules/ipull/node_modules/lifecycle-utils/dist/MultiKeyMap.d.ts,1842,61696cdd35cc79b3c2f59f155a4a9ea877b2dc984c6cd6f7bcd4e6ee1506b872
workspace_mirror/work/local_llm_runtime/node_modules/ipull/node_modules/lifecycle-utils/dist/MultiKeyMap.js,3990,0b1e68a1d456fa5ea35956da3ba893bc4521c6b6752354065c5d9499a5255e8f
workspace_mirror/work/local_llm_runtime/node_modules/ipull/node_modules/lifecycle-utils/dist/MultiKeyMap.js.map,3873,bbad3ebd17d6ee36010c1310d3bb717912b804019942632020493ad3ecff9ef3
workspace_mirror/work/local_llm_runtime/node_modules/ipull/node_modules/lifecycle-utils/dist/State.d.ts,3359,3e41d8122b7bd948cc38da9784db031946580678378e5c113870fd3d793db255
workspace_mirror/work/local_llm_runtime/node_modules/ipull/node_modules/lifecycle-utils/dist/State.js,6813,d47fcb2f62efdb127695df44a8fbdfd1aaac75b9906dd2b0476ddffd94d510d0
workspace_mirror/work/local_llm_runtime/node_modules/ipull/node_modules/lifecycle-utils/dist/State.js.map,4392,8f85e800eaee9d678dede33ee9b129f87b0287709003b02c3730fde311e071c1
workspace_mirror/work/local_llm_runtime/node_modules/ipull/node_modules/lifecycle-utils/dist/WeakValueMap.d.ts,1989,ddde30343bd007457036de7691a9104db8523ee3c5c61a490671f4bdc39f24a6
workspace_mirror/work/local_llm_runtime/node_modules/ipull/node_modules/lifecycle-utils/dist/WeakValueMap.js,3979,b4304116ea33905c573891bd4d1932607ff6c9a7d62b3d1621acfb76a0ec541c
workspace_mirror/work/local_llm_runtime/node_modules/ipull/node_modules/lifecycle-utils/dist/WeakValueMap.js.map,3327,29ed8eda8533dab13b5050fa589d52ba8b83b354205dcaed0941a0bb1f6bdb56
workspace_mirror/work/local_llm_runtime/node_modules/ipull/node_modules/lifecycle-utils/dist/WeakValueMultiKeyMap.d.ts,2218,04399e566f4b4d9605c77ffd35a912cb2e66bcacc32c73b44c9734a138549442
workspace_mirror/work/local_llm_runtime/node_modules/ipull/node_modules/lifecycle-utils/dist/WeakValueMultiKeyMap.js,4117,b6881bf9cbd5a39ad949cea1f7176ef7e6708306372c41492dc6f565d3440a07
workspace_mirror/work/local_llm_runtime/node_modules/ipull/node_modules/lifecycle-utils/dist/WeakValueMultiKeyMap.js.map,3405,6cca0e5a2b61f191062be1ab6b8b73a05750f9ad2f113351774a3c954996c993
workspace_mirror/work/local_llm_runtime/node_modules/ipull/node_modules/lifecycle-utils/dist/index.d.ts,474,4aec8035bbb4ef23c7c55f810401c8610aa4894554ee713d1fa2f56e5fe60f9c
workspace_mirror/work/local_llm_runtime/node_modules/ipull/node_modules/lifecycle-utils/dist/index.js,507,1e13682eeed2b6d263c11625baeb1b2d47c0636f2a82cdf4f73fb648031095db
workspace_mirror/work/local_llm_runtime/node_modules/ipull/node_modules/lifecycle-utils/dist/index.js.map,395,1b0e9de5c192046d71a8503674719595bdd316c838931211bf28efc7d21b8f55
workspace_mirror/work/local_llm_runtime/node_modules/ipull/node_modules/lifecycle-utils/dist/splitText.d.ts,530,36637d3c8b3f6ab4ad6fb26154fd1fcea2b4839a73b2a0e6a4806ff13dd2d145
workspace_mirror/work/local_llm_runtime/node_modules/ipull/node_modules/lifecycle-utils/dist/splitText.js,4068,84c3d649c8b37086883009e2b3fb5ee9fee9fb9e13f3463c86af1a4c7387db94
workspace_mirror/work/local_llm_runtime/node_modules/ipull/node_modules/lifecycle-utils/dist/splitText.js.map,3754,c9ea06c160eef460864812e3a0f312d249f2ea7fd04b38bd4f2d3ff51706f45d
workspace_mirror/work/local_llm_runtime/node_modules/ipull/node_modules/lifecycle-utils/dist/tsconfig.tsbuildinfo,390,a354e3ca696740d5bc17159f997b37172b2c30624728f8e9abc7033b19619edf
workspace_mirror/work/local_llm_runtime/node_modules/ipull/node_modules/lifecycle-utils/dist/withLock.d.ts,1157,e92ec218ed75f0119141e795060235f4928acdbf2b8aa53a2a2ed6752a8e72b2
workspace_mirror/work/local_llm_runtime/node_modules/ipull/node_modules/lifecycle-utils/dist/withLock.js,3256,8dbac7fdd265dadababbd030fcc6aad80eed909d188dfeccfa69d94266b084e6
workspace_mirror/work/local_llm_runtime/node_modules/ipull/node_modules/lifecycle-utils/dist/withLock.js.map,3265,2a653849a3c08542970c8e3e00489a1b8eacfa4bd868603f7263e60e07ae3b6a
workspace_mirror/work/local_llm_runtime/node_modules/ipull/node_modules/lifecycle-utils/package.json,2363,b3a3ef7c2a18f78996c43e4f24e6688451eca9d7d1a54f7953bb826c3d1a85fb
workspace_mirror/work/local_llm_runtime/node_modules/ipull/node_modules/parse-ms/index.d.ts,521,c43461daa47eedef09bf429dd879dbac6800747fb1c433a908050b4f06112283
workspace_mirror/work/local_llm_runtime/node_modules/ipull/node_modules/parse-ms/index.js,627,46dd7b08161e96f1ef7cccbdc722e05032fe18380c5d89059550aa7e0091c54b
workspace_mirror/work/local_llm_runtime/node_modules/ipull/node_modules/parse-ms/license,1117,5c932d88256b4ab958f64a856fa48e8bd1f55bc1d96b8149c65689e0c61789d3
workspace_mirror/work/local_llm_runtime/node_modules/ipull/node_modules/parse-ms/package.json,750,721cc11deede2410be2acacca49bc0df8285b64f7a3e23c760a1a2da24b11efa
workspace_mirror/work/local_llm_runtime/node_modules/ipull/node_modules/parse-ms/readme.md,518,62b5f82c59452183508e07a6eb8d5b1575712e083a288020cd0c1cea09b923c5
workspace_mirror/work/local_llm_runtime/node_modules/ipull/node_modules/pretty-ms/index.d.ts,2811,4ae779eac2cc17df9f31fd4985adcac35c0904faa3eb103dd9bc90e6261b736b
workspace_mirror/work/local_llm_runtime/node_modules/ipull/node_modules/pretty-ms/index.js,3722,1878503c52fcb658b711e5cf7e110e6e6da8ea60882b11e30861150cec031e5b
workspace_mirror/work/local_llm_runtime/node_modules/ipull/node_modules/pretty-ms/license,1117,5c932d88256b4ab958f64a856fa48e8bd1f55bc1d96b8149c65689e0c61789d3
workspace_mirror/work/local_llm_runtime/node_modules/ipull/node_modules/pretty-ms/package.json,929,e0ce6e4650515707d0450dbc09d12bdcaf497422c4057a8c0f2e680df9aef3fe
workspace_mirror/work/local_llm_runtime/node_modules/ipull/node_modules/pretty-ms/readme.md,3200,23809131f094120eba57c1c386303f3fe91a65dc3e4d0c9341f52b338ab1b00c
workspace_mirror/work/local_llm_runtime/node_modules/ipull/node_modules/slice-ansi/index.d.ts,713,e808a6dd4033ed3eb390fa339ed701c8fa74233a056304564a42884f8bf88aaf
workspace_mirror/work/local_llm_runtime/node_modules/ipull/node_modules/slice-ansi/index.js,3937,6b200a6cfe5f2bdf51df5ec2144c54482047e508b9f0b6ec865ad14a04c8ffe5
workspace_mirror/work/local_llm_runtime/node_modules/ipull/node_modules/slice-ansi/license,1158,c91d87c3bca16ab6d96d82da08edc54377d14b679547a331eecc4adef3c353c8
workspace_mirror/work/local_llm_runtime/node_modules/ipull/node_modules/slice-ansi/package.json,956,b85dac1c0e27f3a29594d7d3df95e522999cbb5f5d65d9b5573209b46b992505
workspace_mirror/work/local_llm_runtime/node_modules/ipull/node_modules/slice-ansi/readme.md,1271,2fb0ed8fca1b0cd00598542f3bbf5c17e1e083e7ad661ae224a36ffd477b926b
workspace_mirror/work/local_llm_runtime/node_modules/ipull/package.json,4025,e7a26df4b6a0a24ab5e456567277a82b8ba309583a3909bfc5a9fcf00060886d
workspace_mirror/work/local_llm_runtime/node_modules/is-fullwidth-code-point/index.d.ts,549,9a3e6bdffd8335b7d29c1d578ef7411703c57d07aff959bda92b27110f868532
workspace_mirror/work/local_llm_runtime/node_modules/is-fullwidth-code-point/index.js,261,b07805566fedc139c316dade93ecf441e21d35b3762dffff363c2aed3b06247a
workspace_mirror/work/local_llm_runtime/node_modules/is-fullwidth-code-point/license,1117,5c932d88256b4ab958f64a856fa48e8bd1f55bc1d96b8149c65689e0c61789d3
workspace_mirror/work/local_llm_runtime/node_modules/is-fullwidth-code-point/package.json,984,8d9afd3fcb2ab5b5ab62ca76a6924dfa025a90d934b9a8fe8ba0237a8beeec14
workspace_mirror/work/local_llm_runtime/node_modules/is-fullwidth-code-point/readme.md,616,c595306315e3bcbff7e1c1516900946e4cade831255a439d72b2bd14c6d8ac03
workspace_mirror/work/local_llm_runtime/node_modules/is-interactive/index.d.ts,612,7a0463c55233ad0c876f05653743a4dbcee3666a93ac73313c44fd8c84c732c7
workspace_mirror/work/local_llm_runtime/node_modules/is-interactive/index.js,181,706212ab89aa3aefa2e2abd4e93a5b3179df89fcb16116aae35df38018a93c3e
workspace_mirror/work/local_llm_runtime/node_modules/is-interactive/license,1117,5c932d88256b4ab958f64a856fa48e8bd1f55bc1d96b8149c65689e0c61789d3
workspace_mirror/work/local_llm_runtime/node_modules/is-interactive/package.json,746,279fbee893bb5fe708b582d960e84433dcc20330cd3dac0a3b181a48c13d4423
workspace_mirror/work/local_llm_runtime/node_modules/is-interactive/readme.md,2070,2c982bc90862fb84e2316b8e3f4402c5d5f426ff2f596c8848015b7d8248a5f7
workspace_mirror/work/local_llm_runtime/node_modules/is-unicode-supported/index.d.ts,214,8d5d587de343b15084a508d3eb6b54a7c69a5c33115e46b2b3858915f1194d4d
workspace_mirror/work/local_llm_runtime/node_modules/is-unicode-supported/index.js,657,7ce83f187ccc48c1b3444063df6a2ada57ec31f128a0fc5d0d0d212bff0a3867
workspace_mirror/work/local_llm_runtime/node_modules/is-unicode-supported/license,1117,5c932d88256b4ab958f64a856fa48e8bd1f55bc1d96b8149c65689e0c61789d3
workspace_mirror/work/local_llm_runtime/node_modules/is-unicode-supported/package.json,847,e814a4ac0474d18664180ce61a58f2429f089054a0e2969bc2f5c8345b220c9e
workspace_mirror/work/local_llm_runtime/node_modules/is-unicode-supported/readme.md,1123,44da295b517a9553b7c2c12f5878cb3c54f2bf7a874f1d13c6edbe087bc66ef1
workspace_mirror/work/local_llm_runtime/node_modules/isexe/LICENSE.md,1552,8a1af140fdfbf5afd3df27f7e662f989c5b963a300020dfafce42033cae9e004
workspace_mirror/work/local_llm_runtime/node_modules/isexe/README.md,1957,66e6caee7835e65854829e2e71a46d84c78ec8361bcebb2e3cbd1a73f2feb0f0
workspace_mirror/work/local_llm_runtime/node_modules/isexe/dist/commonjs/index.d.ts,543,949e25849ba656f51e5441e86c5681f13c8b2c98ceeb66848ae3b4fec1b8078d
workspace_mirror/work/local_llm_runtime/node_modules/isexe/dist/commonjs/index.d.ts.map,326,30430d665b4642533953ed816b6b6648b6ff828a93c6beb4c8ef4e04ff8a8d63
workspace_mirror/work/local_llm_runtime/node_modules/isexe/dist/commonjs/index.js,2283,fbaffc9133ade6b2df4a2f2824f4a84ac92bfd8046f380ea110c86852f88492a
workspace_mirror/work/local_llm_runtime/node_modules/isexe/dist/commonjs/index.js.map,979,128c376d695a6db2671d174799ade483c1786ebb3fc0719f7e833ce13c9bf607
workspace_mirror/work/local_llm_runtime/node_modules/isexe/dist/commonjs/index.min.js,3030,abf1fa35f4710b8f74351b63e61945b59994cdbceaf78cb9e309fb8b582a3a35
workspace_mirror/work/local_llm_runtime/node_modules/isexe/dist/commonjs/index.min.js.map,7663,4f100c3c50cebc0c15da9560079a02f7969fa7b16ee05ed78ba6570d18415e15
workspace_mirror/work/local_llm_runtime/node_modules/isexe/dist/commonjs/options.d.ts,1000,59ade99c97a6aaf93d022f8daa73af31699eef0f19556bf14dfab4b059055850
workspace_mirror/work/local_llm_runtime/node_modules/isexe/dist/commonjs/options.d.ts.map,358,a64a6a1744b29dc531c3382204fed5942fecca8820056aadae495c73e19e628b
workspace_mirror/work/local_llm_runtime/node_modules/isexe/dist/commonjs/options.js,112,474f49f173fdd0657ded670ab46bb209a05b08f9f52efb5e4da2045ba7d097a3
workspace_mirror/work/local_llm_runtime/node_modules/isexe/dist/commonjs/options.js.map,1070,c81c9c2c2141691e5dee1ef21c9c4d723d966a2ebca4547f18b1b40676cc5d64
workspace_mirror/work/local_llm_runtime/node_modules/isexe/dist/commonjs/package.json,25,8005a3491db7d92f36ac66369861589f9c47123d3a7c71e643fc2c06168cd45a
workspace_mirror/work/local_llm_runtime/node_modules/isexe/dist/commonjs/posix.d.ts,620,5d051f5badf738feba1a8b38292d776b0fa014dcd4ed00bc9eeca44144703b9e
workspace_mirror/work/local_llm_runtime/node_modules/isexe/dist/commonjs/posix.d.ts.map,336,274e32cbef91c552e37d885e1848d910f2342e197a60a225e39e15852698fcf1
workspace_mirror/work/local_llm_runtime/node_modules/isexe/dist/commonjs/posix.js,2092,97ad32a2c5583b0c88ee3c79f52fa0e6dea3433eb4e63b46e880dd85635bad82
workspace_mirror/work/local_llm_runtime/node_modules/isexe/dist/commonjs/posix.js.map,4193,7978636dac186ea8377b4d4b03cf3d8a930695d9b7c7bd88f89a41160a73ba47
workspace_mirror/work/local_llm_runtime/node_modules/isexe/dist/commonjs/win32.d.ts,672,9f30eb919ae03863263fd1ae09c5057616ac904ec5359d8dcc95e15bfc78c82c
workspace_mirror/work/local_llm_runtime/node_modules/isexe/dist/commonjs/win32.d.ts.map,336,851b5abeac0fccb4ade7ae23b202b00b89c11659ea51acdb5cf63cabd96aba3e
workspace_mirror/work/local_llm_runtime/node_modules/isexe/dist/commonjs/win32.js,1936,bfde01a62a183af4936a3dec114bd24faa57535f8de0fb2ccbc0de737741af8f
workspace_mirror/work/local_llm_runtime/node_modules/isexe/dist/commonjs/win32.js.map,3609,e65292568844ea2a15a26014911d21f858d3a35b2c86792f6d8ab1fc2e6597ba
workspace_mirror/work/local_llm_runtime/node_modules/isexe/dist/esm/index.d.ts,543,949e25849ba656f51e5441e86c5681f13c8b2c98ceeb66848ae3b4fec1b8078d
workspace_mirror/work/local_llm_runtime/node_modules/isexe/dist/esm/index.d.ts.map,326,30430d665b4642533953ed816b6b6648b6ff828a93c6beb4c8ef4e04ff8a8d63
workspace_mirror/work/local_llm_runtime/node_modules/isexe/dist/esm/index.js,516,c123f7ac6fde508df0623580c8b0d7596cee6bf3955842cd6a0d18ede42ca6dc
workspace_mirror/work/local_llm_runtime/node_modules/isexe/dist/esm/index.js.map,1032,44ea3e96184353019aa936dd2968b48160c51527535d28cb16e566f3ef706058
workspace_mirror/work/local_llm_runtime/node_modules/isexe/dist/esm/index.min.js,1670,c1d43c88f2b5eff554cc40b5702c83efd0f33c7ff92277675d344a047cc72984
workspace_mirror/work/local_llm_runtime/node_modules/isexe/dist/esm/index.min.js.map,7282,0d31bd35034d3ef04ae680c31c5affd7195ac9c7fc700f4c2283ff593f9a4c3f
workspace_mirror/work/local_llm_runtime/node_modules/isexe/dist/esm/options.d.ts,1000,59ade99c97a6aaf93d022f8daa73af31699eef0f19556bf14dfab4b059055850
workspace_mirror/work/local_llm_runtime/node_modules/isexe/dist/esm/options.d.ts.map,358,a64a6a1744b29dc531c3382204fed5942fecca8820056aadae495c73e19e628b
workspace_mirror/work/local_llm_runtime/node_modules/isexe/dist/esm/options.js,46,fea76c2f7b85cf0fae3fc883565127911873222c84c8ee41bbf8f3a6ac3881ea
workspace_mirror/work/local_llm_runtime/node_modules/isexe/dist/esm/options.js.map,1070,c81c9c2c2141691e5dee1ef21c9c4d723d966a2ebca4547f18b1b40676cc5d64
workspace_mirror/work/local_llm_runtime/node_modules/isexe/dist/esm/package.json,23,3ca9d4afd21425087cf31893b8f9f63c81b0b8408db5e343ca76e5f8aa26ab9a
workspace_mirror/work/local_llm_runtime/node_modules/isexe/dist/esm/posix.d.ts,620,5d051f5badf738feba1a8b38292d776b0fa014dcd4ed00bc9eeca44144703b9e
workspace_mirror/work/local_llm_runtime/node_modules/isexe/dist/esm/posix.d.ts.map,336,274e32cbef91c552e37d885e1848d910f2342e197a60a225e39e15852698fcf1
workspace_mirror/work/local_llm_runtime/node_modules/isexe/dist/esm/posix.js,1906,db612c862f36ae60256e45d98f883d8db649a4928431c2d7255415f885bcb94a
workspace_mirror/work/local_llm_runtime/node_modules/isexe/dist/esm/posix.js.map,4215,ee39df5438b865e3760b0a2601e52e0d55242135d8090ae91cf33766cd97e997
workspace_mirror/work/local_llm_runtime/node_modules/isexe/dist/esm/win32.d.ts,672,9f30eb919ae03863263fd1ae09c5057616ac904ec5359d8dcc95e15bfc78c82c
workspace_mirror/work/local_llm_runtime/node_modules/isexe/dist/esm/win32.d.ts.map,336,851b5abeac0fccb4ade7ae23b202b00b89c11659ea51acdb5cf63cabd96aba3e
workspace_mirror/work/local_llm_runtime/node_modules/isexe/dist/esm/win32.js,1735,072cc87f6d0b77ea25766de04623295ad45ee82d42da60af9cdab6be1f994cdc
workspace_mirror/work/local_llm_runtime/node_modules/isexe/dist/esm/win32.js.map,3658,95d4afa18d66b67bd04118ba2e99ba1c938329a4c4e64a6513ddaf553f7abdaa
workspace_mirror/work/local_llm_runtime/node_modules/isexe/package.json,1977,1889746f84d1e2a524353a2e31464995b808f24457f0dd55d6fd9da638f978ed
workspace_mirror/work/local_llm_runtime/node_modules/jsonfile/LICENSE,1110,a9801fb52ba22ef808682a094da8a7a480584b7ed0dfd0d888ab543616335031
workspace_mirror/work/local_llm_runtime/node_modules/jsonfile/README.md,6444,9c91f7c2776254134e233f7fccf8f9d4ef150bca929f72e3114c3e84989f4af8
workspace_mirror/work/local_llm_runtime/node_modules/jsonfile/index.js,2014,ec5a9f1f45014486f1df4a8c11a5b078671e9936c0651e035b67cb5e763954e8
workspace_mirror/work/local_llm_runtime/node_modules/jsonfile/package.json,762,df710d3401289ba32728b5459ac334bf99b18259900ca22b2401f48d92892613
workspace_mirror/work/local_llm_runtime/node_modules/jsonfile/utils.js,613,3a37b4b21c2cd8f75b850f1373f68a39bcaab3ac58d75ab44e62674cdb0d4cad
workspace_mirror/work/local_llm_runtime/node_modules/lifecycle-utils/LICENSE,1065,a1ca3969baa10f09da46a0e834851c8150c35c729e88f8e756435fac02d1cd6d
workspace_mirror/work/local_llm_runtime/node_modules/lifecycle-utils/README.md,25773,3ebb8460a29c20e5aa4548147ea4402099fef635b873db3441b266f6f0be8259
workspace_mirror/work/local_llm_runtime/node_modules/lifecycle-utils/dist/AbortablePromise.d.ts,6146,51c620e6516370bb626d8d918f640df4d4561510af710f6c4c1f2016df57b09e
workspace_mirror/work/local_llm_runtime/node_modules/lifecycle-utils/dist/AbortablePromise.d.ts.map,3687,1a7fdf86bc905e4aee28cb4c062ba154b4bdabf410d46c73d28a8e6eca436f9b
workspace_mirror/work/local_llm_runtime/node_modules/lifecycle-utils/dist/AbortablePromise.js,5576,5091e95f5071b8c6712cd71c6a1850aab0391aaa058d41bf86d6cdef442f522b
workspace_mirror/work/local_llm_runtime/node_modules/lifecycle-utils/dist/AbortablePromise.js.map,16475,97ce2d95a9707f585922f0c6715047acedde826f6fcc231dc9721a38b828beb0
workspace_mirror/work/local_llm_runtime/node_modules/lifecycle-utils/dist/AsyncDisposableHandle.d.ts,480,29e3dab7e3f595f036385a89767e7e375130aac7624d367d64b6d685c586d17c
workspace_mirror/work/local_llm_runtime/node_modules/lifecycle-utils/dist/AsyncDisposableHandle.d.ts.map,277,31091ad35f6534a00ff952ec46754ba9c1af6095fc6071489036e64b6cc1630b
workspace_mirror/work/local_llm_runtime/node_modules/lifecycle-utils/dist/AsyncDisposableHandle.js,1006,3b779b7ba5043889c0745421f6267b14d0a78387c16414946f1cfd3eefd398ec
workspace_mirror/work/local_llm_runtime/node_modules/lifecycle-utils/dist/AsyncDisposableHandle.js.map,2023,2132727538eb368e948514116d991ccaa1d5da1f601ac099684e34b43ffeff49
workspace_mirror/work/local_llm_runtime/node_modules/lifecycle-utils/dist/AsyncDisposeAggregator.d.ts,2640,3ad7aa010541305a17556efcab239fec61f47870d9d3cd93151b66e30edddf25
workspace_mirror/work/local_llm_runtime/node_modules/lifecycle-utils/dist/AsyncDisposeAggregator.d.ts.map,1044,9aeb301d18c0e701e9a9b9519d353e5b1b5a2f0340fced5cc060afc21d1d5b7b
workspace_mirror/work/local_llm_runtime/node_modules/lifecycle-utils/dist/AsyncDisposeAggregator.js,6355,6f45c0477af52e34147a23858a17ee5c17ce480b47087923f037c30b27079d8b
workspace_mirror/work/local_llm_runtime/node_modules/lifecycle-utils/dist/AsyncDisposeAggregator.js.map,12284,6a23170b542deb98d376a67b9fa905145e90f2dda4ca221e17278e7b91c6233a
workspace_mirror/work/local_llm_runtime/node_modules/lifecycle-utils/dist/DisposableHandle.d.ts,431,d55c79b6e6918be620e1ba516c58867664b2722beb010be2b3d51269f88bf75a
workspace_mirror/work/local_llm_runtime/node_modules/lifecycle-utils/dist/DisposableHandle.d.ts.map,252,bca062350315e8c3a8ba8ecc18370af564c0a7d05e84325a630ccf3b246ce24b
workspace_mirror/work/local_llm_runtime/node_modules/lifecycle-utils/dist/DisposableHandle.js,819,d4e30aff686734b3cb09b0446682514f5eeea858b2e99dedbbbc5f3b836003a2
workspace_mirror/work/local_llm_runtime/node_modules/lifecycle-utils/dist/DisposableHandle.js.map,1647,459c6dcf99d2b5f49e24dc6c1a957e66ff27551253ff364e3b325ac6c52012f8
workspace_mirror/work/local_llm_runtime/node_modules/lifecycle-utils/dist/DisposeAggregator.d.ts,1575,7e6549eeb460c16e26bd081725e6c946ad1bb2667ca2fd4c969415c73786c5b6
workspace_mirror/work/local_llm_runtime/node_modules/lifecycle-utils/dist/DisposeAggregator.d.ts.map,614,4f04144dd39ee42de8bea16cebec4f2240e276d601113141cf553ec6d0ebbebc
workspace_mirror/work/local_llm_runtime/node_modules/lifecycle-utils/dist/DisposeAggregator.js,3356,6f9fe9d9edc59bbe789420c1ca2d5364df01a35f25c81a3b9e4419fe846b4e90
workspace_mirror/work/local_llm_runtime/node_modules/lifecycle-utils/dist/DisposeAggregator.js.map,6010,adaa550f51d760d4b5391778b72c89cfb6ca532bc36db1eb19acda2f9b680cac
workspace_mirror/work/local_llm_runtime/node_modules/lifecycle-utils/dist/DisposedError.d.ts,380,8b00a570b58a238c8cc41106a32ae2eba7a9fb37fc6ff56aed23443e231642a4
workspace_mirror/work/local_llm_runtime/node_modules/lifecycle-utils/dist/DisposedError.d.ts.map,165,923de2532299d32be58282171f3c6ff593ce3fbe893cd6acb2a6332757008fab
workspace_mirror/work/local_llm_runtime/node_modules/lifecycle-utils/dist/DisposedError.js,414,a45fb35b18c2238358c268aabf7cf359f8d95c739542a10373752eba541100f8
workspace_mirror/work/local_llm_runtime/node_modules/lifecycle-utils/dist/DisposedError.js.map,628,efd00dbcea3ab061767bca5f15884337dac059b1f6f6d2ea64dfd2cf54432857
workspace_mirror/work/local_llm_runtime/node_modules/lifecycle-utils/dist/EventRelay.d.ts,1429,200019b16ae70718dbb81ea6539f2aa5c6ad13f82fe2d4d333c3f7cfe0351464
workspace_mirror/work/local_llm_runtime/node_modules/lifecycle-utils/dist/EventRelay.d.ts.map,540,28cb1b498aa92932e3f3e6e8cd1aadb50006d57ffa67bb8529a0cbe9c804515a
workspace_mirror/work/local_llm_runtime/node_modules/lifecycle-utils/dist/EventRelay.js,4591,cbf46120b937e480dd792e91ece921f2ea856d2e4ccfc0afe1a5315edf9d6475
workspace_mirror/work/local_llm_runtime/node_modules/lifecycle-utils/dist/EventRelay.js.map,9333,e580f27d5f7e53c8c24faa90fc3fb2c19772b1b45855ca4bc4f9a10c932daf22
workspace_mirror/work/local_llm_runtime/node_modules/lifecycle-utils/dist/LongTimeout.d.ts,1912,964e58693f05206ebe311925af5fe4e92184535bbe34571aff0a882b509b0e81
workspace_mirror/work/local_llm_runtime/node_modules/lifecycle-utils/dist/LongTimeout.d.ts.map,511,c33991ceecd40b95a230a8790c831d230f78944d857acde88e5fedc86edbccd1
workspace_mirror/work/local_llm_runtime/node_modules/lifecycle-utils/dist/LongTimeout.js,2988,88cc833d7b1195387005fac0191553e234d26ab2d0494210d96f6406f2da3041
workspace_mirror/work/local_llm_runtime/node_modules/lifecycle-utils/dist/LongTimeout.js.map,5116,0ae40adf723f15052d2e5c0ab7f1aab8c4c3b6d93984d7016247c12a838c77d4
workspace_mirror/work/local_llm_runtime/node_modules/lifecycle-utils/dist/MultiKeyMap.d.ts,1883,78a616a64ddcad9438c692697066374200c59ed6816e0c67708722db83dbf9f2
workspace_mirror/work/local_llm_runtime/node_modules/lifecycle-utils/dist/MultiKeyMap.d.ts.map,1333,4517a18b4856ed991d5b62c0f19661b31132b61cb966d0ef1c795b1c6b07ae16
workspace_mirror/work/local_llm_runtime/node_modules/lifecycle-utils/dist/MultiKeyMap.js,3990,0b1e68a1d456fa5ea35956da3ba893bc4521c6b6752354065c5d9499a5255e8f
workspace_mirror/work/local_llm_runtime/node_modules/lifecycle-utils/dist/MultiKeyMap.js.map,9154,c0d426bd0254bc444e4169b24b538379df5316b5bfadb485857fdb2990fc0254
workspace_mirror/work/local_llm_runtime/node_modules/lifecycle-utils/dist/Queue.d.ts,4073,0a1dae7f087c15f6a6bc0b03223cdab1d499d12c30b2a320d0c4fde0ec588270
workspace_mirror/work/local_llm_runtime/node_modules/lifecycle-utils/dist/Queue.d.ts.map,1229,96a145b578bf8da9a2aca6f7e2be07b18a5764d00abb95ccb311aa10491709e8
workspace_mirror/work/local_llm_runtime/node_modules/lifecycle-utils/dist/Queue.js,7643,4dfb37f1f66d3739ca7ed00209f90caa031223d956a78c07e644bcb78ff185e7
workspace_mirror/work/local_llm_runtime/node_modules/lifecycle-utils/dist/Queue.js.map,14353,9ace65e8417a937e7ce950d89939e43094e1b677c4a3f613f5685c9bf80fcce1
workspace_mirror/work/local_llm_runtime/node_modules/lifecycle-utils/dist/ScopeExit.d.ts,2572,ea8f8fb02ce1e114dce40601252bcfc3e6c080526d4491529cf19b61d0622989
workspace_mirror/work/local_llm_runtime/node_modules/lifecycle-utils/dist/ScopeExit.d.ts.map,1101,e55a0d3cba97028ad073791d723af007a9597c6b28dba36363aa9904999463e8
workspace_mirror/work/local_llm_runtime/node_modules/lifecycle-utils/dist/ScopeExit.js,2936,5fe9809ac65ef3ed62422776c918fbd20a81dbe708a32923a164ee5e68ebea88
workspace_mirror/work/local_llm_runtime/node_modules/lifecycle-utils/dist/ScopeExit.js.map,5408,93a1523f33338276dafee21520d32199142f81bc1880e84ce4684090ecd13610
workspace_mirror/work/local_llm_runtime/node_modules/lifecycle-utils/dist/ScopedEventRelay.d.ts,2742,42adf4a57d04263539a2c65e8752bb6602b4ab11b8d3669f55cf8dbd62993c81
workspace_mirror/work/local_llm_runtime/node_modules/lifecycle-utils/dist/ScopedEventRelay.d.ts.map,816,fa88fe0e26b810894e34597129ba9a7edefa8e5b2e8eaa54dbc5e1757742628f
workspace_mirror/work/local_llm_runtime/node_modules/lifecycle-utils/dist/ScopedEventRelay.js,7862,a467db2bee5488984ea23d1ebba8d6e0a0e36761c8ccd59d31a97e22fc97b2da
workspace_mirror/work/local_llm_runtime/node_modules/lifecycle-utils/dist/ScopedEventRelay.js.map,15242,e4beb970833917f545ffa9169351dd0ebc155ef08feb1622f85330bb35dc6d05
workspace_mirror/work/local_llm_runtime/node_modules/lifecycle-utils/dist/State.d.ts,3494,becb9a4fbe8190d15b2be1197c6f10db5d0868a6f90a2d87b336ad62b6b7a7c4
workspace_mirror/work/local_llm_runtime/node_modules/lifecycle-utils/dist/State.d.ts.map,1266,7c1366ad8a79291629de65387ddc6b22668cb090810dccfb3e6b31e6ff806d73
workspace_mirror/work/local_llm_runtime/node_modules/lifecycle-utils/dist/State.js,6813,d47fcb2f62efdb127695df44a8fbdfd1aaac75b9906dd2b0476ddffd94d510d0
workspace_mirror/work/local_llm_runtime/node_modules/lifecycle-utils/dist/State.js.map,12634,851257bd031dcf9e2671a8cd2033b917d4d7eda53f919ec21fe0f568224b49f9
workspace_mirror/work/local_llm_runtime/node_modules/lifecycle-utils/dist/WeakValueMap.d.ts,2031,d6ea6699173016055ea68cadce27aac5f2631c7d4f115c0a69d45019081baee8
workspace_mirror/work/local_llm_runtime/node_modules/lifecycle-utils/dist/WeakValueMap.d.ts.map,1387,12831f1d908c39b178fe7664e4860057f9e43490474a52954cc1fb7ecece7e29
workspace_mirror/work/local_llm_runtime/node_modules/lifecycle-utils/dist/WeakValueMap.js,3979,b4304116ea33905c573891bd4d1932607ff6c9a7d62b3d1621acfb76a0ec541c
workspace_mirror/work/local_llm_runtime/node_modules/lifecycle-utils/dist/WeakValueMap.js.map,8442,82562f9a36bb4f2371fe7da03a47dbee7afe828db89c4c6fd9908dbf71499aff
workspace_mirror/work/local_llm_runtime/node_modules/lifecycle-utils/dist/WeakValueMultiKeyMap.d.ts,2268,f7b70626ae588431656a0059d3e2559af51121607e1090a918277f8533660669
workspace_mirror/work/local_llm_runtime/node_modules/lifecycle-utils/dist/WeakValueMultiKeyMap.d.ts.map,1510,4b89abdc7a96578bedbde7f928af2d2255ca1420c307e069fac940dfe90e3d60
workspace_mirror/work/local_llm_runtime/node_modules/lifecycle-utils/dist/WeakValueMultiKeyMap.js,4117,b6881bf9cbd5a39ad949cea1f7176ef7e6708306372c41492dc6f565d3440a07
workspace_mirror/work/local_llm_runtime/node_modules/lifecycle-utils/dist/WeakValueMultiKeyMap.js.map,8788,a1bbac3e2bcef20c4e1da23bf329cec99e819248cf14038b48824758fbc5bd1e
workspace_mirror/work/local_llm_runtime/node_modules/lifecycle-utils/dist/index.d.ts,726,f11f1f1d5c35f1c96f204e46373b871b4859ec770ef2978f0f27fb6b8e2d0eb1
workspace_mirror/work/local_llm_runtime/node_modules/lifecycle-utils/dist/index.d.ts.map,533,ff42a89761559107645b869095982c5015d9d6fa659564376d6cd9fb2539f22f
workspace_mirror/work/local_llm_runtime/node_modules/lifecycle-utils/dist/index.js,724,ce6d19ce46f185aef88ede9582d7652da017ca843207efdb31db9169f7b35d69
workspace_mirror/work/local_llm_runtime/node_modules/lifecycle-utils/dist/index.js.map,1303,f4bd4354eb3675b0e97cd8b642e4e282ab1dabf0862c8f63603bb6c4685dd9a3
workspace_mirror/work/local_llm_runtime/node_modules/lifecycle-utils/dist/registerFinalizer.d.ts,2725,360b457c47917db46487bf0118e730d989a9cca7ec571535e0d972088421b23e
workspace_mirror/work/local_llm_runtime/node_modules/lifecycle-utils/dist/registerFinalizer.d.ts.map,734,974f20d3b53b71ef0b09a4f5fd2f1252da77db3a6d4115258f20d733a6b64f08
workspace_mirror/work/local_llm_runtime/node_modules/lifecycle-utils/dist/registerFinalizer.js,4546,03b36c9b8bd194409781c5a42de421fedc3a8e2fc9ecefa97fd4a477b61bec67
workspace_mirror/work/local_llm_runtime/node_modules/lifecycle-utils/dist/registerFinalizer.js.map,7654,485fea22fda02755fe620f76cb5d7123e4ed275978c4e9e7de9063a683cdd128
workspace_mirror/work/local_llm_runtime/node_modules/lifecycle-utils/dist/splitText.d.ts,569,ff11352437b225c5c9723ecfc22228f43c7fc24ac427b589064721722ee63d93
workspace_mirror/work/local_llm_runtime/node_modules/lifecycle-utils/dist/splitText.d.ts.map,407,0202463c95a990cfb6c6bebaf2e23ae2ce76e13b4d4e3cb7cd27b3fa715d7534
workspace_mirror/work/local_llm_runtime/node_modules/lifecycle-utils/dist/splitText.js,4068,84c3d649c8b37086883009e2b3fb5ee9fee9fb9e13f3463c86af1a4c7387db94
workspace_mirror/work/local_llm_runtime/node_modules/lifecycle-utils/dist/splitText.js.map,8868,7835d4a31226a4647d7ccbdf4560a4146e710ec4fcbffcb19e847a1a53a77a48
workspace_mirror/work/local_llm_runtime/node_modules/lifecycle-utils/dist/tsconfig.tsbuildinfo,547,b4cf2a018cefdbba300a1057491f0799d43d4aa603d58320cf69603c130922dd
workspace_mirror/work/local_llm_runtime/node_modules/lifecycle-utils/dist/withLock.d.ts,3904,3a8694f0f84d259774ce518595bb1523ec823019ff6e3a8b29ddd73799197a11
workspace_mirror/work/local_llm_runtime/node_modules/lifecycle-utils/dist/withLock.d.ts.map,2531,dec5db9113d23269ccb197f872c3b0e7af16b4e089c471d1b73d25c0c3feb6c6
workspace_mirror/work/local_llm_runtime/node_modules/lifecycle-utils/dist/withLock.js,8103,789b8e8bb27268076ecef8c297318cee363969a159610079975d9347bd8a0567
workspace_mirror/work/local_llm_runtime/node_modules/lifecycle-utils/dist/withLock.js.map,19761,67bf82ba424be92d4a112043aeb179dadf6b770779a151c69ee0708800e881c7
workspace_mirror/work/local_llm_runtime/node_modules/lifecycle-utils/dist/withSingleFlight.d.ts,3004,bad2d7b2e080950c8c39b25e3117b89304fcbe2aa0cdb8604f4b40c249c6687f
workspace_mirror/work/local_llm_runtime/node_modules/lifecycle-utils/dist/withSingleFlight.d.ts.map,714,ea37f5648efc4b778bdc16865db3d5582ce612f9aed4e671e4662e41e0ac9f2e
workspace_mirror/work/local_llm_runtime/node_modules/lifecycle-utils/dist/withSingleFlight.js,2854,78fe52cb74f48a06b1698d4fbd5a85dee8b6cc0dac8c9994522e06f63ee07c7f
workspace_mirror/work/local_llm_runtime/node_modules/lifecycle-utils/dist/withSingleFlight.js.map,9384,e34a6791ce0bc1475b83b60c4a81b59abf8189220aeb81636ebfff6ca200061d
workspace_mirror/work/local_llm_runtime/node_modules/lifecycle-utils/package.json,2468,fa17033aee0c6c4e983c0f4e3a4f6e7e778de308f5d044bbd5cb841d409acb1d
workspace_mirror/work/local_llm_runtime/node_modules/lodash.debounce/LICENSE,1951,ffd8b33b354585f4ce119f19c53728281e48a97b074491eb6bf6d5c5ff305272
workspace_mirror/work/local_llm_runtime/node_modules/lodash.debounce/README.md,467,98579ec3c3855c1b16ad8c0cf366a20623f81081c0ae480112f70ec3b95035e0
workspace_mirror/work/local_llm_runtime/node_modules/lodash.debounce/index.js,10784,78bba4c545cab8e50a6a1fd2570f853a59aacf960f0e5d264c12bb46f9aaa302
workspace_mirror/work/local_llm_runtime/node_modules/lodash.debounce/package.json,749,3b74ac4711eaeb57cc7d6c5fcfdaff114d20fb23cc4a7e39c25f8f7a9afc1151
workspace_mirror/work/local_llm_runtime/node_modules/log-symbols/browser-symbols.js,124,8630cdaa6475f18e9456cb665c014470bdf5a5c1bd36b8a38d137d072712a111
workspace_mirror/work/local_llm_runtime/node_modules/log-symbols/browser.js,49,9115c8061786462b14a352b1116e4213a0f63d33b06ee0e126fac83dca21ceec
workspace_mirror/work/local_llm_runtime/node_modules/log-symbols/index.d.ts,585,4f8f75db6f85121be253af54f346f55de028f3577f1948a9be6274913a56fb51
workspace_mirror/work/local_llm_runtime/node_modules/log-symbols/index.js,41,f4c837c2482cd5c30e1e6834356872963eb5e35151fc1e6b4cead9299ec24079
workspace_mirror/work/local_llm_runtime/node_modules/log-symbols/license,1117,5c932d88256b4ab958f64a856fa48e8bd1f55bc1d96b8149c65689e0c61789d3
workspace_mirror/work/local_llm_runtime/node_modules/log-symbols/package.json,1092,237a95ac1a6c8cf85ce40d38001c3552e4d3b8bae1ffd073593b4bc0bbc0542e
workspace_mirror/work/local_llm_runtime/node_modules/log-symbols/readme.md,962,6917f5026ee2a3d9d53c5660060ff7c47e4bde446d47fb1a97c7d1c137664246
workspace_mirror/work/local_llm_runtime/node_modules/log-symbols/symbols.js,426,b3f24ff1fdfc92047f000f0f7c099d53aebfc5721e7b6cf312bd443dbc518fee
workspace_mirror/work/local_llm_runtime/node_modules/lowdb/LICENSE,1065,a84ab50793627920239781ad6a48a749bc2fe37707e47fdf8e6cb1f55bc747ab
workspace_mirror/work/local_llm_runtime/node_modules/lowdb/README.md,9007,ae4ad0d660267fa81c3e7d87142cb518781014d2b235762c79e519c636395346
workspace_mirror/work/local_llm_runtime/node_modules/lowdb/lib/adapters/Memory.d.ts,317,cc0174ad5adb1d4d74fcac0e4e5100dc6f16e22027a94693b58a320dbcb65a76
workspace_mirror/work/local_llm_runtime/node_modules/lowdb/lib/adapters/Memory.js,337,1f5d70a9cd3fa4afbe71f13eb28e4c0c08d230fbed26d7a1d7d9184f1fb29e03
workspace_mirror/work/local_llm_runtime/node_modules/lowdb/lib/adapters/browser/LocalStorage.d.ts,139,b2572e14904b2cd369f53a30f8581883d3224d3fa9b89abbb689c496e00587a9
workspace_mirror/work/local_llm_runtime/node_modules/lowdb/lib/adapters/browser/LocalStorage.js,158,096fcb96e8e6f30d3a0a471f35bf66ff2cdf5c54a3c38a240d9fcca0195cdbdb
workspace_mirror/work/local_llm_runtime/node_modules/lowdb/lib/adapters/browser/SessionStorage.d.ts,141,04ae8981edae454c706efdd4f1608cce24ced20f83b0f5aa222f6f3bddab8718
workspace_mirror/work/local_llm_runtime/node_modules/lowdb/lib/adapters/browser/SessionStorage.js,162,9d02bffbbfb67935c7c1049e5b2ee621eec8252761195c1cbdfb7ce493e96888
workspace_mirror/work/local_llm_runtime/node_modules/lowdb/lib/adapters/browser/WebStorage.d.ts,223,ffe1f40c643a6db93bf9a43e9091791a387c6e87f840940308425b9d7c65fdd4
workspace_mirror/work/local_llm_runtime/node_modules/lowdb/lib/adapters/browser/WebStorage.js,408,368eede8ea649539c166575054c66c1bb34bd8eb940f075c797a74773e193f61
workspace_mirror/work/local_llm_runtime/node_modules/lowdb/lib/adapters/node/DataFile.d.ts,699,2bad9ec1660bbccdb2a50d948d239725d83e55f26c70215fd1c89cc5985e1651
workspace_mirror/work/local_llm_runtime/node_modules/lowdb/lib/adapters/node/DataFile.js,1087,5dafc2d50fa88da7db187f12e2c9cc68b19273a38b43d0dda89f60f3311ec041
workspace_mirror/work/local_llm_runtime/node_modules/lowdb/lib/adapters/node/JSONFile.d.ts,339,d7139762a0cebd6d9f0263bc25b2d4b775122072f12a2c3a39bcfad69fee27d6
workspace_mirror/work/local_llm_runtime/node_modules/lowdb/lib/adapters/node/JSONFile.js,484,c2b99964366ed52196874ae7731d531564f44fdae2e6ed16b3a03d9b0d74a52f
workspace_mirror/work/local_llm_runtime/node_modules/lowdb/lib/adapters/node/TextFile.d.ts,514,9d033a202ec5d02aa3ef02e7b2a2833f1336ab3fced6e4ad023e5dbaa4c0fa43
workspace_mirror/work/local_llm_runtime/node_modules/lowdb/lib/adapters/node/TextFile.js,1343,18484d718efd9e127ec7488191a49091dfaa4c5dd4d73399b004337accd0b1e7
workspace_mirror/work/local_llm_runtime/node_modules/lowdb/lib/browser.d.ts,144,588f22ea2510403801c1b8783b93fd6e1f30ee06be7091d13318673f5fe42b7d
workspace_mirror/work/local_llm_runtime/node_modules/lowdb/lib/browser.js,144,588f22ea2510403801c1b8783b93fd6e1f30ee06be7091d13318673f5fe42b7d
workspace_mirror/work/local_llm_runtime/node_modules/lowdb/lib/core/Low.d.ts,667,d3362ba03fa240761caa5c46bd8ef4702f19dcd530432d85092d19b940238d71
workspace_mirror/work/local_llm_runtime/node_modules/lowdb/lib/core/Low.js,1176,5dc2ce110357aaa3c77be8edb907ddd12343d653eadd0e0f2adba7a964ad0c09
workspace_mirror/work/local_llm_runtime/node_modules/lowdb/lib/index.d.ts,69,07ea36bbd9fc37adc485415bce04d3d2aa264ba9380d2af755356a563a2af863
workspace_mirror/work/local_llm_runtime/node_modules/lowdb/lib/index.js,69,07ea36bbd9fc37adc485415bce04d3d2aa264ba9380d2af755356a563a2af863
workspace_mirror/work/local_llm_runtime/node_modules/lowdb/lib/node.d.ts,170,2900308afe72e3933f74eb184fdb811d41214d58ecf2d293343a6f4ee0a91cdb
workspace_mirror/work/local_llm_runtime/node_modules/lowdb/lib/node.js,170,2900308afe72e3933f74eb184fdb811d41214d58ecf2d293343a6f4ee0a91cdb
workspace_mirror/work/local_llm_runtime/node_modules/lowdb/lib/presets/browser.d.ts,235,7f6528f2876b4e5cb36b8aabd8bd1b49159ef149f7e81be320a49e8af5129bed
workspace_mirror/work/local_llm_runtime/node_modules/lowdb/lib/presets/browser.js,543,72fd3e515daa31a3f499893fa48550f8c7d509c29928ad9abe23d971a16e8498
workspace_mirror/work/local_llm_runtime/node_modules/lowdb/lib/presets/node.d.ts,348,9e789e7d5499fb3c7febf3bf7c18d8e79b752e4b2b0ebf60b6d985df6b182f04
workspace_mirror/work/local_llm_runtime/node_modules/lowdb/lib/presets/node.js,692,ec07342012ebb7b101c13b2e5b536331d9b0f6e3a865d5320e1e3a9d01fd66a0
workspace_mirror/work/local_llm_runtime/node_modules/lowdb/package.json,2023,faad3f503a278dd1a692232b2d350c35c1f3381f0101161c8277e021a377fbb0
workspace_mirror/work/local_llm_runtime/node_modules/mimic-function/index.d.ts,1328,2b5e2ab2b7568478dd2aa896cd6bdae15fb72b0a4190de7518bac99411d10fe1
workspace_mirror/work/local_llm_runtime/node_modules/mimic-function/index.js,3038,4f92a36c1ba7305bf71571137695132022f5b9ebb499770610280f8e901f2c94
workspace_mirror/work/local_llm_runtime/node_modules/mimic-function/license,1117,5c932d88256b4ab958f64a856fa48e8bd1f55bc1d96b8149c65689e0c61789d3
workspace_mirror/work/local_llm_runtime/node_modules/mimic-function/package.json,832,d49919b51c727d702ce72bbd44dd328b2d537abce907fc9fa529ec724cfe6467
workspace_mirror/work/local_llm_runtime/node_modules/mimic-function/readme.md,1781,a8a76b02b6d414cb95a8f1b13b437ca2c0ebb27f9d097405924d0a07e2af833c
workspace_mirror/work/local_llm_runtime/node_modules/minimist/.eslintrc,511,6400f90470adf27be5eead803ad0425a97afc8562138cb2968039c80f88ee900
workspace_mirror/work/local_llm_runtime/node_modules/minimist/.github/FUNDING.yml,579,0986be78800817dc0885d8fc0b1694f5d6646c6e3c171862129defd97bf50822
workspace_mirror/work/local_llm_runtime/node_modules/minimist/.nycrc,229,eaacff31c45b07c9b5e804d4e0e8eb35e0c430faf9f79fdd98d43b26c42e93df
workspace_mirror/work/local_llm_runtime/node_modules/minimist/CHANGELOG.md,21542,f6c131dccabc16cce09e3266131868c4fd936ac1c57682d0f77251381d51623a
workspace_mirror/work/local_llm_runtime/node_modules/minimist/LICENSE,1073,435a6722c786b0a56fbe7387028f1d9d3f3a2d0fb615bb8fee118727c3f59b7b
workspace_mirror/work/local_llm_runtime/node_modules/minimist/README.md,3609,a56e078a4586bb86dd00ffad4347bc2b027c7dcbd445f7f681b57fb7fd1583fb
workspace_mirror/work/local_llm_runtime/node_modules/minimist/example/parse.js,84,455d394742f158414af7197eb4259d75d71b97fd638cbd83c58c860ce1edbee3
workspace_mirror/work/local_llm_runtime/node_modules/minimist/index.js,6196,9cf5e83d36697a92d8af11e000f513ac30a3464bbb024850f9ffdeb1edf59848
workspace_mirror/work/local_llm_runtime/node_modules/minimist/package.json,1788,252881f6a068a3e70386706d88a694b5e8e9e053b6d9f309fd9a329e651bbf81
workspace_mirror/work/local_llm_runtime/node_modules/minimist/test/all_bool.js,675,f31578148a98d95d0877c68064800beba40b4b2d5eb3ff89b21ab136e5a67ad3
workspace_mirror/work/local_llm_runtime/node_modules/minimist/test/bool.js,3575,9f2b918a3c01e5bbfc36144a43771fd76f1c832335601da09af163df1fb5f80e
workspace_mirror/work/local_llm_runtime/node_modules/minimist/test/dash.js,1245,aa6b9628dbdad63cafdab97234845ac73a17f8c21d7e349aa1d7cbeaf2cf2a0f
workspace_mirror/work/local_llm_runtime/node_modules/minimist/test/default_bool.js,713,40d0d6bc29bf51341bca9552f0b7f961fb24ffd498a542ee083c62d3e50bbcb0
workspace_mirror/work/local_llm_runtime/node_modules/minimist/test/dotted.js,586,e6376a4431810c86bf9f6804f23f0bf916a261583f98d2f2cf107bd5fb573b6b
workspace_mirror/work/local_llm_runtime/node_modules/minimist/test/kv_short.js,660,c28239ce38d211ffee0cb5e01948506046b987ea6f9393498ed946a744403eba
workspace_mirror/work/local_llm_runtime/node_modules/minimist/test/long.js,649,c529a253f4561344fe001a1b206140c08351c14af75a28d4289e9c0fd8f52bf1
workspace_mirror/work/local_llm_runtime/node_modules/minimist/test/num.js,792,abdaeff736123a46d37ca48ca0e164f3819034a8542a1dd675766b1dfef6046f
workspace_mirror/work/local_llm_runtime/node_modules/minimist/test/parse.js,4086,2913bbcb005feda47329f4ef39bb824f403b162b53d0130d089c969310018be1
workspace_mirror/work/local_llm_runtime/node_modules/minimist/test/parse_modified.js,237,585fc719e4518408ed8c35e4e09f56be1628e1594edb9c3c91fa549ac437584c
workspace_mirror/work/local_llm_runtime/node_modules/minimist/test/proto.js,1741,e7d76717f8147efce380dcef05713ef2c7b4ea9eacd9c41f788b778c53d036f2
workspace_mirror/work/local_llm_runtime/node_modules/minimist/test/short.js,1295,4c95f30cb99b076c7e295b5ace4060d94010919478494aa2765f81bbd1aaf05c
workspace_mirror/work/local_llm_runtime/node_modules/minimist/test/stop_early.js,312,8bcd4a8a41cc38af9a93b62782c2bfdfb776f93ed7a12ba77fbad364ba3dbaa0
workspace_mirror/work/local_llm_runtime/node_modules/minimist/test/unknown.js,2106,2c8e34600ff6a1b07e55e0a9c25be77f973899c375ff2f41dc7ad9ce5f357302
workspace_mirror/work/local_llm_runtime/node_modules/minimist/test/whitespace.js,194,ad9cf3d4f9a41e7a92a765ae5588f8f701cb9fcc612f3f07c0b0caa86046446d
workspace_mirror/work/local_llm_runtime/node_modules/minipass/LICENSE.md,1552,8a1af140fdfbf5afd3df27f7e662f989c5b963a300020dfafce42033cae9e004
workspace_mirror/work/local_llm_runtime/node_modules/minipass/README.md,27159,69b9d3a872f51d6337f26b6840d0634e6396b025a7abe9803814f13b04ba46f5
workspace_mirror/work/local_llm_runtime/node_modules/minipass/dist/commonjs/index.d.ts,19375,0206b5c2f03ca87d15ca00c2bed1a2e9ede2dcd62e6bc8ffceb72c89e0b93133
workspace_mirror/work/local_llm_runtime/node_modules/minipass/dist/commonjs/index.d.ts.map,48061,b122e7d67d795a63fb6db4573f7f1bdce22f2fc6f53a55d62638169fee8eb207
workspace_mirror/work/local_llm_runtime/node_modules/minipass/dist/commonjs/index.js,34050,085dc9747f0f4b28a196353df3702e2ff8cf0bc883a02378df062525a7cf9a38
workspace_mirror/work/local_llm_runtime/node_modules/minipass/dist/commonjs/index.js.map,66964,e8b169bf41b4c1032847fcda67908cee399ad7791eeac0f6db9ca31cb2dc76f0
workspace_mirror/work/local_llm_runtime/node_modules/minipass/dist/commonjs/package.json,25,8005a3491db7d92f36ac66369861589f9c47123d3a7c71e643fc2c06168cd45a
workspace_mirror/work/local_llm_runtime/node_modules/minipass/dist/esm/index.d.ts,19375,0206b5c2f03ca87d15ca00c2bed1a2e9ede2dcd62e6bc8ffceb72c89e0b93133
workspace_mirror/work/local_llm_runtime/node_modules/minipass/dist/esm/index.d.ts.map,48061,b122e7d67d795a63fb6db4573f7f1bdce22f2fc6f53a55d62638169fee8eb207
workspace_mirror/work/local_llm_runtime/node_modules/minipass/dist/esm/index.js,33328,2690b4752df99b1e7959802070037ba2898908675e75f1e32c358578a4456dd3
workspace_mirror/work/local_llm_runtime/node_modules/minipass/dist/esm/index.js.map,66914,a09440346a2f68c3884fd05575a2ed3deb513efd68848d2e734ba78a06ec1763
workspace_mirror/work/local_llm_runtime/node_modules/minipass/dist/esm/package.json,23,3ca9d4afd21425087cf31893b8f9f63c81b0b8408db5e343ca76e5f8aa26ab9a
workspace_mirror/work/local_llm_runtime/node_modules/minipass/package.json,1904,b8ab116187d5e9375d494f17437eb862cbee4b329c21f15412c6a5170ec2f55c
workspace_mirror/work/local_llm_runtime/node_modules/minizlib/LICENSE,1339,df05697a04b8997c79d423930534e59cc18828f6e22d0c8c2d62fcbea1c4f50b
workspace_mirror/work/local_llm_runtime/node_modules/minizlib/README.md,2058,5b14868770662043794272987ce818b7f7a83937c6631bf421646311ee8d5ead
workspace_mirror/work/local_llm_runtime/node_modules/minizlib/dist/commonjs/constants.d.ts,76,4bdbe981d9eda5c6be33addaea85912fa226cf6fca4966e796e63ee55c2d91dd
workspace_mirror/work/local_llm_runtime/node_modules/minizlib/dist/commonjs/constants.d.ts.map,146,fa3558cafe75234cac9e1fea23e96eebfe0ceebadb95e0a1fd0da8eaf31ff6b3
workspace_mirror/work/local_llm_runtime/node_modules/minizlib/dist/commonjs/constants.js,4299,1574ad656e72d59598f1fd44bf2d242ff57d05ebd27cdf177b504e24b3e64fdf
workspace_mirror/work/local_llm_runtime/node_modules/minizlib/dist/commonjs/constants.js.map,7298,ed98c3aead0da9a0cb73f4d574a56451dd2a69622b18a4ce734f76e573ae9dd3
workspace_mirror/work/local_llm_runtime/node_modules/minizlib/dist/commonjs/index.d.ts,3506,a487ad8f8ba036c35f49b90a6b4b32700619b8695eadbc9fd8bd6f3ec2eca155
workspace_mirror/work/local_llm_runtime/node_modules/minizlib/dist/commonjs/index.d.ts.map,3122,9dc2d79d96e7a6c8d5ae95e7f41c41f94a2a41a035fd89689cac15c4e94a57a7
workspace_mirror/work/local_llm_runtime/node_modules/minizlib/dist/commonjs/index.js,14870,1545b857e5a597a4fb9294e5040f8b8e3f207e53901f935de2b135a4200abbbf
workspace_mirror/work/local_llm_runtime/node_modules/minizlib/dist/commonjs/index.js.map,24386,c9ab173c08372e34aff2a3756b06695c9d2755203dc741adcad268354ff30112
workspace_mirror/work/local_llm_runtime/node_modules/minizlib/dist/commonjs/package.json,25,8005a3491db7d92f36ac66369861589f9c47123d3a7c71e643fc2c06168cd45a
workspace_mirror/work/local_llm_runtime/node_modules/minizlib/dist/esm/constants.d.ts,76,4bdbe981d9eda5c6be33addaea85912fa226cf6fca4966e796e63ee55c2d91dd
workspace_mirror/work/local_llm_runtime/node_modules/minizlib/dist/esm/constants.d.ts.map,146,fa3558cafe75234cac9e1fea23e96eebfe0ceebadb95e0a1fd0da8eaf31ff6b3
workspace_mirror/work/local_llm_runtime/node_modules/minizlib/dist/esm/constants.js,4034,7c219d10414779e805f027504b8e1b20105dfa727cd01b6a5ef32158725f6033
workspace_mirror/work/local_llm_runtime/node_modules/minizlib/dist/esm/constants.js.map,7321,c23b8e6a7b7d02ef9b43e106c872e2c5eb43ad72642c3ab6f5638dba22f8cf17
workspace_mirror/work/local_llm_runtime/node_modules/minizlib/dist/esm/index.d.ts,3506,a487ad8f8ba036c35f49b90a6b4b32700619b8695eadbc9fd8bd6f3ec2eca155
workspace_mirror/work/local_llm_runtime/node_modules/minizlib/dist/esm/index.d.ts.map,3122,9dc2d79d96e7a6c8d5ae95e7f41c41f94a2a41a035fd89689cac15c4e94a57a7
workspace_mirror/work/local_llm_runtime/node_modules/minizlib/dist/esm/index.js,12247,d5416c33c5948b2cd9eb196c1a7f789811767a77a616129dd9f782fa5781c64a
workspace_mirror/work/local_llm_runtime/node_modules/minizlib/dist/esm/index.js.map,24369,626fb1dcf3e2463d52a17a526a3c7f714841e3bc648422860173cdbe336715f7
workspace_mirror/work/local_llm_runtime/node_modules/minizlib/dist/esm/package.json,23,3ca9d4afd21425087cf31893b8f9f63c81b0b8408db5e343ca76e5f8aa26ab9a
workspace_mirror/work/local_llm_runtime/node_modules/minizlib/package.json,1842,3e3b206f94f3bd444f18fed847d8caeacb84925c628ae3d87805bc1dd6c4c470
workspace_mirror/work/local_llm_runtime/node_modules/ms/index.js,3024,e5f0b6a946a9b2b356a28557728410717df54ea2f599edb619f9839df6b7b0e9
workspace_mirror/work/local_llm_runtime/node_modules/ms/license.md,1079,1662fae9b5314d11cf51284e2dcd1f006a354f7343f08712a730fcff9a359801
workspace_mirror/work/local_llm_runtime/node_modules/ms/package.json,732,1a6b4d9739790c0b94ab96c8cc0507e281c164c311ff4fbf5e57fb8d26290b40
workspace_mirror/work/local_llm_runtime/node_modules/ms/readme.md,1886,8bf6c4f414b123ea2a9375b91982882d01d8561ce7d12e3bb4f448c23359f040
workspace_mirror/work/local_llm_runtime/node_modules/nanoid/LICENSE,1095,4383cb2c3608397ce7a4159502614ed66890f8999c2a9c056dd3b1024d6721f0
workspace_mirror/work/local_llm_runtime/node_modules/nanoid/README.md,1575,d303724f3940e98de16bd53b253ff11f2aabfe5745f20f653768aff78b9aabda
workspace_mirror/work/local_llm_runtime/node_modules/nanoid/bin/nanoid.js,1519,4db4a147fbac315e661d4a66812ebcd59168066865ed0fd4c18c36cc060430e2
workspace_mirror/work/local_llm_runtime/node_modules/nanoid/index.browser.js,1394,eab53f7b74a573ff68775a7a8974058d82e52c85bf6296f5f07965b27132ac66
workspace_mirror/work/local_llm_runtime/node_modules/nanoid/index.d.ts,2771,3637e4089eaf583a1675743fa74e25ff09144b400782ed787d37980fc36fa085
workspace_mirror/work/local_llm_runtime/node_modules/nanoid/index.js,1973,2b4ce9dc67823e7a742fee2b2d0062d3648f71fe26b8b8b1e4e74c1534887c89
workspace_mirror/work/local_llm_runtime/node_modules/nanoid/nanoid.js,190,fdd9b994abae495794a6e60f0fe50d7f0ce147df072a5786443362419951730e
workspace_mirror/work/local_llm_runtime/node_modules/nanoid/non-secure/index.d.ts,1541,5644171f3bf41e3fb461770107690ac099dda7e7ad82c1d14af7cd4ef84879fa
workspace_mirror/work/local_llm_runtime/node_modules/nanoid/non-secure/index.js,488,739783f890e7616a288939f88877320611949f46eb3a007450bf7b45b7fc2984
workspace_mirror/work/local_llm_runtime/node_modules/nanoid/package.json,1000,07ac373149102d5a442db2aa0fef31c53ef5652e718fb96752000e6d99328dc4
workspace_mirror/work/local_llm_runtime/node_modules/nanoid/url-alphabet/index.js,94,0e1e2118e5e5ad7c1895002997cc1b0ec20bff05ac44ce10cdf78596c5c14ea8
workspace_mirror/work/local_llm_runtime/node_modules/node-addon-api/LICENSE.md,1150,89024017b88a9f2b763f79b941a4f2db3b4428edfcacdc0b23866b2da633ad0c
workspace_mirror/work/local_llm_runtime/node_modules/node-addon-api/README.md,4994,9c9fcf38e120933aac37fe2cbdcb85abb59ecb1a674abe944c9b627dff8539a6
workspace_mirror/work/local_llm_runtime/node_modules/node-addon-api/common.gypi,833,c2588f59f1d4eebe14331b2cfabcfdff85e8c282f9f66028385cffece8aa85e9
workspace_mirror/work/local_llm_runtime/node_modules/node-addon-api/except.gypi,560,ddbc09f5b66fe24dd898fbe659085a6ff72e9575025004fc3762271dba781e8b
workspace_mirror/work/local_llm_runtime/node_modules/node-addon-api/index.js,435,afbfa96b5c40c643828f212610129d2911095eff1e86e63ccfe81658d6fe61d9
workspace_mirror/work/local_llm_runtime/node_modules/node-addon-api/napi-inl.deprecated.h,6323,b66ed1e565e735bbfabcc2f72d466ab7c5414d3ef8851d1af440b81be7f2375c
workspace_mirror/work/local_llm_runtime/node_modules/node-addon-api/napi-inl.h,243635,83f7520e9028cee918ca876def8cd982ee67906f2b587c60a9d8d79183b881eb
workspace_mirror/work/local_llm_runtime/node_modules/node-addon-api/napi.h,125611,5e0eff20229ba021fa7c5ff6f62dfecc36f8c29f2da365b25cde3d6489d8b924
workspace_mirror/work/local_llm_runtime/node_modules/node-addon-api/node_addon_api.gyp,1097,6d34b9bae562103233f650d8a041edc0ca6b44d90898cd232b38745adfb7edfc
workspace_mirror/work/local_llm_runtime/node_modules/node-addon-api/node_api.gyp,132,3cd2c44fb0974f016376b676d46bbebbca7c89d4383b09ece30e4cb4122a1499
workspace_mirror/work/local_llm_runtime/node_modules/node-addon-api/noexcept.gypi,649,0e815179b5d2697e0acdc8f3c3a5d0a1ed050d48a295ee000454cf5352357f66
workspace_mirror/work/local_llm_runtime/node_modules/node-addon-api/nothing.c,0,e3b0c44298fc1c149afbf4c8996fb92427ae41e4649b934ca495991b7852b855
workspace_mirror/work/local_llm_runtime/node_modules/node-addon-api/package-support.json,467,b1cb7da23cca1681c7392a3c889eb0cc4916c53d2d7692d4b654ae751f3442f3
workspace_mirror/work/local_llm_runtime/node_modules/node-addon-api/package.json,11032,f26c85879016dd0cd6c2599d4cc79d579383051a82fc2684837cff2e1b6a0d29
workspace_mirror/work/local_llm_runtime/node_modules/node-addon-api/tools/README.md,3217,65e9ea918538f453166b10a1d609cf44cec3d2d01f23fecb5265fb3a4bf303d5
workspace_mirror/work/local_llm_runtime/node_modules/node-addon-api/tools/check-napi.js,3176,9e1207808023cd998fe9e377aefbe77d6c59fa129f94e6acbf24907149d8c11e
workspace_mirror/work/local_llm_runtime/node_modules/node-addon-api/tools/clang-format.js,2002,3e0b5e6d6f1a0c5ed106115871d0fd48f37bac5554effdacaf8d2439f4ed0c65
workspace_mirror/work/local_llm_runtime/node_modules/node-addon-api/tools/conversion.js,15001,9f375b0f9d9ec93c2ded07470478b3f523a2661c6ca707c28b0e9dae15009002
workspace_mirror/work/local_llm_runtime/node_modules/node-api-headers/.release-please-manifest.json,21,b05cb70ded8115e8ee4f7896d82c685df0155f76bdaedeb49031adde3cec103b
workspace_mirror/work/local_llm_runtime/node_modules/node-api-headers/CHANGELOG.md,6034,c5a481ff9761469dd4ff73372f72b33d3046bd114027893b2b84b3f5ae7eb867
workspace_mirror/work/local_llm_runtime/node_modules/node-api-headers/CODE_OF_CONDUCT.md,159,4c771222bb82f2bd7d2b1b78a29e97b62244d198c065a815ff2c49f59c14fe84
workspace_mirror/work/local_llm_runtime/node_modules/node-api-headers/CONTRIBUTING.md,1287,2ad4bf62c8a9e29e6633266790e6c6d43e3a50ffa6385199872aed4281411817
workspace_mirror/work/local_llm_runtime/node_modules/node-api-headers/CREATING_A_RELEASE.md,2250,e37f194c029df42b30f3c5cdeffe8b423ed93ab4a73c6f7d65a5a52ac3ba1ad0
workspace_mirror/work/local_llm_runtime/node_modules/node-api-headers/LICENSE,1064,a553508f516031c91f3af1148d44970cb81bbae6c4f091be6835d39cc252238c
workspace_mirror/work/local_llm_runtime/node_modules/node-api-headers/README.md,2741,63a4e81d19f02b164d51c4721ff3e88c81d410640de7e1d3520a2c406f0a7d83
workspace_mirror/work/local_llm_runtime/node_modules/node-api-headers/def/js_native_api.def,2734,77653a554fbb27f6c5666f4ba05f87d26f0de72bc3d0439961ac030030c2be66
workspace_mirror/work/local_llm_runtime/node_modules/node-api-headers/def/node_api.def,3550,e0d5e3da0520a42e26b563f6321291081bd15bdd20821d46818e5f47900f77d6
workspace_mirror/work/local_llm_runtime/node_modules/node-api-headers/include/js_native_api.h,31081,0953395662ea63697cd7a77a9320d94aa2829f9c9569abf3a74272b7a2923ce8
workspace_mirror/work/local_llm_runtime/node_modules/node-api-headers/include/js_native_api_types.h,6896,e785c16a9ce200e801242275cfd59090b029b5dae309a1a258f48d1570bf35ab
workspace_mirror/work/local_llm_runtime/node_modules/node-api-headers/include/node_api.h,10370,2d4560831e525b47b060ec8a0864ab73993df9e20215ce9f0fe7b24cd31af32a
workspace_mirror/work/local_llm_runtime/node_modules/node-api-headers/include/node_api_types.h,1930,a25356630d3058f0a0c8937d9f297e9471e037fda58c2696d8a505c2bd99cb00
workspace_mirror/work/local_llm_runtime/node_modules/node-api-headers/index.js,391,22da40f7ac5c1b9ec08261af5c6835b848d40a9c1751ad06163f4fa28e7850d2
workspace_mirror/work/local_llm_runtime/node_modules/node-api-headers/lib/clang-utils.js,1348,5a0867a36b1257e74d50cb6ef053473c7e33d419db5c433ed3c7cdbe5e3a64af
workspace_mirror/work/local_llm_runtime/node_modules/node-api-headers/lib/parse-utils.js,2623,83b04375c3b1e43547ecd2e4f82f00b9c9ca51a0357a450bf2749cfe38bee9a0
workspace_mirror/work/local_llm_runtime/node_modules/node-api-headers/package.json,1445,0468894feba89a7b6557ac7fc65068146784bfd8f978516de729e30eefc79795
workspace_mirror/work/local_llm_runtime/node_modules/node-api-headers/release-please-config.json,405,34bc7f1d5f389189215aecc238fa438490fb737ba295c9bbf8336ec90822b668
workspace_mirror/work/local_llm_runtime/node_modules/node-api-headers/symbols.js,6771,f0e076888936048ed171c007bb02f626314cf5253448969669b9c6d92f46168a
workspace_mirror/work/local_llm_runtime/node_modules/node-api-headers/test/parse-utils.js,1006,adeba7be8be3321733d0f2300a2581c6ef7283b7bea621a990da6d1b47cac4f4
workspace_mirror/work/local_llm_runtime/node_modules/node-llama-cpp/LICENSE,1065,a1ca3969baa10f09da46a0e834851c8150c35c729e88f8e756435fac02d1cd6d
workspace_mirror/work/local_llm_runtime/node_modules/node-llama-cpp/README.md,5403,fa48525ce267105e0a53ab0e77d8a0b4c9c8eebfbff38e21eb0e2fc62aa66827
workspace_mirror/work/local_llm_runtime/node_modules/node-llama-cpp/bins/_linux-arm64.moved.txt,46,8a9a9f63cde7dbe6d52319aede8103acdfd17df1abe1550dad40897cf831f547
workspace_mirror/work/local_llm_runtime/node_modules/node-llama-cpp/bins/_linux-armv7l.moved.txt,47,575f5b24664b0bedb98fe414164d4719f5253e7f8a020e2aa1dbcb50e61eb99c
workspace_mirror/work/local_llm_runtime/node_modules/node-llama-cpp/bins/_linux-riscv64.moved.txt,48,531eefb5cde3c97eebd6f24395213602502b75283464398476fe8b1be41d9cb7
workspace_mirror/work/local_llm_runtime/node_modules/node-llama-cpp/bins/_linux-x64-cuda.moved.txt,49,d67ae99cb7a47f69aac32e4adbe11473816759f0845f1a573c13a003cdaf0b47
workspace_mirror/work/local_llm_runtime/node_modules/node-llama-cpp/bins/_linux-x64-vulkan.moved.txt,51,ab63f634ae4cd5b2410a89a1b3bdf2c7b0a8b68d26f0b82cb7dbfbc43cf0712b
workspace_mirror/work/local_llm_runtime/node_modules/node-llama-cpp/bins/_linux-x64.moved.txt,44,75b61ebd3d3aba29dca959c18d4f0ed13f5dbff26888784644918ca51a6622ba
workspace_mirror/work/local_llm_runtime/node_modules/node-llama-cpp/bins/_mac-arm64-metal.moved.txt,50,f12d1abf1e0d7a9421c9784115f641c37c38e6817c38f35a4ffe8bfab797ee4e
workspace_mirror/work/local_llm_runtime/node_modules/node-llama-cpp/bins/_mac-x64.moved.txt,42,a33ac6036342da2d1af224164287d2d1b050dbd67e6629ab69ce7914a4c8bfa4
workspace_mirror/work/local_llm_runtime/node_modules/node-llama-cpp/bins/_win-arm64.moved.txt,44,3ae9d6c7ae1ea503f2c7e162da961d229ad69c423a82c4a4bc07be5e9a31b968
workspace_mirror/work/local_llm_runtime/node_modules/node-llama-cpp/bins/_win-x64-cuda.moved.txt,47,f11cdc8537d721731d5e57f1078b2f29f86bcee6b8860d96f7cbd541b35eb224
workspace_mirror/work/local_llm_runtime/node_modules/node-llama-cpp/bins/_win-x64-vulkan.moved.txt,49,cccce4441dd10b1070f85d71436eba8f9a8fd57789c3cdb21b0918231fe48d69
workspace_mirror/work/local_llm_runtime/node_modules/node-llama-cpp/bins/_win-x64.moved.txt,42,be15c828fee0392b4718aa4f4ef9b97f629f3dce005573d0874a63aff7cd1de5
workspace_mirror/work/local_llm_runtime/node_modules/node-llama-cpp/dist/ChatWrapper.d.ts,2162,b48fafbf6a71d3a59ec9007191c2ace89c09520e1f97e0ebbf45062a34571f59
workspace_mirror/work/local_llm_runtime/node_modules/node-llama-cpp/dist/ChatWrapper.js,11722,56724ff46b1f06ab0ad280b7c13daec4bc3812e57ee166f9b7ec61ae444081f1
workspace_mirror/work/local_llm_runtime/node_modules/node-llama-cpp/dist/ChatWrapper.js.map,9224,eda7f378511c190fbda85adb36e66f2deb7d79b02cf297b41e3425e28a831199
workspace_mirror/work/local_llm_runtime/node_modules/node-llama-cpp/dist/apiDocsIndex.d.ts,11,8e609bb71c20b858c77f0e9f90bb1319db8477b13f9f965f1a1e18524bf50881
workspace_mirror/work/local_llm_runtime/node_modules/node-llama-cpp/dist/apiDocsIndex.js,206,a452102129b2479d7d179c800dee5486be8745b7e7e24dae25a12bb494a9463e
workspace_mirror/work/local_llm_runtime/node_modules/node-llama-cpp/dist/apiDocsIndex.js.map,259,d3378d59953fda7a8a7859145a176c0cadd77d05b3f2a9d090255c34cf20ecdb
workspace_mirror/work/local_llm_runtime/node_modules/node-llama-cpp/dist/bindings/AddonTypes.d.ts,9186,30f54bf1874991212701148e8672e54a80a4032316c7303dddf81f461dfab1a9
workspace_mirror/work/local_llm_runtime/node_modules/node-llama-cpp/dist/bindings/AddonTypes.js,49,c8211ea50b093a25202d3345097c826b33241c9030e7443e9823cd235d39207f
workspace_mirror/work/local_llm_runtime/node_modules/node-llama-cpp/dist/bindings/AddonTypes.js.map,124,9a375683cd65984ac4ba189f979b5ad47513d62483c1d19a614d6476973b5ec6
workspace_mirror/work/local_llm_runtime/node_modules/node-llama-cpp/dist/bindings/Llama.d.ts,7450,fd1ee58545095606183821636edbe186d7a665e1f801e200e5782cd12452c193
workspace_mirror/work/local_llm_runtime/node_modules/node-llama-cpp/dist/bindings/Llama.js,31029,ecd4b0b224ab8dc4de545b9baa9103f03a8b57d1e8ec6be6e203e9a3acb9abd9
workspace_mirror/work/local_llm_runtime/node_modules/node-llama-cpp/dist/bindings/Llama.js.map,23049,22bc733dd953579b399878b27d8db773e074e869dabffb7ae524a10049eb0157
workspace_mirror/work/local_llm_runtime/node_modules/node-llama-cpp/dist/bindings/consts.d.ts,121,f5c58afafbfe7347d500e76cf7d3b1a303e7e3a462dfc7e5f221b41f7c8e97af
workspace_mirror/work/local_llm_runtime/node_modules/node-llama-cpp/dist/bindings/consts.js,329,a91ba6c74b04615faf9b5b0530574463ad576ca1a833e1cf32ed3a9ec860ec0d
workspace_mirror/work/local_llm_runtime/node_modules/node-llama-cpp/dist/bindings/consts.js.map,424,ebb2cc90a0d4f53abff1249f841730f61a7cb8d9c98c5d1d646de315c0ee4fa5
workspace_mirror/work/local_llm_runtime/node_modules/node-llama-cpp/dist/bindings/getLlama.d.ts,15702,bf1bf18c478baffec284c7bc3131f09da3947e5ab17a534814a48a008d790b51
workspace_mirror/work/local_llm_runtime/node_modules/node-llama-cpp/dist/bindings/getLlama.js,27082,125851f9a670422542359e3e4e255f4985f85725d86d98b85b1a825211ad5e02
workspace_mirror/work/local_llm_runtime/node_modules/node-llama-cpp/dist/bindings/getLlama.js.map,18183,021ce193827e7f5337fe7ac636bd2244d7189b9e387d22cd03ff6a540a55fd11
workspace_mirror/work/local_llm_runtime/node_modules/node-llama-cpp/dist/bindings/types.d.ts,3781,006cdb7252b0140fc8235e3ef51f094b418f727181acf5a3685be052ad7139c2
workspace_mirror/work/local_llm_runtime/node_modules/node-llama-cpp/dist/bindings/types.js,3650,4f53616ee12ef5df4586ac7553595b1e9f1ef0ad5ff7f96e01dd960f01594439
workspace_mirror/work/local_llm_runtime/node_modules/node-llama-cpp/dist/bindings/types.js.map,2667,a7ae6d3b85ff7448751ddb8d1612521716433e2619f28e3c0837ffe470cb216a
workspace_mirror/work/local_llm_runtime/node_modules/node-llama-cpp/dist/bindings/utils/MemoryOrchestrator.d.ts,1294,f9c6fdd06f0eeb0c4b3093dcfc5e83488d596bda63a6e25082aee252d44794e5
workspace_mirror/work/local_llm_runtime/node_modules/node-llama-cpp/dist/bindings/utils/MemoryOrchestrator.js,3598,fefbb2bac798460e8cbf8f149c9f858d154ba5c9af725a1073be39cc3dd3eab6
workspace_mirror/work/local_llm_runtime/node_modules/node-llama-cpp/dist/bindings/utils/MemoryOrchestrator.js.map,3665,63193c8e54325bef7633842896df4d5c2a083e19e41efcbd5bed4ba3851c92b5
workspace_mirror/work/local_llm_runtime/node_modules/node-llama-cpp/dist/bindings/utils/NoBinaryFoundError.d.ts,58,5cc21fccb23675167ed3710fd96fe4f0652251d4809e61b63688b64a3095c658
workspace_mirror/work/local_llm_runtime/node_modules/node-llama-cpp/dist/bindings/utils/NoBinaryFoundError.js,197,4b2d75bc26da5cd695091e77ea36d3bec1528f7316404526bcefb1f13e95e7e1
workspace_mirror/work/local_llm_runtime/node_modules/node-llama-cpp/dist/bindings/utils/NoBinaryFoundError.js.map,265,1b1a9d3b50967957a2fa19a71a882f643169593827bdb8bfc1cc915e141c6d62
workspace_mirror/work/local_llm_runtime/node_modules/node-llama-cpp/dist/bindings/utils/applyLlamaCppRepoPatches.d.ts,213,d8fec667d10363c9061ea57647b81891a2164f7a4940b8b28d062ed9df8c4f44
workspace_mirror/work/local_llm_runtime/node_modules/node-llama-cpp/dist/bindings/utils/applyLlamaCppRepoPatches.js,3607,6adbbcfd46a022cf533ccac7dec43db7c3c66585174c2b30926cbebc5841b0c0
workspace_mirror/work/local_llm_runtime/node_modules/node-llama-cpp/dist/bindings/utils/applyLlamaCppRepoPatches.js.map,3021,6a1c0d570ca00fd09cc398dc098a4152e64df2f7b69c6b6063bdf5e6ed4ca248
workspace_mirror/work/local_llm_runtime/node_modules/node-llama-cpp/dist/bindings/utils/asyncEvery.d.ts,298,2ff33ffc848a5544c35940c0f3022c0090f8350f8121646cb1c02183e987a968
workspace_mirror/work/local_llm_runtime/node_modules/node-llama-cpp/dist/bindings/utils/asyncEvery.js,559,802fcef172c14dd7b8e89516a2f4e33ec639b3a8f5226e7cc048ba5ccaa0af75
workspace_mirror/work/local_llm_runtime/node_modules/node-llama-cpp/dist/bindings/utils/asyncEvery.js.map,486,fabb23aa10f750c0403c1d36f95fd6aa74bdea2400b510308c35bfb23c712e0a
workspace_mirror/work/local_llm_runtime/node_modules/node-llama-cpp/dist/bindings/utils/asyncSome.d.ts,270,9a53fbc7e30f52b5d9d8016d6f14f74d3558ea88509cc3a5cd1722293e509333
workspace_mirror/work/local_llm_runtime/node_modules/node-llama-cpp/dist/bindings/utils/asyncSome.js,1038,bde2f6f3c03c11a73e0e81ff110536790639a808f08036ba3c2575fa6780dbd7
workspace_mirror/work/local_llm_runtime/node_modules/node-llama-cpp/dist/bindings/utils/asyncSome.js.map,903,7f14d6ae53c7bde2d68bed3e69e20d8488669b74cd75272c77c2463313286a7b
workspace_mirror/work/local_llm_runtime/node_modules/node-llama-cpp/dist/bindings/utils/binariesGithubRelease.d.ts,368,7c9ed82c75ef6989a571c9d022ad8a27d526713ed89691bdb6f46e2a3438ddde
workspace_mirror/work/local_llm_runtime/node_modules/node-llama-cpp/dist/bindings/utils/binariesGithubRelease.js,731,92ee16a6366d350f78ab2fdbf5b2559ef85eaeaa149348c561d9faca01493f04
workspace_mirror/work/local_llm_runtime/node_modules/node-llama-cpp/dist/bindings/utils/binariesGithubRelease.js.map,694,293610984b4b5ccf2bf7c915572b2aa883dcce59f522b909233ae75916dfdadd
workspace_mirror/work/local_llm_runtime/node_modules/node-llama-cpp/dist/bindings/utils/clearAllLocalBuilds.d.ts,84,20e8a6e7a4d14f3796890221be9267a7ae1f9abb69cbc257b8582756dbe59f38
workspace_mirror/work/local_llm_runtime/node_modules/node-llama-cpp/dist/bindings/utils/clearAllLocalBuilds.js,2122,ae724d4a7e3d1cefc1a06d82a89bb1bd86376faf5d327a41fe4d54df3413e196
workspace_mirror/work/local_llm_runtime/node_modules/node-llama-cpp/dist/bindings/utils/clearAllLocalBuilds.js.map,1883,24004538de77021c937e1c49e93a66b24e5c48e51203be852fb5eed9db58c431
workspace_mirror/work/local_llm_runtime/node_modules/node-llama-cpp/dist/bindings/utils/cloneLlamaCppRepo.d.ts,608,9f5a3158c68e09237f3401df8d31d511b8a63509dfaf2363c1837fa1cc4b0d66
workspace_mirror/work/local_llm_runtime/node_modules/node-llama-cpp/dist/bindings/utils/cloneLlamaCppRepo.js,8330,d82d1d67937beb396aef17c3eedcc78832ccba8c8a90992164d8d93dd272836d
workspace_mirror/work/local_llm_runtime/node_modules/node-llama-cpp/dist/bindings/utils/cloneLlamaCppRepo.js.map,6593,d49439601eaeaf582e74dfbc49a7adae11ceb66b55f816b47f4660b4f318eb05
workspace_mirror/work/local_llm_runtime/node_modules/node-llama-cpp/dist/bindings/utils/compileLLamaCpp.d.ts,1235,fdfe34bbd81b8961f240aeabb046b4a9936418b11b6ba758469a5f5b8311d698
workspace_mirror/work/local_llm_runtime/node_modules/node-llama-cpp/dist/bindings/utils/compileLLamaCpp.js,30286,8f6096f66ac28bca2149a273cde82009d36300ccc7cee5dc84c0daff64d1338d
workspace_mirror/work/local_llm_runtime/node_modules/node-llama-cpp/dist/bindings/utils/compileLLamaCpp.js.map,22750,e2aa2e335a0f489b778427a368743ed351fbf9b2ee788ba0adfe19f46d55af0e
workspace_mirror/work/local_llm_runtime/node_modules/node-llama-cpp/dist/bindings/utils/detectAvailableComputeLayers.d.ts,528,eb7235f7ffbb78e9c33ecad9ad97797983b5806a9a5db775f252c16d7963b1ea
workspace_mirror/work/local_llm_runtime/node_modules/node-llama-cpp/dist/bindings/utils/detectAvailableComputeLayers.js,13726,a599ae7ada45e0d0a9f75a066680c0a575004d7d27e8d22774d1536351d917eb
workspace_mirror/work/local_llm_runtime/node_modules/node-llama-cpp/dist/bindings/utils/detectAvailableComputeLayers.js.map,10866,8122446a9e714aa42143e425b32fe4824830de08d406aa27d1a1aa5fe9798457
workspace_mirror/work/local_llm_runtime/node_modules/node-llama-cpp/dist/bindings/utils/detectBuildTools.d.ts,533,505c62dd6865d18d9ab2d5541f606c6f84d6262e193ab93cccdaf42e0d1166e2
workspace_mirror/work/local_llm_runtime/node_modules/node-llama-cpp/dist/bindings/utils/detectBuildTools.js,6666,ac422a3b76e0e635e55c68f6532a29829f2c65f3ae094a9e964d5b7d49f5e280
workspace_mirror/work/local_llm_runtime/node_modules/node-llama-cpp/dist/bindings/utils/detectBuildTools.js.map,6298,24891a333f9a38ab7abfc754d26a6940ddf21c821f19c09d09d2dfc77d9dd6a5
workspace_mirror/work/local_llm_runtime/node_modules/node-llama-cpp/dist/bindings/utils/detectGlibc.d.ts,155,93674b4d9ff311fefa15a30a706a17e76a9d3d4c77b99b2fe94d04e5507eb57b
workspace_mirror/work/local_llm_runtime/node_modules/node-llama-cpp/dist/bindings/utils/detectGlibc.js,3000,4b7eae1f09cd931b945e4be616908e46ed4d5b6afbb7eb6179d99ca23082cb98
workspace_mirror/work/local_llm_runtime/node_modules/node-llama-cpp/dist/bindings/utils/detectGlibc.js.map,2208,82643a9157e93b33d21270a17119482822570cffc60e1d846a6c79a02f5b4921
workspace_mirror/work/local_llm_runtime/node_modules/node-llama-cpp/dist/bindings/utils/disposeBeforeExit.d.ts,294,cb902ca100d734a763ee3f3dc267df7caa8e1fec371eae26bd6da972378d9c17
workspace_mirror/work/local_llm_runtime/node_modules/node-llama-cpp/dist/bindings/utils/disposeBeforeExit.js,1261,fb86435a41357625be5c7e60981a37ec3eaca7b4284d56284de970b16f4ff121
workspace_mirror/work/local_llm_runtime/node_modules/node-llama-cpp/dist/bindings/utils/disposeBeforeExit.js.map,1421,b43a8a420c8f0a8020c71a9fb401403e24f40a7e91e3c6cecb21a3bdfc3dc908
workspace_mirror/work/local_llm_runtime/node_modules/node-llama-cpp/dist/bindings/utils/getBestComputeLayersAvailable.d.ts,471,6efe8a6aea0458b188c087c1d275a315ef27ccd4dbe24b8acbbdcfa218e11faf
workspace_mirror/work/local_llm_runtime/node_modules/node-llama-cpp/dist/bindings/utils/getBestComputeLayersAvailable.js,1224,4e2f146b8956b080abbce92e69b31cb85188d0efcf34030d560f5e9c2bbc08ac
workspace_mirror/work/local_llm_runtime/node_modules/node-llama-cpp/dist/bindings/utils/getBestComputeLayersAvailable.js.map,1141,aad53dec39eb010d813f882da3d90bdddd5bb5936fc40bf3f261b0826cf1c7bc
workspace_mirror/work/local_llm_runtime/node_modules/node-llama-cpp/dist/bindings/utils/getBuildFolderNameForBuildOptions.d.ts,244,32b9642711ad5764dacc86fe7ff5e650cfe0655975998476afac0e46bb66801a
workspace_mirror/work/local_llm_runtime/node_modules/node-llama-cpp/dist/bindings/utils/getBuildFolderNameForBuildOptions.js,4256,726f27f04451bdec996a2a1af3cdc2f46c9379a3f1c53ec73a7a13e272e210ff
workspace_mirror/work/local_llm_runtime/node_modules/node-llama-cpp/dist/bindings/utils/getBuildFolderNameForBuildOptions.js.map,4284,9090ac4a71e77ec98c73a17b232cdcbbfa48216f68c8b12ff7e115ac25985e60
workspace_mirror/work/local_llm_runtime/node_modules/node-llama-cpp/dist/bindings/utils/getCanUsePrebuiltBinaries.d.ts,71,f63c0bac3e67c77eff66e07debce6b0987de89117950ef7cb1da9e6f31aec60a
workspace_mirror/work/local_llm_runtime/node_modules/node-llama-cpp/dist/bindings/utils/getCanUsePrebuiltBinaries.js,602,82f0a5026a53b676089feeeee5d9b8fe31c2fcc488245e4c17f5f772e2b08f22
workspace_mirror/work/local_llm_runtime/node_modules/node-llama-cpp/dist/bindings/utils/getCanUsePrebuiltBinaries.js.map,500,5fc6d20530263fe08c844beace5ed70af27f3d5b633e14539c141e7b3bd3c955
workspace_mirror/work/local_llm_runtime/node_modules/node-llama-cpp/dist/bindings/utils/getExampleUsageCodeOfGetLlama.d.ts,214,35723d2c749f86373bf01ef295031488bec62a754bf2b6b82b801c8c33d79e17
workspace_mirror/work/local_llm_runtime/node_modules/node-llama-cpp/dist/bindings/utils/getExampleUsageCodeOfGetLlama.js,1260,bb8a2fc18ffaa8eeea398da7469e1e33846dd4862627bf6c41d75da4cf500ad7
workspace_mirror/work/local_llm_runtime/node_modules/node-llama-cpp/dist/bindings/utils/getExampleUsageCodeOfGetLlama.js.map,1544,d70523d9cafac1a1fad7b64518bb02c713d41dc16ea5c228e4a9adfb6774b3b1
workspace_mirror/work/local_llm_runtime/node_modules/node-llama-cpp/dist/bindings/utils/getGpuTypesToUseForOption.d.ts,580,7033b0418c4a784ddb994a3848e3017208459434c1123d8c4d19847fdcef1ff6
workspace_mirror/work/local_llm_runtime/node_modules/node-llama-cpp/dist/bindings/utils/getGpuTypesToUseForOption.js,1485,252c98efcadbee119611403dd59f841891ceffdfae0c17c1cd339bb45e4e82b5
workspace_mirror/work/local_llm_runtime/node_modules/node-llama-cpp/dist/bindings/utils/getGpuTypesToUseForOption.js.map,1499,96c2739dac9ae20a3cc2aca6b5c0441559f7a016c202debb281081347ee31248
workspace_mirror/work/local_llm_runtime/node_modules/node-llama-cpp/dist/bindings/utils/getLinuxDistroInfo.d.ts,343,87a32166f287b2377a941cf625b70449063048ab0fe8283c14fe1dbac0cce77a
workspace_mirror/work/local_llm_runtime/node_modules/node-llama-cpp/dist/bindings/utils/getLinuxDistroInfo.js,1759,9d7f27fb57821de370a8b4456c528ea3493599676bf2a9ca14729e383f4a2794
workspace_mirror/work/local_llm_runtime/node_modules/node-llama-cpp/dist/bindings/utils/getLinuxDistroInfo.js.map,1795,0ff48ecb1f28bf6320ae3cd85d03a59d57736a1e574e0f767fce9faf960889ce
workspace_mirror/work/local_llm_runtime/node_modules/node-llama-cpp/dist/bindings/utils/getLlamaGpuTypes.d.ts,802,70580b3a6718ca978eeb2c4a7e46241bf0aae2e22890f38ac0da59bb2feedcb9
workspace_mirror/work/local_llm_runtime/node_modules/node-llama-cpp/dist/bindings/utils/getLlamaGpuTypes.js,1597,44f7678907800ce07d0547ad67403222371cbb4ca9548ec393aa723a16e553c3
workspace_mirror/work/local_llm_runtime/node_modules/node-llama-cpp/dist/bindings/utils/getLlamaGpuTypes.js.map,994,c4727b2692c739ce112f9b1a5aa5e2d7eb634599fbf885f275908525aeb8de19
workspace_mirror/work/local_llm_runtime/node_modules/node-llama-cpp/dist/bindings/utils/getLlamaWithoutBackend.d.ts,204,cf16094887a0f2b97f91097b3414ca8e6ca4656a05de6028284e6c554f9d0308
workspace_mirror/work/local_llm_runtime/node_modules/node-llama-cpp/dist/bindings/utils/getLlamaWithoutBackend.js,1425,d00e8d76323bdeadd3702153928dfe1fa08b1e58135a5a9b7e331b000c9d9ff7
workspace_mirror/work/local_llm_runtime/node_modules/node-llama-cpp/dist/bindings/utils/getLlamaWithoutBackend.js.map,1078,0c1721e66ed9fce41a5cc586fed1953d4e8e3892b4abc178ad93f10075f9981d
workspace_mirror/work/local_llm_runtime/node_modules/node-llama-cpp/dist/bindings/utils/getPlatform.d.ts,188,495117fe6d768ba7aa6ff1918ae007501801b1f85a0d7ee759948c6e269138ae
workspace_mirror/work/local_llm_runtime/node_modules/node-llama-cpp/dist/bindings/utils/getPlatform.js,365,4fbdbbe6c4b2660a2063ca4a2d62c26e2ae307e15c79e9294e38958e4d18f98c
workspace_mirror/work/local_llm_runtime/node_modules/node-llama-cpp/dist/bindings/utils/getPlatform.js.map,421,88b01e50004f1df1475c9a1163e8128646a096e63d4853baf2577f1d989ea15f
workspace_mirror/work/local_llm_runtime/node_modules/node-llama-cpp/dist/bindings/utils/getPlatformInfo.d.ts,174,43cf7c7598105aab79a8bdd5928f4ceb350c1efa5efb5bcc719b07c62f3558c0
workspace_mirror/work/local_llm_runtime/node_modules/node-llama-cpp/dist/bindings/utils/getPlatformInfo.js,814,b8a40913c1db2e793e9f9a7ce13bb71010e7cf1a8ee0fd9c5c584bac92be0e02
workspace_mirror/work/local_llm_runtime/node_modules/node-llama-cpp/dist/bindings/utils/getPlatformInfo.js.map,789,eb3d4bbcbf6bc8e27e8e8fc3b78ef23d3fe581786749fceba2032d53c16152bb
workspace_mirror/work/local_llm_runtime/node_modules/node-llama-cpp/dist/bindings/utils/hasBuildingFromSourceDependenciesInstalled.d.ts,192,8d5925cf73ebd46cdd03bb8de6cc58c31360f486a7a3a205eb70c4d038bb1744
workspace_mirror/work/local_llm_runtime/node_modules/node-llama-cpp/dist/bindings/utils/hasBuildingFromSourceDependenciesInstalled.js,651,d152c04f153a31f2029f36d24e9add72bf233ae6e39945d51b986ee749af3177
workspace_mirror/work/local_llm_runtime/node_modules/node-llama-cpp/dist/bindings/utils/hasBuildingFromSourceDependenciesInstalled.js.map,792,7a68385622ff8fa846edab88a3a82fc484e63a4cb60a9d0b8d36493e54202565
workspace_mirror/work/local_llm_runtime/node_modules/node-llama-cpp/dist/bindings/utils/hasFileInPath.d.ts,281,4d9b5f5b7c6cf656720255c2f776a4c016c9917ce90f38bf5209cacbd84e06cf
workspace_mirror/work/local_llm_runtime/node_modules/node-llama-cpp/dist/bindings/utils/hasFileInPath.js,1483,f7e8c2a6d2655aa4352f8d7f1eb002fd91f310b97596971662960be462234e2a
workspace_mirror/work/local_llm_runtime/node_modules/node-llama-cpp/dist/bindings/utils/hasFileInPath.js.map,1747,c5fee0c3a3dd5cd5a9ac6a8a358ae449de22496d3aac4a40bb5f17c139964fd9
workspace_mirror/work/local_llm_runtime/node_modules/node-llama-cpp/dist/bindings/utils/lastBuildInfo.d.ts,219,69bf1ae99f6ea3c06b19d29b8b0087a19694beccaedcc8f4718b489c62688c37
workspace_mirror/work/local_llm_runtime/node_modules/node-llama-cpp/dist/bindings/utils/lastBuildInfo.js,464,fac8ae83a122c904ed3e916fdf792a25ad1416817d5b1dc638576dff84727ca8
workspace_mirror/work/local_llm_runtime/node_modules/node-llama-cpp/dist/bindings/utils/lastBuildInfo.js.map,565,08f24b44c57dd34729627c1016bb9f35e7e8932ed02809b5f4eaca0aa97608e5
workspace_mirror/work/local_llm_runtime/node_modules/node-llama-cpp/dist/bindings/utils/logBinaryUsageExampleToConsole.d.ts,198,b93839dd07b2c0537e8aaf747f5a987f44a74f2fb3af0cc17bd70900bd3b48b4
workspace_mirror/work/local_llm_runtime/node_modules/node-llama-cpp/dist/bindings/utils/logBinaryUsageExampleToConsole.js,1132,84ad2a35b8d4bfd375d710cf70aeb096ae6f88502b203bb2d2a7ecba45a8738a
workspace_mirror/work/local_llm_runtime/node_modules/node-llama-cpp/dist/bindings/utils/logBinaryUsageExampleToConsole.js.map,1079,b1694275ceb04f22a7645e918b302fb1696b8f24cf3398e5298f446fbdeb399e
workspace_mirror/work/local_llm_runtime/node_modules/node-llama-cpp/dist/bindings/utils/logDistroInstallInstruction.d.ts,472,8b678a960cb5ed3652c785fd0ff051d59c82affffcc25212664bcc391d80aaa3
workspace_mirror/work/local_llm_runtime/node_modules/node-llama-cpp/dist/bindings/utils/logDistroInstallInstruction.js,2156,4d300c296da90d2a362f442e47d6e43e763dd334151fbceb377bcc64d125c51b
workspace_mirror/work/local_llm_runtime/node_modules/node-llama-cpp/dist/bindings/utils/logDistroInstallInstruction.js.map,2278,eaadb945544a349f5351735f53940602c2a587539a574f794932389dbddab3bb
workspace_mirror/work/local_llm_runtime/node_modules/node-llama-cpp/dist/bindings/utils/resolveActualBindingBinaryPath.d.ts,93,07d4cc522d6756000037cab7469bfa759ea81f673a26c50787f4687419bdf4c1
workspace_mirror/work/local_llm_runtime/node_modules/node-llama-cpp/dist/bindings/utils/resolveActualBindingBinaryPath.js,624,0e3038cb81548fe3b5e693e88e83c2abd57afc1af5cf304c865f65a6c4d8340b
workspace_mirror/work/local_llm_runtime/node_modules/node-llama-cpp/dist/bindings/utils/resolveActualBindingBinaryPath.js.map,710,9436ca18108d99673fe976b7bcf2e9c8d47b1ce76213f6136bbeef1bddbb6149
workspace_mirror/work/local_llm_runtime/node_modules/node-llama-cpp/dist/bindings/utils/resolveCustomCmakeOptions.d.ts,117,cfdb0d3edfae6ce61bab15a6ba3ae91dc09bb1d4490b1b91c947de8d99c38a37
workspace_mirror/work/local_llm_runtime/node_modules/node-llama-cpp/dist/bindings/utils/resolveCustomCmakeOptions.js,2332,3649144fd7324f1bf3d3cce54455d9199da81a03055156203913304f3a4d7a85
workspace_mirror/work/local_llm_runtime/node_modules/node-llama-cpp/dist/bindings/utils/resolveCustomCmakeOptions.js.map,2266,2e1b97884a35f87f505244eb07c990fa3f4f12765cc742eeff8432af682daede
workspace_mirror/work/local_llm_runtime/node_modules/node-llama-cpp/dist/bindings/utils/testBindingBinary.d.ts,230,73a661a0199b471a2d81b1d9b95dafd619bfa0d989e8b5d7db69767cff1afa56
workspace_mirror/work/local_llm_runtime/node_modules/node-llama-cpp/dist/bindings/utils/testBindingBinary.js,11211,87857f7fcddbf87c4d14a32331f88b3fefb5c40471f7b0151e94d46d881d6354
workspace_mirror/work/local_llm_runtime/node_modules/node-llama-cpp/dist/bindings/utils/testBindingBinary.js.map,8843,22bec6bda9c444ba8876b20eb4923e0166c0f2cf2d9876208cae1c0c6133e2c8
workspace_mirror/work/local_llm_runtime/node_modules/node-llama-cpp/dist/bindings/utils/testCmakeBinary.d.ts,184,3cd747cfe667d160ede8212982d2c073171f594246dfaa21f1d04eb6715d9d79
workspace_mirror/work/local_llm_runtime/node_modules/node-llama-cpp/dist/bindings/utils/testCmakeBinary.js,1072,322067542bd7fbc79a3b7af882835874f47e9252443a2ff26087ac603ae2eaf1
workspace_mirror/work/local_llm_runtime/node_modules/node-llama-cpp/dist/bindings/utils/testCmakeBinary.js.map,1285,825b9a885a12ac323000e537db734e660301ca5fcb6f202ab837f1172dad6e06
workspace_mirror/work/local_llm_runtime/node_modules/node-llama-cpp/dist/chatWrappers/AlpacaChatWrapper.d.ts,749,a29fc0b1f3025fe03564e628f06d780feeebc62abced4d8004ffaa1e7a159ae8
workspace_mirror/work/local_llm_runtime/node_modules/node-llama-cpp/dist/chatWrappers/AlpacaChatWrapper.js,1278,ae5e10d9fc78e5eed6e37df5185af74fd1a94fb67a1016f016029ac224da08c3
workspace_mirror/work/local_llm_runtime/node_modules/node-llama-cpp/dist/chatWrappers/AlpacaChatWrapper.js.map,947,819451a569305538d7fbda7178d40e1bb77395ee959ddd8c9d60593ad1c87886
workspace_mirror/work/local_llm_runtime/node_modules/node-llama-cpp/dist/chatWrappers/ChatMLChatWrapper.d.ts,411,af1675b1a23602a3d7d26ad0620f571069997252d6291d686b5f5016a445be24
workspace_mirror/work/local_llm_runtime/node_modules/node-llama-cpp/dist/chatWrappers/ChatMLChatWrapper.js,3563,89b2ed2393b0219d8a17cd1a99e24e70f2a8c3e12edf0328c3d912738383fa20
workspace_mirror/work/local_llm_runtime/node_modules/node-llama-cpp/dist/chatWrappers/ChatMLChatWrapper.js.map,2870,0a9db6da0b926d2dedee5465be53191c7e102ac3d67713c3a1a0bc0614e7e230
workspace_mirror/work/local_llm_runtime/node_modules/node-llama-cpp/dist/chatWrappers/DeepSeekChatWrapper.d.ts,1762,e16244b7d4431374a4742ba95427b6e5bd6465346bd453f551345e2124106a78
workspace_mirror/work/local_llm_runtime/node_modules/node-llama-cpp/dist/chatWrappers/DeepSeekChatWrapper.js,17293,712eba0bd11ce17e885b6ad599c3eee43de49ca738a0143839967295a4d5b691
workspace_mirror/work/local_llm_runtime/node_modules/node-llama-cpp/dist/chatWrappers/DeepSeekChatWrapper.js.map,9375,68744e73950b0ab67a2972f0968506675a719edce8492b967791890420d63736
workspace_mirror/work/local_llm_runtime/node_modules/node-llama-cpp/dist/chatWrappers/EmptyChatWrapper.d.ts,145,c19d986571b104e60b7d06b9fa88e873ffd137a29a1410bb6429889eacfc4810
workspace_mirror/work/local_llm_runtime/node_modules/node-llama-cpp/dist/chatWrappers/EmptyChatWrapper.js,174,cf242397d956e6c44f83123ab6888308fee4cdbea8d1fe970f45c8b7c4e42dcc
workspace_mirror/work/local_llm_runtime/node_modules/node-llama-cpp/dist/chatWrappers/EmptyChatWrapper.js.map,246,5b985e954167641c976d477b21e75d3fdc34c8909b2f9e2124412952b4b3c8a6
workspace_mirror/work/local_llm_runtime/node_modules/node-llama-cpp/dist/chatWrappers/FalconChatWrapper.d.ts,994,97d8a3011dabbcb09f4c73c6582707f3922382ae8828c4998f7b1d34f2e4dc49
workspace_mirror/work/local_llm_runtime/node_modules/node-llama-cpp/dist/chatWrappers/FalconChatWrapper.js,5527,8f08a4c6cbecea661681d02c14b69fd6253cf16a58be5eaddc587a984e5889cc
workspace_mirror/work/local_llm_runtime/node_modules/node-llama-cpp/dist/chatWrappers/FalconChatWrapper.js.map,4276,1a1fd8a2b5f3304cf2eb8eeebe7a52d84d7e67df42912b64d14dc01b63364028
workspace_mirror/work/local_llm_runtime/node_modules/node-llama-cpp/dist/chatWrappers/FunctionaryChatWrapper.d.ts,1066,5b10fea9d9a1c7aa9739152b5636dea66c52fbfa507095c63ab6484f72045889
workspace_mirror/work/local_llm_runtime/node_modules/node-llama-cpp/dist/chatWrappers/FunctionaryChatWrapper.js,29960,40fa00f17c0a117838561dd6ea16c60b93b5d39fce008d7bbfd7036442d778bb
workspace_mirror/work/local_llm_runtime/node_modules/node-llama-cpp/dist/chatWrappers/FunctionaryChatWrapper.js.map,19839,bbfd1fff8d5613bd82ee36cc92d4e0d31f9e565bfd4da509fadd6f6afa11ebbb
workspace_mirror/work/local_llm_runtime/node_modules/node-llama-cpp/dist/chatWrappers/Gemma4ChatWrapper.d.ts,1420,de1874286085df7884ce73028c2cf28b8b22433b8d8decc3c16b56122827b7d5
workspace_mirror/work/local_llm_runtime/node_modules/node-llama-cpp/dist/chatWrappers/Gemma4ChatWrapper.js,8301,62bc06cb1784ae17de6f25f611c533c3cc2df2e3762d2b26f5756fa0444e801b
workspace_mirror/work/local_llm_runtime/node_modules/node-llama-cpp/dist/chatWrappers/Gemma4ChatWrapper.js.map,6455,fa470139252ae3b5da0004686cc884104ee1b1307e31b426b0bb091b5ba8dfe0
workspace_mirror/work/local_llm_runtime/node_modules/node-llama-cpp/dist/chatWrappers/GemmaChatWrapper.d.ts,475,0748b9fc3d6594131a6095b605ebd18a362ee70bc9c3c04ec4d161e28f32211b
workspace_mirror/work/local_llm_runtime/node_modules/node-llama-cpp/dist/chatWrappers/GemmaChatWrapper.js,4014,53f4ccea5b27dca4b888db12c8ece6d3f6169e6db0479c623f3b63cca0dab7ba
workspace_mirror/work/local_llm_runtime/node_modules/node-llama-cpp/dist/chatWrappers/GemmaChatWrapper.js.map,3071,83186031bddac3cbb2e88a4e510065b34a9dfff55279c88b221fd4dca75b4586
workspace_mirror/work/local_llm_runtime/node_modules/node-llama-cpp/dist/chatWrappers/GeneralChatWrapper.d.ts,995,4e11a43d3195d485a7c77c6bef9a8b1b76c7987b43dfaeb2f8ccd087b53e25b9
workspace_mirror/work/local_llm_runtime/node_modules/node-llama-cpp/dist/chatWrappers/GeneralChatWrapper.js,6626,ee64545bbbdbcb1dad57f47701afb85bdcc32eb9071be05d7856ed13b524a3d4
workspace_mirror/work/local_llm_runtime/node_modules/node-llama-cpp/dist/chatWrappers/GeneralChatWrapper.js.map,5075,e5e09ad936289282803ae15e6f2b5c5d9009591e1c5d679523b4b145cb0e578f
workspace_mirror/work/local_llm_runtime/node_modules/node-llama-cpp/dist/chatWrappers/HarmonyChatWrapper.d.ts,3104,2349b674f44a2b3e94d3057b1f04da1e8518c60c3c7d817f5fa8b9acc0af986a
workspace_mirror/work/local_llm_runtime/node_modules/node-llama-cpp/dist/chatWrappers/HarmonyChatWrapper.js,24309,503333c23980b16e23011a15132fd77f7e58ecc2c73a4cedebfb6e0258d0c5d6
workspace_mirror/work/local_llm_runtime/node_modules/node-llama-cpp/dist/chatWrappers/HarmonyChatWrapper.js.map,17459,ec3ac13ec82ff129c5877dabda54f673813969a2f5ce61e136c1ded1d08ad3cc
workspace_mirror/work/local_llm_runtime/node_modules/node-llama-cpp/dist/chatWrappers/Llama2ChatWrapper.d.ts,551,d36b065bac8093c16075d30918b5263e3f840060791132e1e297ebc01a7060ce
workspace_mirror/work/local_llm_runtime/node_modules/node-llama-cpp/dist/chatWrappers/Llama2ChatWrapper.js,3812,ebefd573ed857de418b132107a7264e03a89a69e1b77817f184dd1ae6c3af8fe
workspace_mirror/work/local_llm_runtime/node_modules/node-llama-cpp/dist/chatWrappers/Llama2ChatWrapper.js.map,3045,dadcc1988539926bb95ea68b338cc3bd3a201e17a096fe79fddeadc1e028dd40
workspace_mirror/work/local_llm_runtime/node_modules/node-llama-cpp/dist/chatWrappers/Llama3ChatWrapper.d.ts,838,59de9ac7c1be2105cc722b5f9d74492ac7f82c7e34c7f066f57a65951d5ec61d
workspace_mirror/work/local_llm_runtime/node_modules/node-llama-cpp/dist/chatWrappers/Llama3ChatWrapper.js,8143,fb2b8f4c33dc4c8854a8c294177d31905c1a5dfcad6697fded0fe5f770aeaf88
workspace_mirror/work/local_llm_runtime/node_modules/node-llama-cpp/dist/chatWrappers/Llama3ChatWrapper.js.map,5104,666a4ecf84846d5d857bf8a92d470044579aed68100a91b62563412f573b8f52
workspace_mirror/work/local_llm_runtime/node_modules/node-llama-cpp/dist/chatWrappers/Llama3_1ChatWrapper.d.ts,1616,2841469ad257897b7ace8f6102d5b1e2f4a72d9cad6ac42002b42edadb4da10c
workspace_mirror/work/local_llm_runtime/node_modules/node-llama-cpp/dist/chatWrappers/Llama3_1ChatWrapper.js,13657,fd4b4cc8f9dd914e5520a737c86c44090424c90c7f6f42a1a8c19767802f09de
workspace_mirror/work/local_llm_runtime/node_modules/node-llama-cpp/dist/chatWrappers/Llama3_1ChatWrapper.js.map,10344,df144eccabb69cd2b4fdf633aa77479238e090a966b36a2e865ff16d9d471f43
workspace_mirror/work/local_llm_runtime/node_modules/node-llama-cpp/dist/chatWrappers/Llama3_2LightweightChatWrapper.d.ts,1665,6779aafcf3dde157761676b95321b230daf2be2b2ee01b8b47a31fc8693191d4
workspace_mirror/work/local_llm_runtime/node_modules/node-llama-cpp/dist/chatWrappers/Llama3_2LightweightChatWrapper.js,12506,849f8827491356889245cec7c63770ebc7d0823fe02ee63d3a8b7c11f8e8a1d4
workspace_mirror/work/local_llm_runtime/node_modules/node-llama-cpp/dist/chatWrappers/Llama3_2LightweightChatWrapper.js.map,9636,59cbd47c288b32fe06be345f7f9600efe7ce1d180e29c15d92917d88ff07b0de
workspace_mirror/work/local_llm_runtime/node_modules/node-llama-cpp/dist/chatWrappers/MistralChatWrapper.d.ts,1020,c14aa9d8953a58853466505a76ac8170d97cea2226a81332a89bf5aeb0be928a
workspace_mirror/work/local_llm_runtime/node_modules/node-llama-cpp/dist/chatWrappers/MistralChatWrapper.js,8150,4b3b7f6724559e4729841db9fc22b5ee7024727f6013af0b88386bec1c4804c0
workspace_mirror/work/local_llm_runtime/node_modules/node-llama-cpp/dist/chatWrappers/MistralChatWrapper.js.map,6218,627ea81530a13443c45742dde2b86de2c4f6db0e6c8d99da1c3b2ebb97b24177
workspace_mirror/work/local_llm_runtime/node_modules/node-llama-cpp/dist/chatWrappers/MuseChatWrapper.d.ts,2660,157a40cfd6ed775b73ad6d1e8f4f61b102df0c760a058b3dee9543be497b41cb
workspace_mirror/work/local_llm_runtime/node_modules/node-llama-cpp/dist/chatWrappers/MuseChatWrapper.js,19449,2e9911b263b8fe2830ec0c8a15f797856e216493db41cdc8675779f47cebd237
workspace_mirror/work/local_llm_runtime/node_modules/node-llama-cpp/dist/chatWrappers/MuseChatWrapper.js.map,14170,1ff61baac2f675c0595c059d8274a9b7cbf532567b6e19ee818455ff73d906be
workspace_mirror/work/local_llm_runtime/node_modules/node-llama-cpp/dist/chatWrappers/QwenChatWrapper.d.ts,1841,01dfc49ad0e241403a0e19afa38ee163a279364c5789be097f61cfd5fd952a17
workspace_mirror/work/local_llm_runtime/node_modules/node-llama-cpp/dist/chatWrappers/QwenChatWrapper.js,17889,a68844358e8be7cab98224d3f1850a170f7ab150fabdfbd65f4708bb8ea14f08
workspace_mirror/work/local_llm_runtime/node_modules/node-llama-cpp/dist/chatWrappers/QwenChatWrapper.js.map,11545,cb120ad8a46832a5cbeea9d2fa18cf1e9564244eb7d9b4c4a02e00feb524a458
workspace_mirror/work/local_llm_runtime/node_modules/node-llama-cpp/dist/chatWrappers/SeedChatWrapper.d.ts,1196,283e21bf5968d6ae85629407a2cc43eac9668870707bb5d15c55782b7b188417
workspace_mirror/work/local_llm_runtime/node_modules/node-llama-cpp/dist/chatWrappers/SeedChatWrapper.js,9104,a83d5923385ed8885ef0e7843ba50f1090dab7dff0df1ad5c7181c2fda3e9a95
workspace_mirror/work/local_llm_runtime/node_modules/node-llama-cpp/dist/chatWrappers/SeedChatWrapper.js.map,5897,5c054e5a7a6579193389e7ffd084212b66c589d43ecaa62e05d77d8aaf2b91a2
workspace_mirror/work/local_llm_runtime/node_modules/node-llama-cpp/dist/chatWrappers/generic/JinjaTemplateChatWrapper.d.ts,6966,9e0c8aef907cd52c0c4fca335cf469eddced7f800dd6259b05f3df04f83cdde4
workspace_mirror/work/local_llm_runtime/node_modules/node-llama-cpp/dist/chatWrappers/generic/JinjaTemplateChatWrapper.js,38603,7c3c8854688017ef5c256ef02aa0672b5946a6a9616c8c141bb6b43c4d847c86
workspace_mirror/work/local_llm_runtime/node_modules/node-llama-cpp/dist/chatWrappers/generic/JinjaTemplateChatWrapper.js.map,25024,82622d79b4c014f4b7a266d09226e444627c0cd11e3f2d8f821fc1c5e4606d03
workspace_mirror/work/local_llm_runtime/node_modules/node-llama-cpp/dist/chatWrappers/generic/TemplateChatWrapper.d.ts,3547,f71ef91e259b26693812b8dae7df46c19bc527394570623bec37baef6ef3577a
workspace_mirror/work/local_llm_runtime/node_modules/node-llama-cpp/dist/chatWrappers/generic/TemplateChatWrapper.js,9709,89145ecbdbfbd3101d9245703cfa108aa8ba41a46ed93ad496e935d6b1fb6d66
workspace_mirror/work/local_llm_runtime/node_modules/node-llama-cpp/dist/chatWrappers/generic/TemplateChatWrapper.js.map,6306,743dd03577b9120f926cf8813e807464e9a07dc9bdaf10393b957bb90b78d3f9
workspace_mirror/work/local_llm_runtime/node_modules/node-llama-cpp/dist/chatWrappers/generic/utils/UniqueIdGenerator.d.ts,215,6f1fd454b9d79d51dee7de59db959014745371f1f006d8d70b4dfe8328bd8824
workspace_mirror/work/local_llm_runtime/node_modules/node-llama-cpp/dist/chatWrappers/generic/utils/UniqueIdGenerator.js,860,58f761747feb14745be256f770142ce4ec59fc58449d03a2b1654c030738f682
workspace_mirror/work/local_llm_runtime/node_modules/node-llama-cpp/dist/chatWrappers/generic/utils/UniqueIdGenerator.js.map,1051,416cadd38aba9a984d926f1d3d70fb3af2fcbcf3bdfe2582258422281aba8688
workspace_mirror/work/local_llm_runtime/node_modules/node-llama-cpp/dist/chatWrappers/generic/utils/chatHistoryFunctionCallMessageTemplate.d.ts,1088,9c6ff4ffb1c5af4590eb1bae3f7d89caf83defb62207ffd0eff913b816bcfd84
workspace_mirror/work/local_llm_runtime/node_modules/node-llama-cpp/dist/chatWrappers/generic/utils/chatHistoryFunctionCallMessageTemplate.js,2169,5c3cad807c8bac246a29fee30042b288c438a0a980d3803df475d9cbc001fbd8
workspace_mirror/work/local_llm_runtime/node_modules/node-llama-cpp/dist/chatWrappers/generic/utils/chatHistoryFunctionCallMessageTemplate.js.map,1576,32dc610e25b79dc092d22f0db06c4827fd683ed91e32c99a538dbb514f4801d7
workspace_mirror/work/local_llm_runtime/node_modules/node-llama-cpp/dist/chatWrappers/generic/utils/extractFunctionCallSettingsFromJinjaTemplate.d.ts,1236,b8a55f30473c88761c890fe374e970084fce3b5d1bfb3c292685ea692376d47c
workspace_mirror/work/local_llm_runtime/node_modules/node-llama-cpp/dist/chatWrappers/generic/utils/extractFunctionCallSettingsFromJinjaTemplate.js,33707,0bf021d98d3263963354c2e34e268c3b4a94adc37c792b6c6af3818d0f8f2096
workspace_mirror/work/local_llm_runtime/node_modules/node-llama-cpp/dist/chatWrappers/generic/utils/extractFunctionCallSettingsFromJinjaTemplate.js.map,24337,02aea16e3b5a315ccc02a817c626016f110322661499c2671a45360b5979a164
workspace_mirror/work/local_llm_runtime/node_modules/node-llama-cpp/dist/chatWrappers/generic/utils/extractSegmentSettingsFromTokenizerAndChatTemplate.d.ts,595,f1b32fcad12f2da2a19d6bbbd7a7b67d2a655aa0782c1e8a6219516728d7216d
workspace_mirror/work/local_llm_runtime/node_modules/node-llama-cpp/dist/chatWrappers/generic/utils/extractSegmentSettingsFromTokenizerAndChatTemplate.js,19452,eede565d5c6ac16eba1267154265018c0b3abf1a4a63400d38fa7b1b7a74046a
workspace_mirror/work/local_llm_runtime/node_modules/node-llama-cpp/dist/chatWrappers/generic/utils/extractSegmentSettingsFromTokenizerAndChatTemplate.js.map,12925,e83d7df1aa5d706bd8ebab468a43503e4440074285b69c01af4af9ec7bc93a20
workspace_mirror/work/local_llm_runtime/node_modules/node-llama-cpp/dist/chatWrappers/generic/utils/getFirstValidResult.d.ts,310,c0afe4a67aa0864361414492e1352624b42b9f0030acb073ed6ec0aa696662e7
workspace_mirror/work/local_llm_runtime/node_modules/node-llama-cpp/dist/chatWrappers/generic/utils/getFirstValidResult.js,577,bfdd8374f90da05dfb857f4184f97bef4c80ff1abfaca871c57e7e137c8e11bc
workspace_mirror/work/local_llm_runtime/node_modules/node-llama-cpp/dist/chatWrappers/generic/utils/getFirstValidResult.js.map,560,53ffab0b268d673153424bb8c90f565480eec3fcef91c1987095399ccfd5cb28
workspace_mirror/work/local_llm_runtime/node_modules/node-llama-cpp/dist/chatWrappers/generic/utils/squashChatHistoryItems.d.ts,157,86c5f787fb98ca9ec1e1dfa0b00a83c18fde00696d91626dd346ef2aabc077e9
workspace_mirror/work/local_llm_runtime/node_modules/node-llama-cpp/dist/chatWrappers/generic/utils/squashChatHistoryItems.js,1482,caf59aca85b01d424db66bc2a35a3f1bded63d5a997d0712bf48bf626d95a824
workspace_mirror/work/local_llm_runtime/node_modules/node-llama-cpp/dist/chatWrappers/generic/utils/squashChatHistoryItems.js.map,1595,8c65c6fcd7dd09a175642b50fbbee9230544b4ccd86cf2e82771e8a4f34322be
workspace_mirror/work/local_llm_runtime/node_modules/node-llama-cpp/dist/chatWrappers/generic/utils/templateSegmentOptionsToChatWrapperSettings.d.ts,977,42adaa614f85d47673b9193b209d07b5d0f5cdd9aee345c1f3e8abf92d45aefb
workspace_mirror/work/local_llm_runtime/node_modules/node-llama-cpp/dist/chatWrappers/generic/utils/templateSegmentOptionsToChatWrapperSettings.js,1331,24a22aead1bd1cdcf86f7d23c885529904c90c0b0309066b5cf069e2037084d1
workspace_mirror/work/local_llm_runtime/node_modules/node-llama-cpp/dist/chatWrappers/generic/utils/templateSegmentOptionsToChatWrapperSettings.js.map,1017,b35f07fb058c7bc6e2dde7a3ed533def51a409c6f1fc89861151a60d51ef727b
workspace_mirror/work/local_llm_runtime/node_modules/node-llama-cpp/dist/chatWrappers/utils/ChatModelFunctionsDocumentationGenerator.d.ts,3001,fc95abf7da53988389f10f86e521d1d2bd06354f58e1f78392989133281a3f60
workspace_mirror/work/local_llm_runtime/node_modules/node-llama-cpp/dist/chatWrappers/utils/ChatModelFunctionsDocumentationGenerator.js,8147,30f42bc6cbb61ae14ae7dff527687690cacb40d54fc0ccbefc77f84ae022e655
workspace_mirror/work/local_llm_runtime/node_modules/node-llama-cpp/dist/chatWrappers/utils/ChatModelFunctionsDocumentationGenerator.js.map,5195,ae0032a4ceddcd684bb0ce73ae93a2ba56b7236dfada49bd3850721e2f976b45
workspace_mirror/work/local_llm_runtime/node_modules/node-llama-cpp/dist/chatWrappers/utils/chunkChatItems.d.ts,489,dbbafd36e807b0391d9be11fabe560e85ea6acec45aa175b8115a1810faaac31
workspace_mirror/work/local_llm_runtime/node_modules/node-llama-cpp/dist/chatWrappers/utils/chunkChatItems.js,1718,103d3392aaa01432506a6e2ea483185cadb6d47d5a71c8e4724982409df471a9
workspace_mirror/work/local_llm_runtime/node_modules/node-llama-cpp/dist/chatWrappers/utils/chunkChatItems.js.map,1629,d666068c5f42d90dbbfb10e23ca11b646e191114a9c55562294acfc73f5b0dfa
workspace_mirror/work/local_llm_runtime/node_modules/node-llama-cpp/dist/chatWrappers/utils/getModelLinageNames.d.ts,156,d0a1f1a9b2fec471eba93df022247cf92245265564f095e54fe745a092181095
workspace_mirror/work/local_llm_runtime/node_modules/node-llama-cpp/dist/chatWrappers/utils/getModelLinageNames.js,708,ce233cd529527674f7d8ff4d7af35ec710f722227b77f21ef6b53e7d826a59fd
workspace_mirror/work/local_llm_runtime/node_modules/node-llama-cpp/dist/chatWrappers/utils/getModelLinageNames.js.map,907,f7b393a39f795fc4358ad014bb28471bea107cd168a5f0fae6b6a2b6c2c1ba5e
workspace_mirror/work/local_llm_runtime/node_modules/node-llama-cpp/dist/chatWrappers/utils/isJinjaTemplateEquivalentToSpecializedChatWrapper.d.ts,392,4caae577f9474899e734e49375be6a8b66f7d27da44fd88fa32259895e986aa1
workspace_mirror/work/local_llm_runtime/node_modules/node-llama-cpp/dist/chatWrappers/utils/isJinjaTemplateEquivalentToSpecializedChatWrapper.js,18871,5f8b9c7325ab13fb573dd69e3f526c9d406c1a97b58f951315bcab3846150e70
workspace_mirror/work/local_llm_runtime/node_modules/node-llama-cpp/dist/chatWrappers/utils/isJinjaTemplateEquivalentToSpecializedChatWrapper.js.map,13197,28af121abc47cd2aa7797bb19f77b1591fe39ee9338721f66a908039ac2a7455
workspace_mirror/work/local_llm_runtime/node_modules/node-llama-cpp/dist/chatWrappers/utils/isLlama3_2LightweightModel.d.ts,187,bdff70da36cd3bb0241804d63d992ee5060dbac7b4569d51ec8acd2aa1b6aead
workspace_mirror/work/local_llm_runtime/node_modules/node-llama-cpp/dist/chatWrappers/utils/isLlama3_2LightweightModel.js,544,f1c929bcca783fb4d72a70670f01738f6fa8e2ebc084f882a2de069c247b7492
workspace_mirror/work/local_llm_runtime/node_modules/node-llama-cpp/dist/chatWrappers/utils/isLlama3_2LightweightModel.js.map,631,cc68bff36b56a73969c39d5599925ea9a7a61b87969379349df44a92d1e81532
workspace_mirror/work/local_llm_runtime/node_modules/node-llama-cpp/dist/chatWrappers/utils/jsonDumps.d.ts,358,0dc01cc466815234241ed644145f906d3ffa2daf6d16b455cfcfea4b3e48029a
workspace_mirror/work/local_llm_runtime/node_modules/node-llama-cpp/dist/chatWrappers/utils/jsonDumps.js,597,17ae927e46310d603ff66c38270f07f3d337ad78886870eb007be099f11c8794
workspace_mirror/work/local_llm_runtime/node_modules/node-llama-cpp/dist/chatWrappers/utils/jsonDumps.js.map,485,27771afe25709badbfc485f00d3279b97f4311cdf6f63049fb04aa07dd1bbcbb
workspace_mirror/work/local_llm_runtime/node_modules/node-llama-cpp/dist/chatWrappers/utils/replaceRegularTextInLlamaText.d.ts,213,6c81cad60a22a4a2ff33635aa1f27fcd938414395229648148afc4904d5abc3c
workspace_mirror/work/local_llm_runtime/node_modules/node-llama-cpp/dist/chatWrappers/utils/replaceRegularTextInLlamaText.js,362,fb1ee2c3a498d69d89ad4fc0892ba979cf8a41367537f5b9f84bab4c174ab3a2
workspace_mirror/work/local_llm_runtime/node_modules/node-llama-cpp/dist/chatWrappers/utils/replaceRegularTextInLlamaText.js.map,476,f8d1ba306b41804884bd34f58b83473c834cfdb630ca171d27407025217c9f4f
workspace_mirror/work/local_llm_runtime/node_modules/node-llama-cpp/dist/chatWrappers/utils/resolveChatWrapper.d.ts,7773,cad64c4bfe5f8a87eb95df0d29e80f5f138beb4fd17ebf78a5e64e24216cb52a
workspace_mirror/work/local_llm_runtime/node_modules/node-llama-cpp/dist/chatWrappers/utils/resolveChatWrapper.js,19808,876387ca735088f2a78d83ca80f606f6a0f3d3f1aa7aa7dc1028fb6329234dc6
workspace_mirror/work/local_llm_runtime/node_modules/node-llama-cpp/dist/chatWrappers/utils/resolveChatWrapper.js.map,13839,56282607967eeb9806b0fbb4f9b39ad318b0b4110b87507260e8b6430169b356
workspace_mirror/work/local_llm_runtime/node_modules/node-llama-cpp/dist/cli/cli.d.ts,31,43e818adf60173644896298637f47b01d5819b17eda46eaa32d0c7d64724d012
workspace_mirror/work/local_llm_runtime/node_modules/node-llama-cpp/dist/cli/cli.js,1855,87c4356e6eea031dfac3d2e4d1601cc699eea21337d03acad6e33403b67a6aa9
workspace_mirror/work/local_llm_runtime/node_modules/node-llama-cpp/dist/cli/cli.js.map,1769,2eaf75d3eeaa0038fb17b35ff9d1e5f1c3b45aa0f6f12cb03c74bca7fa306b9f
workspace_mirror/work/local_llm_runtime/node_modules/node-llama-cpp/dist/cli/commands/ChatCommand.d.ts,2038,588603a89f1eaba5ec5ad4c410e90046bac481eadf2f471b035a1973964cb412
workspace_mirror/work/local_llm_runtime/node_modules/node-llama-cpp/dist/cli/commands/ChatCommand.js,44196,65d27e8ae7d93744554a254c5c389343c89d6cbbd0e231f85f3e9a09d9d4d94c
workspace_mirror/work/local_llm_runtime/node_modules/node-llama-cpp/dist/cli/commands/ChatCommand.js.map,28916,bc09b5c5ad4b48820b5645de904fee573c4236ae4426874968f14651593d4429
workspace_mirror/work/local_llm_runtime/node_modules/node-llama-cpp/dist/cli/commands/CompleteCommand.d.ts,1529,cbe16994d788cec20fe0792c0254b8ac235af482d391961e09513a70a980b1c7
workspace_mirror/work/local_llm_runtime/node_modules/node-llama-cpp/dist/cli/commands/CompleteCommand.js,33748,69fae0c4509791f1966e4d9917d91758a16215d20da2ce9286bf787a79a98dc1
workspace_mirror/work/local_llm_runtime/node_modules/node-llama-cpp/dist/cli/commands/CompleteCommand.js.map,21836,05c33f21467d3851ae612f9f8c7fbc60ed1dcf5bf80864186c867f45f4bdf2cf
workspace_mirror/work/local_llm_runtime/node_modules/node-llama-cpp/dist/cli/commands/DebugCommand.d.ts,259,1be405f13d6b760d0d68fe8ca56e507835230dcc4d7ef93ff5e8aac29c5ce075
workspace_mirror/work/local_llm_runtime/node_modules/node-llama-cpp/dist/cli/commands/DebugCommand.js,2728,353d3bf1e66373f1033272a7b3bb1e17c8a8b73de50e00d0d9bebf82349e7233
workspace_mirror/work/local_llm_runtime/node_modules/node-llama-cpp/dist/cli/commands/DebugCommand.js.map,3068,17490aadc204a68943004d301dffe6ef2d38dbb18e4acca1c8f74ede1e5b0b7e
workspace_mirror/work/local_llm_runtime/node_modules/node-llama-cpp/dist/cli/commands/InfillCommand.d.ts,1573,be68070dcf4f732ec05fde1d77436ecf725c0c0b8c26aba07f4567e54c71538c
workspace_mirror/work/local_llm_runtime/node_modules/node-llama-cpp/dist/cli/commands/InfillCommand.js,35386,425b70d15e73417d14ce604174d3a9122eec4be47779c7f244a3c4ac64f22621
workspace_mirror/work/local_llm_runtime/node_modules/node-llama-cpp/dist/cli/commands/InfillCommand.js.map,23148,ae97d639593a8920e086f798768b12cca81836629655cae404d6d0c51dbf9ed1
workspace_mirror/work/local_llm_runtime/node_modules/node-llama-cpp/dist/cli/commands/InitCommand.d.ts,466,657013d2226edb97ca49f4eb154afbec4140c3a07bc31eb9831ea201d0b2f804
workspace_mirror/work/local_llm_runtime/node_modules/node-llama-cpp/dist/cli/commands/InitCommand.js,10816,fba77ab53edbbb1df7a1af1e1578dfb4ef3f8b84811fa3e19955786e78baf674
workspace_mirror/work/local_llm_runtime/node_modules/node-llama-cpp/dist/cli/commands/InitCommand.js.map,8524,eb4d4037d7a1e2ace8cb793babe7b9f734508f86e50de87a24e515b63d5c2608
workspace_mirror/work/local_llm_runtime/node_modules/node-llama-cpp/dist/cli/commands/OnPostInstallCommand.d.ts,172,e04f80a296959304332540ad734a924a935960eb1fcd2347260c6a0a215527a7
workspace_mirror/work/local_llm_runtime/node_modules/node-llama-cpp/dist/cli/commands/OnPostInstallCommand.js,3512,6b2b225c3207975bdb5efcc1af969953cf1a49d24878ddbb4d29c7486f715f1e
workspace_mirror/work/local_llm_runtime/node_modules/node-llama-cpp/dist/cli/commands/OnPostInstallCommand.js.map,2529,d368eb00f05b9b3656141604e04c7e2d865f200af23c1caa51ff130e567691a5
workspace_mirror/work/local_llm_runtime/node_modules/node-llama-cpp/dist/cli/commands/PullCommand.d.ts,329,64d154cd4ead83b58d30605597e0e91fd94577e2fc2c7f34a5ac17ae5bbb14ba
workspace_mirror/work/local_llm_runtime/node_modules/node-llama-cpp/dist/cli/commands/PullCommand.js,7361,476d04d574bb5104133f49ef75dc52334500a6f1c46dc96942c01edb95e0a181
workspace_mirror/work/local_llm_runtime/node_modules/node-llama-cpp/dist/cli/commands/PullCommand.js.map,5472,ecbccabf2b1066838317894abbf7526f610769e7eebd2e9f27523d645c7b9016
workspace_mirror/work/local_llm_runtime/node_modules/node-llama-cpp/dist/cli/commands/inspect/InspectCommand.d.ts,152,3593d5a0dc2b7235ea8f4c1812541148c7383b8b1f73c8051172ec69ff3f0064
workspace_mirror/work/local_llm_runtime/node_modules/node-llama-cpp/dist/cli/commands/inspect/InspectCommand.js,1022,7eeab694515bd1fe68233095d52e8cf2783a38da363fc9c4a297be0dcb2e095e
workspace_mirror/work/local_llm_runtime/node_modules/node-llama-cpp/dist/cli/commands/inspect/InspectCommand.js.map,773,0355d4418bbf9be9a7cfa231ec5fbd441238f24eb033f360cc78027cb1d1a602
workspace_mirror/work/local_llm_runtime/node_modules/node-llama-cpp/dist/cli/commands/inspect/commands/InspectEstimateCommand.d.ts,722,46e7c769b31cbf02aac1be25c0ef1f0ea86ff4c74fa9bb88f12cd74c6b2ccea1
workspace_mirror/work/local_llm_runtime/node_modules/node-llama-cpp/dist/cli/commands/inspect/commands/InspectEstimateCommand.js,17253,82e38c957c0c8f7ce1a31ee82f64a19574876b29c7508747ae1bcada123fdc1c
workspace_mirror/work/local_llm_runtime/node_modules/node-llama-cpp/dist/cli/commands/inspect/commands/InspectEstimateCommand.js.map,11312,6f284fa2122dc9d93dfcb976b2384a910b9733eda79fddae19bbc7dcf725ee66
workspace_mirror/work/local_llm_runtime/node_modules/node-llama-cpp/dist/cli/commands/inspect/commands/InspectGgufCommand.d.ts,369,81585ae0f9f7d2bf75418c97108c8fda7df44afbc81326bbb011c0fc07e4f998
workspace_mirror/work/local_llm_runtime/node_modules/node-llama-cpp/dist/cli/commands/inspect/commands/InspectGgufCommand.js,12144,0ccb985d8de90296d1dea42f1e6b636b2b03e06d4962a851c6fc945421679570
workspace_mirror/work/local_llm_runtime/node_modules/node-llama-cpp/dist/cli/commands/inspect/commands/InspectGgufCommand.js.map,8749,e7b32ca6c4317e662a447436dd300cc54c8512a14ad84ea94fe8f80fdaa66209
workspace_mirror/work/local_llm_runtime/node_modules/node-llama-cpp/dist/cli/commands/inspect/commands/InspectGpuCommand.d.ts,161,ca2d711ce310f74076b69d44cabb0ceb5bf09bdefeeaaac81da8fee8f5d0e6cc
workspace_mirror/work/local_llm_runtime/node_modules/node-llama-cpp/dist/cli/commands/inspect/commands/InspectGpuCommand.js,16142,a9d15a1dfcad20509614b148dd9e87054928a7247294ffd7844a79eb84bf9411
workspace_mirror/work/local_llm_runtime/node_modules/node-llama-cpp/dist/cli/commands/inspect/commands/InspectGpuCommand.js.map,14084,108e8c2b5eb410bca357b18c84f72d926aaa2a04033c87321c950080158dc0c5
workspace_mirror/work/local_llm_runtime/node_modules/node-llama-cpp/dist/cli/commands/inspect/commands/InspectMeasureCommand.d.ts,966,b44f3f5990b51b1f4c86d5880b394eb031f6260d92a79bd261232289a52980f9
workspace_mirror/work/local_llm_runtime/node_modules/node-llama-cpp/dist/cli/commands/inspect/commands/InspectMeasureCommand.js,46760,f687f09090756b296312bcb933f807deaf6c540c1c191f911280039e00b6d640
workspace_mirror/work/local_llm_runtime/node_modules/node-llama-cpp/dist/cli/commands/inspect/commands/InspectMeasureCommand.js.map,32916,e195e213c7ceeef1e70366265651cf5b350b440156ebbfb1d70253c85079b300
workspace_mirror/work/local_llm_runtime/node_modules/node-llama-cpp/dist/cli/commands/source/SourceCommand.d.ts,149,2d85e1846a45ff9dd8189081d0d277e760367c9b9ff9e7512c30e5c53a055aae
workspace_mirror/work/local_llm_runtime/node_modules/node-llama-cpp/dist/cli/commands/source/SourceCommand.js,827,0ea0ebdf1d048b7970f06829e78e079e08372a28b86714dab42a2844b17d651e
workspace_mirror/work/local_llm_runtime/node_modules/node-llama-cpp/dist/cli/commands/source/SourceCommand.js.map,685,75aa26dfb2840801b35c59542074e17127da7dab640cda5a84c0766a778715dd
workspace_mirror/work/local_llm_runtime/node_modules/node-llama-cpp/dist/cli/commands/source/commands/BuildCommand.d.ts,559,7e5b41b85e52ca0ebe0b91832f596f2561381afd7d32094bacc68b80f37ec040
workspace_mirror/work/local_llm_runtime/node_modules/node-llama-cpp/dist/cli/commands/source/commands/BuildCommand.js,6870,ccef5c392b08817fbeb7c8adecfe94f930a81e2df5fc176c236ac2b10710f764
workspace_mirror/work/local_llm_runtime/node_modules/node-llama-cpp/dist/cli/commands/source/commands/BuildCommand.js.map,4668,5d41c4ffae1100418682884c9f0b96e0a4cc12f4a77644784edda0be3acfc896
workspace_mirror/work/local_llm_runtime/node_modules/node-llama-cpp/dist/cli/commands/source/commands/ClearCommand.d.ts,286,831006fad318d9f3014f06d6823bf2217f3e395feac334c2d8e038d7746d9286
workspace_mirror/work/local_llm_runtime/node_modules/node-llama-cpp/dist/cli/commands/source/commands/ClearCommand.js,2178,b8fa562bf29fb703fca4c566eb327e851aa68d72ce42eecafc0ee21b01290b12
workspace_mirror/work/local_llm_runtime/node_modules/node-llama-cpp/dist/cli/commands/source/commands/ClearCommand.js.map,1944,ed2e1c6d8c65ee2b03cbea4ea260fe92a3b3fda26e4323e0c79fda4f56e7dadc
workspace_mirror/work/local_llm_runtime/node_modules/node-llama-cpp/dist/cli/commands/source/commands/DownloadCommand.d.ts,561,b78e4fa8933d47144753afcf046a4169965276a7f55233f4eacf2f1abd6519cf
workspace_mirror/work/local_llm_runtime/node_modules/node-llama-cpp/dist/cli/commands/source/commands/DownloadCommand.js,10792,79ed8e16f8fd70a70c866394af631a4e56699da37a12aaceed5b290777408ca0
workspace_mirror/work/local_llm_runtime/node_modules/node-llama-cpp/dist/cli/commands/source/commands/DownloadCommand.js.map,7614,26e130e92d1ef4e5eee50beaaeeb0ec5b1213a7717c5ad34900864009ef6a1ef
workspace_mirror/work/local_llm_runtime/node_modules/node-llama-cpp/dist/cli/projectTemplates.d.ts,209,5ab5379b07993de7af20c38fa3df9e788a7cbe080e720277c409bfe415f4213b
workspace_mirror/work/local_llm_runtime/node_modules/node-llama-cpp/dist/cli/projectTemplates.js,700,0ec1d9207ed765684d7aadb40105e6c53b749b5d677e3a752ebf98b84be5ce9a
workspace_mirror/work/local_llm_runtime/node_modules/node-llama-cpp/dist/cli/projectTemplates.js.map,332,b6e44989492c67e4358e7997405e20294dd5db36e771106fc3adf9be9ef44a9b
workspace_mirror/work/local_llm_runtime/node_modules/node-llama-cpp/dist/cli/recommendedModels.d.ts,151,fa73a09125638df46731770ee99e19bb36d1ef2d86e0d6add41e5fae8dbb3df3
workspace_mirror/work/local_llm_runtime/node_modules/node-llama-cpp/dist/cli/recommendedModels.js,36589,f20d268dbdd17d3d346c9a1a63ecb189f2810e764c753e7c0edb2daca67f042e
workspace_mirror/work/local_llm_runtime/node_modules/node-llama-cpp/dist/cli/recommendedModels.js.map,9840,af851ee04f91383275d60d0b34484ff9d8357d778eae470822c0144e3778cfd7
workspace_mirror/work/local_llm_runtime/node_modules/node-llama-cpp/dist/cli/startCreateCli.d.ts,31,43e818adf60173644896298637f47b01d5819b17eda46eaa32d0c7d64724d012
workspace_mirror/work/local_llm_runtime/node_modules/node-llama-cpp/dist/cli/startCreateCli.js,839,065ea1d7c2483d813a92287b4859ab057ad280fe235b21d05a62692f6bb542dc
workspace_mirror/work/local_llm_runtime/node_modules/node-llama-cpp/dist/cli/startCreateCli.js.map,905,b2eb3e3b1ab9df3c38392f661ad61de938001adf1a71f0c751bcded118932725
workspace_mirror/work/local_llm_runtime/node_modules/node-llama-cpp/dist/cli/utils/ConsoleInteraction.d.ts,690,47307d0da6bdee7112efcf7e193b7ad0123595dd2751715752d29a9f3ecde441
workspace_mirror/work/local_llm_runtime/node_modules/node-llama-cpp/dist/cli/utils/ConsoleInteraction.js,3777,e400d05978b6bf834fe7e24cd6c9578cc1dbc46135ad524acb8a014feb84b3ce
workspace_mirror/work/local_llm_runtime/node_modules/node-llama-cpp/dist/cli/utils/ConsoleInteraction.js.map,4001,91b1470f5dfaaa8823c775c10f12a9d0fc92ca5629c8e77c8e1cc5a683ef4548
workspace_mirror/work/local_llm_runtime/node_modules/node-llama-cpp/dist/cli/utils/ConsoleTable.d.ts,866,93fcbfaf0d6bb0f72e5432274dec76e2c610b4a494a3cc18aa439ce1617be47f
workspace_mirror/work/local_llm_runtime/node_modules/node-llama-cpp/dist/cli/utils/ConsoleTable.js,3978,9958adda7c7f4c00cdd0a7c0eed9c110045ef48fd942826c9c1a73d471b47d2b
workspace_mirror/work/local_llm_runtime/node_modules/node-llama-cpp/dist/cli/utils/ConsoleTable.js.map,4186,c3d1976438a2e2bdc3cd9b64f8d5339efe1131e2c196e84aa25809923cb671c0
workspace_mirror/work/local_llm_runtime/node_modules/node-llama-cpp/dist/cli/utils/basicChooseFromListConsoleInteraction.d.ts,743,8ff292a4a22c4ba7f73d23b940e58462b889bab7182ec18b781c0354682032dd
workspace_mirror/work/local_llm_runtime/node_modules/node-llama-cpp/dist/cli/utils/basicChooseFromListConsoleInteraction.js,5181,653ebe84d4f540b0b6b6c56865dc62d1550842920932d296725dac9ee2941ba0
workspace_mirror/work/local_llm_runtime/node_modules/node-llama-cpp/dist/cli/utils/basicChooseFromListConsoleInteraction.js.map,5021,34ef75db53e0037250f404d3d8b466e47233323789be37a0ec09d36db08ca838
workspace_mirror/work/local_llm_runtime/node_modules/node-llama-cpp/dist/cli/utils/consolePromptQuestion.d.ts,344,544b01c0f1237106ad554869fd373b6fd9bed74b126f7e4f5f4b777eb3676e28
workspace_mirror/work/local_llm_runtime/node_modules/node-llama-cpp/dist/cli/utils/consolePromptQuestion.js,2998,6824d53cd7fb036473bdb99b2beda2ebca5fca7f53fdfa3b1fa742fe90e02544
workspace_mirror/work/local_llm_runtime/node_modules/node-llama-cpp/dist/cli/utils/consolePromptQuestion.js.map,3184,ab4349af956a3f3f5b1bb01084a4a1bb3329e94945eb0e7a678c422d6efe6475
workspace_mirror/work/local_llm_runtime/node_modules/node-llama-cpp/dist/cli/utils/getReadablePath.d.ts,65,dfdcdb5b1933eb36f70c0fa1ba391180cc08591ccb7524a686865cd061f6187a
workspace_mirror/work/local_llm_runtime/node_modules/node-llama-cpp/dist/cli/utils/getReadablePath.js,520,15a118fb3f72d0522a5a18f44deac0d0075bb039084b67ece166a7bf58b5b648
workspace_mirror/work/local_llm_runtime/node_modules/node-llama-cpp/dist/cli/utils/getReadablePath.js.map,674,89e94b334a874b50a05c6a935271e3886aaf3484c840aef1d0beb38aed6c0338
workspace_mirror/work/local_llm_runtime/node_modules/node-llama-cpp/dist/cli/utils/interactivelyAskForModel.d.ts,631,206b83387573ff288f505a1a36380303ecf39f4d3e4ce00b5569ff2031adeb3a
workspace_mirror/work/local_llm_runtime/node_modules/node-llama-cpp/dist/cli/utils/interactivelyAskForModel.js,23114,722c832dbf956070287d55790dcd7bd8461f51baf788cd3d1af5a4e80bfd41c0
workspace_mirror/work/local_llm_runtime/node_modules/node-llama-cpp/dist/cli/utils/interactivelyAskForModel.js.map,17592,f5595d6acbcca7e117e069b9c984fa6b4a81cd60ed6ba0c4ad9571f41a88461d
workspace_mirror/work/local_llm_runtime/node_modules/node-llama-cpp/dist/cli/utils/isRunningUnderRosetta.d.ts,67,28fb8bd341ba9f9c52facf8d2ffea7574533050cb18eb135e12b1c0b6e37c551
workspace_mirror/work/local_llm_runtime/node_modules/node-llama-cpp/dist/cli/utils/isRunningUnderRosetta.js,782,fc2689024db2f20e1232228ceabe980c6960b22e16b269f31e75ae246777488a
workspace_mirror/work/local_llm_runtime/node_modules/node-llama-cpp/dist/cli/utils/isRunningUnderRosetta.js.map,858,f85577e6c269b7323f8b8c9f6814ab06181aa23293d06acf5affb0fa9648507f
workspace_mirror/work/local_llm_runtime/node_modules/node-llama-cpp/dist/cli/utils/logUsedGpuTypeOption.d.ts,119,8da4667d5596b5a5d71efcd0f437783c9e80cc709d2d02ff80864e5976fd91a4
workspace_mirror/work/local_llm_runtime/node_modules/node-llama-cpp/dist/cli/utils/logUsedGpuTypeOption.js,353,d125e072b9a920bee244e920cb9121960448be4a6f47cf64999097b8317c4712
workspace_mirror/work/local_llm_runtime/node_modules/node-llama-cpp/dist/cli/utils/logUsedGpuTypeOption.js.map,471,d6d46384e926c3418b332b998efe95bdac88d8ede54aa38f7de2956b44c522e0
workspace_mirror/work/local_llm_runtime/node_modules/node-llama-cpp/dist/cli/utils/packageJsonConfig.d.ts,366,28580c88c0c987c70340b13607619172a0fbfac50cef7eba9c8aff9d79e087cc
workspace_mirror/work/local_llm_runtime/node_modules/node-llama-cpp/dist/cli/utils/packageJsonConfig.js,1867,9af985f45eaa4b214cbb86639ac3a5294cdc4ec0d2f385140ee03d2873ed7162
workspace_mirror/work/local_llm_runtime/node_modules/node-llama-cpp/dist/cli/utils/packageJsonConfig.js.map,1788,f13fdc93c52e4e7d8c6c8cccd5f7696eea9cff30a9bef7a91af9d0776b2bfbff
workspace_mirror/work/local_llm_runtime/node_modules/node-llama-cpp/dist/cli/utils/packageManager.d.ts,109,b52eeb2ef785a32183e1688f78715457cd1e3cc19da872e4f9f00c79b657e3e8
workspace_mirror/work/local_llm_runtime/node_modules/node-llama-cpp/dist/cli/utils/packageManager.js,522,89f6fdd697ab3a99fa0b088a7e99b14bcc2d3e20ff4d3090e99a7a28c80e103c
workspace_mirror/work/local_llm_runtime/node_modules/node-llama-cpp/dist/cli/utils/packageManager.js.map,588,fe4162d571f83dca2be20c14f9ff24752b5bb4dce0ee0430b94c13adcd4c0bfa
workspace_mirror/work/local_llm_runtime/node_modules/node-llama-cpp/dist/cli/utils/parseXtcArg.d.ts,163,4dd39bd92679257b725572151d2dfa515acf3ce4d6627949c6aafeab3ab04ddd
workspace_mirror/work/local_llm_runtime/node_modules/node-llama-cpp/dist/cli/utils/parseXtcArg.js,749,d5593aef7ceecc9a3aacf311582a32fdcb050770851a251b886ae03c8bbf05e6
workspace_mirror/work/local_llm_runtime/node_modules/node-llama-cpp/dist/cli/utils/parseXtcArg.js.map,778,4f4482d3de733a255a767ec80c6f1a4b4ebae41484afb79d1e47ab34345c9718
workspace_mirror/work/local_llm_runtime/node_modules/node-llama-cpp/dist/cli/utils/printCommonInfoLines.d.ts,654,667bf42a5c34f6ef760d0cec3074c0205c9a6e67ea52e3419e934ebd449eedbe
workspace_mirror/work/local_llm_runtime/node_modules/node-llama-cpp/dist/cli/utils/printCommonInfoLines.js,7980,69a953126f1e7ab4ff6794680fcea370909830a0d086fdd1ac0df4ae146e917d
workspace_mirror/work/local_llm_runtime/node_modules/node-llama-cpp/dist/cli/utils/printCommonInfoLines.js.map,6336,7e7ed037bb25a3a823748b152fde55333034f2393db9529f8219304df4a56272
workspace_mirror/work/local_llm_runtime/node_modules/node-llama-cpp/dist/cli/utils/printInfoLine.d.ts,405,4ef0763abbe7d789f316dc1f1a09a69645b031842b7f28d59429db8b7ff743d3
workspace_mirror/work/local_llm_runtime/node_modules/node-llama-cpp/dist/cli/utils/printInfoLine.js,2215,5f7765cee9477194dfb908c1a9bd044ba30bf5c090a96b3e124803345a2e1406
workspace_mirror/work/local_llm_runtime/node_modules/node-llama-cpp/dist/cli/utils/printInfoLine.js.map,2865,96105cb3bea991d3a8ef5036820c80e90fd3027918bcb516784a25f82230a2cb
workspace_mirror/work/local_llm_runtime/node_modules/node-llama-cpp/dist/cli/utils/printModelDestination.d.ts,178,d97256316cdd8b18ad349c82493f0276f1bb4ac93f9888ab74d197a6ce49a4a7
workspace_mirror/work/local_llm_runtime/node_modules/node-llama-cpp/dist/cli/utils/printModelDestination.js,526,96274c17e53b3ef9e78a8f99114fd06f0ea4dda1a49be64cf07d585250c05570
workspace_mirror/work/local_llm_runtime/node_modules/node-llama-cpp/dist/cli/utils/printModelDestination.js.map,654,8a7410ba992a9780f4986fc8a39a5c5a9d42eb841030f7c6d63685c4e47cc025
workspace_mirror/work/local_llm_runtime/node_modules/node-llama-cpp/dist/cli/utils/projectTemplates.d.ts,741,d2f652666af99a816dd9c27e9f96576395c51b82749b08f18d1e5a27faadade9
workspace_mirror/work/local_llm_runtime/node_modules/node-llama-cpp/dist/cli/utils/projectTemplates.js,2320,1a2830847263e65fb7ebab951b7bd3d7454fd55d07655267ec4d68b4f6116bad
workspace_mirror/work/local_llm_runtime/node_modules/node-llama-cpp/dist/cli/utils/projectTemplates.js.map,2279,6948dbaddd7965befab1c8c2f9ea7e8d9989a3db48c26b5818fc91559bae0c0a
workspace_mirror/work/local_llm_runtime/node_modules/node-llama-cpp/dist/cli/utils/renderModelCompatibilityPercentageWithColors.d.ts,244,524c5a77190479dbb8ece9d7b61998ebc49399a19de5cfabe262da6e5fcc2077
workspace_mirror/work/local_llm_runtime/node_modules/node-llama-cpp/dist/cli/utils/renderModelCompatibilityPercentageWithColors.js,686,61802f0b3c4095e014553acc17bbd574b81a415a27c2e1c1855a212da378d1f8
workspace_mirror/work/local_llm_runtime/node_modules/node-llama-cpp/dist/cli/utils/renderModelCompatibilityPercentageWithColors.js.map,782,4108910208318213ed087f180e0c5b1b7094c7b8b3a2a4f6cab4c3cd1597d818
workspace_mirror/work/local_llm_runtime/node_modules/node-llama-cpp/dist/cli/utils/resolveCommandGgufPath.d.ts,897,731b8590a7faa149ef4d3399408f3d8b0ae99aca95d7a2c62b18e021f7defc85
workspace_mirror/work/local_llm_runtime/node_modules/node-llama-cpp/dist/cli/utils/resolveCommandGgufPath.js,7917,001c8ceca28e4ebbb559676db0c8854c71f0318e5247f499c7820a129b19f628
workspace_mirror/work/local_llm_runtime/node_modules/node-llama-cpp/dist/cli/utils/resolveCommandGgufPath.js.map,7045,76c6305a2c6b14d16b120602e5033bc79c698c54c5310a61a2e4536581ba62c7
workspace_mirror/work/local_llm_runtime/node_modules/node-llama-cpp/dist/cli/utils/resolveHeaderFlag.d.ts,95,45e7a07ea740ac81239333a51139303ccdbe8e2348795f3bb4027d07bf7fe5e1
workspace_mirror/work/local_llm_runtime/node_modules/node-llama-cpp/dist/cli/utils/resolveHeaderFlag.js,757,0f30e394a594a941c52ce6ec1309d6721cfbb024fcd0db2f76da6372cf926e1c
workspace_mirror/work/local_llm_runtime/node_modules/node-llama-cpp/dist/cli/utils/resolveHeaderFlag.js.map,949,172d855e352eb8c9ac34023b45cb8586601f10addfe693072f6d7bc85524555d
workspace_mirror/work/local_llm_runtime/node_modules/node-llama-cpp/dist/cli/utils/resolveModelRecommendationFileOptions.d.ts,980,96ec7209afbe243cb79d62fff9dadf01bac948f0876f90e4fb2262ff491136aa
workspace_mirror/work/local_llm_runtime/node_modules/node-llama-cpp/dist/cli/utils/resolveModelRecommendationFileOptions.js,669,72bffc91eab7aba74b988993e76a3e6c4f47c1bf6c37d359a420d0b34d854e97
workspace_mirror/work/local_llm_runtime/node_modules/node-llama-cpp/dist/cli/utils/resolveModelRecommendationFileOptions.js.map,612,900472ca1fcc8c580c48ced3cd3c3c0c745d74bf5b13eeace274c08aba4da741
workspace_mirror/work/local_llm_runtime/node_modules/node-llama-cpp/dist/cli/utils/resolveNpmrcConfig.d.ts,584,6cc013f72aa34a474f3b871bfedfbc9ae467879deda01d3a3f9ceb3bbb58153e
workspace_mirror/work/local_llm_runtime/node_modules/node-llama-cpp/dist/cli/utils/resolveNpmrcConfig.js,4417,e0893cc1b50e866d371fdc81d8882dff929fbaf4cd6c8fc68e2f431aa5bdba52
workspace_mirror/work/local_llm_runtime/node_modules/node-llama-cpp/dist/cli/utils/resolveNpmrcConfig.js.map,4397,c10b93bc21591511c49d1fd7ee4bb9b1b0a39a68ebbe7546ef6874239b04eae8
workspace_mirror/work/local_llm_runtime/node_modules/node-llama-cpp/dist/cli/utils/splitAnsiToLines.d.ts,119,47290299ded801c7ccf01b7f1510dd561e7c9b967f96509e654f21eda13ff3f6
workspace_mirror/work/local_llm_runtime/node_modules/node-llama-cpp/dist/cli/utils/splitAnsiToLines.js,1593,03a63564d507394f7742a21bf1c4788fda2170985c8892b0c54c32273a909ddb
workspace_mirror/work/local_llm_runtime/node_modules/node-llama-cpp/dist/cli/utils/splitAnsiToLines.js.map,1603,954e40ca236041e639614c20b078a0036ee1d749e68be685133ef510521564c6
workspace_mirror/work/local_llm_runtime/node_modules/node-llama-cpp/dist/cli/utils/toBytes.d.ts,56,0d588096e78aae606c92988ed94dcee814fd5d3d6d1d6b71bb01c1acd72693ee
workspace_mirror/work/local_llm_runtime/node_modules/node-llama-cpp/dist/cli/utils/toBytes.js,139,a29dbda8fa14c7d4174d516bb7fb8cb56bd505be2950cd7d0e37a86e0db0a49d
workspace_mirror/work/local_llm_runtime/node_modules/node-llama-cpp/dist/cli/utils/toBytes.js.map,254,49547668c5c5c4a2cf490cec346a440a6f4907dc6138721d43cc9d41492e02bb
workspace_mirror/work/local_llm_runtime/node_modules/node-llama-cpp/dist/cli/utils/withCliCommandDescriptionDocsUrl.d.ts,214,d9e716a73edf864476455f6247ece152a9df58724b85fd6744582ad6c0d25224
workspace_mirror/work/local_llm_runtime/node_modules/node-llama-cpp/dist/cli/utils/withCliCommandDescriptionDocsUrl.js,841,00a6fc6d73210f00d29d0a2899fe5be267c43f59778a8ea5e5ffe3e0687f6527
workspace_mirror/work/local_llm_runtime/node_modules/node-llama-cpp/dist/cli/utils/withCliCommandDescriptionDocsUrl.js.map,877,f265585fdbdf552cb39f101bbbdc148fe89b64d81631e149a503799bd42b0a72
workspace_mirror/work/local_llm_runtime/node_modules/node-llama-cpp/dist/commands.d.ts,498,482be14ec4cf3844d680fc9af43b7cca9e4c0fa5909491a75485588eed5f8441
workspace_mirror/work/local_llm_runtime/node_modules/node-llama-cpp/dist/commands.js,579,eaad122a10516e843148a786e82bf4c05f5d5bc12a3b1a769583281152437c2f
workspace_mirror/work/local_llm_runtime/node_modules/node-llama-cpp/dist/commands.js.map,442,dfd9b1061d3b542b4b3aaaa8aa5184e608811119669c910a7611468e667e679c
workspace_mirror/work/local_llm_runtime/node_modules/node-llama-cpp/dist/config.d.ts,3807,5b3397accb2c0965266eaf163d1745c9ac6dbaf6aaa610d634c1260a2a27a610
workspace_mirror/work/local_llm_runtime/node_modules/node-llama-cpp/dist/config.js,7358,549507abe42d73160b031cfc930db7fca149b8d9a18d196d8c3a14ea6f1aa1f7
workspace_mirror/work/local_llm_runtime/node_modules/node-llama-cpp/dist/config.js.map,5906,bbb4b9bdf5ba2683071cb6f5ca80ac58a9a56b3311e984344d8ac4da6b0d74e9
workspace_mirror/work/local_llm_runtime/node_modules/node-llama-cpp/dist/consts.d.ts,187,3296043d756fb2c7ce11c9e3b5493f00cdfdc8816c3ef83eaf751740795cc96b
workspace_mirror/work/local_llm_runtime/node_modules/node-llama-cpp/dist/consts.js,363,34c04b8866c8d59ac8d7128652fe9b1f9294a147e9ea7c7d74fc2a94b2301df7
workspace_mirror/work/local_llm_runtime/node_modules/node-llama-cpp/dist/consts.js.map,430,48b37642dde27174355b2f5f499b7fd33e49e4eefab79db6d2345fd288f9e4e6
workspace_mirror/work/local_llm_runtime/node_modules/node-llama-cpp/dist/evaluator/LlamaChat/LlamaChat.d.ts,22006,af5f9fd0ce61ffe81cb65ac4f7087d63d1c17615e9d2ae62a9abae9abb5725d3
workspace_mirror/work/local_llm_runtime/node_modules/node-llama-cpp/dist/evaluator/LlamaChat/LlamaChat.js,150893,b1dff37a334b23fe4e9a4339faa8b6f203bf425f33b6bc108bad892d25a409a0
workspace_mirror/work/local_llm_runtime/node_modules/node-llama-cpp/dist/evaluator/LlamaChat/LlamaChat.js.map,108472,8eb61531d3e40b2c3a791d98a855ab53f3ef898b6db9590f81ef2a7c2c9a7d96
workspace_mirror/work/local_llm_runtime/node_modules/node-llama-cpp/dist/evaluator/LlamaChat/utils/FunctionCallNameGrammar.d.ts,590,2ea3b111558cf073b9a69c3348832f1d55954de30cc5a30bb6446f489fd8b512
workspace_mirror/work/local_llm_runtime/node_modules/node-llama-cpp/dist/evaluator/LlamaChat/utils/FunctionCallNameGrammar.js,2890,eb3b1afb15fc56afbe4f4f98b21bc6c8a4500d34af96f183e3dd5a69f54a5d96
workspace_mirror/work/local_llm_runtime/node_modules/node-llama-cpp/dist/evaluator/LlamaChat/utils/FunctionCallNameGrammar.js.map,2430,c28b3bce5bf2004b973eef1e730bee181048a1fb005ea0a793d5f33368f65e58
workspace_mirror/work/local_llm_runtime/node_modules/node-llama-cpp/dist/evaluator/LlamaChat/utils/FunctionCallParamsGrammar.d.ts,757,740c6f9e2470576d1ad801574100286e1a193de55bb7ec9a18551e05063c56de
workspace_mirror/work/local_llm_runtime/node_modules/node-llama-cpp/dist/evaluator/LlamaChat/utils/FunctionCallParamsGrammar.js,2433,38d9b1b2d90136db8deb5f41017c5ed431dd2d9ba3397b80d1cb3bb3df446b92
workspace_mirror/work/local_llm_runtime/node_modules/node-llama-cpp/dist/evaluator/LlamaChat/utils/FunctionCallParamsGrammar.js.map,1937,7eeb463b5044a8de20b4b2c09cf7e2a9c93f433a9607aaa3c870fd1afcc63fc7
workspace_mirror/work/local_llm_runtime/node_modules/node-llama-cpp/dist/evaluator/LlamaChat/utils/LlamaFunctionCallValidationError.d.ts,432,06924c189bd04f7f63cdbdea5e228b0b016092840a29efb392450bda2107dd65
workspace_mirror/work/local_llm_runtime/node_modules/node-llama-cpp/dist/evaluator/LlamaChat/utils/LlamaFunctionCallValidationError.js,371,563656f738b7facbd69497f0a686525f6a0f1f069793d196bfb36c4e86d31a66
workspace_mirror/work/local_llm_runtime/node_modules/node-llama-cpp/dist/evaluator/LlamaChat/utils/LlamaFunctionCallValidationError.js.map,474,2e43a4257c3e8c89f6007040611aa5e2e9f608e3346740e3661d64da11c413ca
workspace_mirror/work/local_llm_runtime/node_modules/node-llama-cpp/dist/evaluator/LlamaChat/utils/contextShiftStrategies/eraseFirstResponseAndKeepFirstSystemChatContextShiftStrategy.d.ts,616,70d2ec3bda82e52fe5002bdd08596f3e92cfb18e36fb244404a12e19102f841f
workspace_mirror/work/local_llm_runtime/node_modules/node-llama-cpp/dist/evaluator/LlamaChat/utils/contextShiftStrategies/eraseFirstResponseAndKeepFirstSystemChatContextShiftStrategy.js,15094,41125ffeb8767ef2ce7fed58ae698aa9ac77f5d9ad351273afc73d86c0614c87
workspace_mirror/work/local_llm_runtime/node_modules/node-llama-cpp/dist/evaluator/LlamaChat/utils/contextShiftStrategies/eraseFirstResponseAndKeepFirstSystemChatContextShiftStrategy.js.map,10697,3d74db94227032370b115f51d644d303f1f4be23c556d8894f51a2cbdaf8cf22
workspace_mirror/work/local_llm_runtime/node_modules/node-llama-cpp/dist/evaluator/LlamaChatSession/LlamaChatSession.d.ts,23410,566a571150e1c9ac9a866f0ae3f4f31e71ffe8a6cd3c721847d314b5d8406756
workspace_mirror/work/local_llm_runtime/node_modules/node-llama-cpp/dist/evaluator/LlamaChatSession/LlamaChatSession.js,33269,5a014bec099f3f3df8919012a6d01a3c872205f166016b21422ac18562749e9f
workspace_mirror/work/local_llm_runtime/node_modules/node-llama-cpp/dist/evaluator/LlamaChatSession/LlamaChatSession.js.map,20084,096302c53c5fbe253d5d1c8d35e453980dc530d180cc3ac05cb07f2c9512ad22
workspace_mirror/work/local_llm_runtime/node_modules/node-llama-cpp/dist/evaluator/LlamaChatSession/utils/LlamaChatSessionPromptCompletionEngine.d.ts,2164,e22dc259de8e6f47efc1ece3f56bd3d94b0ebaeec7dcba11484f174b6a8ded05
workspace_mirror/work/local_llm_runtime/node_modules/node-llama-cpp/dist/evaluator/LlamaChatSession/utils/LlamaChatSessionPromptCompletionEngine.js,8118,9eb760cf99f4ec4a1167fd6684c138900705be1543be4dd80ecbfd7dc6f8cd3a
workspace_mirror/work/local_llm_runtime/node_modules/node-llama-cpp/dist/evaluator/LlamaChatSession/utils/LlamaChatSessionPromptCompletionEngine.js.map,7422,4686209cec3a06df0420b7ea05ac944f2074d8fe7f1b4277f7dad3d0b8e81d4b
workspace_mirror/work/local_llm_runtime/node_modules/node-llama-cpp/dist/evaluator/LlamaChatSession/utils/defineChatSessionFunction.d.ts,898,711b8842d600c292f489afc94d695704a3394dbea454f7dadc3e1459a57406db
workspace_mirror/work/local_llm_runtime/node_modules/node-llama-cpp/dist/evaluator/LlamaChatSession/utils/defineChatSessionFunction.js,554,2eef6a8e5fd32b4f245fa377689e184fed82da1484ce61a5b78d984e054a03b7
workspace_mirror/work/local_llm_runtime/node_modules/node-llama-cpp/dist/evaluator/LlamaChatSession/utils/defineChatSessionFunction.js.map,322,a5f878a99bb21d8806e7e159d2acbf77ca00eb1c31a5f9cde0219d7cedcbaa2f
workspace_mirror/work/local_llm_runtime/node_modules/node-llama-cpp/dist/evaluator/LlamaCompletion.d.ts,10317,5618303bfa73acf216677f68a63dfe6027f5f218f0ac2f8ee652e5bee3ffc80d
workspace_mirror/work/local_llm_runtime/node_modules/node-llama-cpp/dist/evaluator/LlamaCompletion.js,26321,ef7a4162a9dfccd6275ce2baed755b24717184f5c49803bb08e110e5ee946632
workspace_mirror/work/local_llm_runtime/node_modules/node-llama-cpp/dist/evaluator/LlamaCompletion.js.map,19417,e610bcfc0f0a2f464968b85e7c7dc1d347b5eb8ad03d73f4af98d26a4482af4a
workspace_mirror/work/local_llm_runtime/node_modules/node-llama-cpp/dist/evaluator/LlamaContext/LlamaContext.d.ts,17441,76d6beb3a099711158e83d2438d38a4278a46c3573405d9aa7d3e5e9754b0c9c
workspace_mirror/work/local_llm_runtime/node_modules/node-llama-cpp/dist/evaluator/LlamaContext/LlamaContext.js,97426,52ea00059037bca84b4f2d07ee3e1a649f9488b6a8ad56c6e06592b38fe755c8
workspace_mirror/work/local_llm_runtime/node_modules/node-llama-cpp/dist/evaluator/LlamaContext/LlamaContext.js.map,67608,ad1a1cfa60fdb5876f0b3e7bdd1da04998ee856b3f01755e6cf5cf32cd274d1d
workspace_mirror/work/local_llm_runtime/node_modules/node-llama-cpp/dist/evaluator/LlamaContext/LlamaContextSequenceCheckpoints.d.ts,1246,2b57559652712e865ff3733d5b864fe60cd87836da85b72269ee267f0edd6b04
workspace_mirror/work/local_llm_runtime/node_modules/node-llama-cpp/dist/evaluator/LlamaContext/LlamaContextSequenceCheckpoints.js,5285,7677f569bea9493c5df24991b66cc7647403e188fe5ccd25e53a65648cfbcf72
workspace_mirror/work/local_llm_runtime/node_modules/node-llama-cpp/dist/evaluator/LlamaContext/LlamaContextSequenceCheckpoints.js.map,4966,4c131de40a5e7c57d8b6d651b6a100974f698d34d706747aab154c726a6602d5
workspace_mirror/work/local_llm_runtime/node_modules/node-llama-cpp/dist/evaluator/LlamaContext/LlamaSampler.d.ts,11,8e609bb71c20b858c77f0e9f90bb1319db8477b13f9f965f1a1e18524bf50881
workspace_mirror/work/local_llm_runtime/node_modules/node-llama-cpp/dist/evaluator/LlamaContext/LlamaSampler.js,1628,c97246745ceb11093c0e42eb0806c183d6cbcd09f057715ee16be95afe41797e
workspace_mirror/work/local_llm_runtime/node_modules/node-llama-cpp/dist/evaluator/LlamaContext/LlamaSampler.js.map,1475,ceb1e2932a42e81de79acfba3245f650e194871a41f8c0c6cc1db969cb841346
workspace_mirror/work/local_llm_runtime/node_modules/node-llama-cpp/dist/evaluator/LlamaContext/TokenPredictor.d.ts,2390,0bddfb1b09e00c081b1d68278750e4cb6440b3404e072c85a56db8fff0628b76
workspace_mirror/work/local_llm_runtime/node_modules/node-llama-cpp/dist/evaluator/LlamaContext/TokenPredictor.js,722,40ac79c62acac96dc7e09740f88ee78c4946c8dc0afee7b175c8d2261b83c812
workspace_mirror/work/local_llm_runtime/node_modules/node-llama-cpp/dist/evaluator/LlamaContext/TokenPredictor.js.map,386,bdedaf4138e96283612c892b9f6f18fcd41956f238f2f543fb842cdcef8f24a1
workspace_mirror/work/local_llm_runtime/node_modules/node-llama-cpp/dist/evaluator/LlamaContext/tokenPredictors/DraftSequenceTokenPredictor.d.ts,2515,dd7796f461f375c2a81b0fe18b28072b1dface55bdb3cb48bec854d2df2ee495
workspace_mirror/work/local_llm_runtime/node_modules/node-llama-cpp/dist/evaluator/LlamaContext/tokenPredictors/DraftSequenceTokenPredictor.js,12664,1a91ba6d7d0a3ffff5cf6fd483848ebfc195913604dcada804c82aa0c22a024f
workspace_mirror/work/local_llm_runtime/node_modules/node-llama-cpp/dist/evaluator/LlamaContext/tokenPredictors/DraftSequenceTokenPredictor.js.map,10317,8f4c4ce7ea3b7291adbce7c5ce5e7824008bb54cb5411ceeeefff7c020a5337d
workspace_mirror/work/local_llm_runtime/node_modules/node-llama-cpp/dist/evaluator/LlamaContext/tokenPredictors/InputLookupTokenPredictor.d.ts,1978,0c461829bce6eb2fddbacc692bcbef08b4daa8b02b082bb3c74fe75708dda697
workspace_mirror/work/local_llm_runtime/node_modules/node-llama-cpp/dist/evaluator/LlamaContext/tokenPredictors/InputLookupTokenPredictor.js,6495,dea564074681327005c5b68b0d2642fd355aaab799e0e3cb6c8e4bf03af8227b
workspace_mirror/work/local_llm_runtime/node_modules/node-llama-cpp/dist/evaluator/LlamaContext/tokenPredictors/InputLookupTokenPredictor.js.map,5402,9e3ad67e68a05e4e5d366728c6769c483ba179d94254407b4c408ddba748f189
workspace_mirror/work/local_llm_runtime/node_modules/node-llama-cpp/dist/evaluator/LlamaContext/types.d.ts,26675,4dc9c3e15a46395c4428b937612637acd6c7af58a1cd2be0f9533e7fe1139e0b
workspace_mirror/work/local_llm_runtime/node_modules/node-llama-cpp/dist/evaluator/LlamaContext/types.js,44,01ae2a5b120382f9a648ced7ee8507493a134f216d100fc61600c6c9738235d2
workspace_mirror/work/local_llm_runtime/node_modules/node-llama-cpp/dist/evaluator/LlamaContext/types.js.map,131,6bc1fb0049aaa672290c9177db50ea84a1c1092e4d58fab3c0a74747bb1f8811
workspace_mirror/work/local_llm_runtime/node_modules/node-llama-cpp/dist/evaluator/LlamaContext/utils/batchItemsPrioritizationStrategies/firstInFirstOutStrategy.d.ts,212,578344dbeb6a44ebbf5cbd946d9496f5f2f8f7d623b266f27d2d729924ec92d5
workspace_mirror/work/local_llm_runtime/node_modules/node-llama-cpp/dist/evaluator/LlamaContext/utils/batchItemsPrioritizationStrategies/firstInFirstOutStrategy.js,553,bc1587e7609b7a52e06c8d5340cf79d0d4a9eb9508f0532d4860c111cfc13df5
workspace_mirror/work/local_llm_runtime/node_modules/node-llama-cpp/dist/evaluator/LlamaContext/utils/batchItemsPrioritizationStrategies/firstInFirstOutStrategy.js.map,761,11b926821be9bf756984c6e2e8e6edeb831d58ec606d336c1635a898b5e3b96d
workspace_mirror/work/local_llm_runtime/node_modules/node-llama-cpp/dist/evaluator/LlamaContext/utils/batchItemsPrioritizationStrategies/maximumParallelismStrategy.d.ts,215,0dfe7e0b2ffab919e164d2a32b6f4c9064c8fc149360eac9d56c80252546c810
workspace_mirror/work/local_llm_runtime/node_modules/node-llama-cpp/dist/evaluator/LlamaContext/utils/batchItemsPrioritizationStrategies/maximumParallelismStrategy.js,2007,5101e25b3bede8736ed9849ae1451ae1f4b074b29b849819ba26f2af20ab4c64
workspace_mirror/work/local_llm_runtime/node_modules/node-llama-cpp/dist/evaluator/LlamaContext/utils/batchItemsPrioritizationStrategies/maximumParallelismStrategy.js.map,2160,b858e7dcfb999d4276c6453187332dadfa5bee9e008262506d7407d7111d69b6
workspace_mirror/work/local_llm_runtime/node_modules/node-llama-cpp/dist/evaluator/LlamaContext/utils/padSafeContextSize.d.ts,114,258d2107c8fc2bda8608ea3deb6915678a15963bf1822e588c8624a65415f2e3
workspace_mirror/work/local_llm_runtime/node_modules/node-llama-cpp/dist/evaluator/LlamaContext/utils/padSafeContextSize.js,656,5eb465c7aac8ec846c351ff99fcf5bbcc41d1450a878e984aa6d9077c065eefd
workspace_mirror/work/local_llm_runtime/node_modules/node-llama-cpp/dist/evaluator/LlamaContext/utils/padSafeContextSize.js.map,755,8510ac707f126291af5943a05a6540e72210ae95bfbb46afaa972388e0e184f5
workspace_mirror/work/local_llm_runtime/node_modules/node-llama-cpp/dist/evaluator/LlamaContext/utils/resolveBatchItemsPrioritizationStrategy.d.ts,239,819ec69814e5d1701d14ab203f615d3e6c865f33b7bba441035103239b833a46
workspace_mirror/work/local_llm_runtime/node_modules/node-llama-cpp/dist/evaluator/LlamaContext/utils/resolveBatchItemsPrioritizationStrategy.js,692,5fc844b1190e6121449d3aabb7610787ae89adbe2588928ceb78ea25887c1b00
workspace_mirror/work/local_llm_runtime/node_modules/node-llama-cpp/dist/evaluator/LlamaContext/utils/resolveBatchItemsPrioritizationStrategy.js.map,564,c891671de76ffc36862769373df3e2ab59beffb4155b94db9549d0fdcc490e86
workspace_mirror/work/local_llm_runtime/node_modules/node-llama-cpp/dist/evaluator/LlamaEmbedding.d.ts,842,b92a416bfbe9dd1e1a3bb1d67688bdcae1ab93fd13f3ad1e8f767bb3b74b4e55
workspace_mirror/work/local_llm_runtime/node_modules/node-llama-cpp/dist/evaluator/LlamaEmbedding.js,1888,28e53ae724e13f0978b583eaf6b9518318f2f43a7f92c70ee31ddd4472b7e372
workspace_mirror/work/local_llm_runtime/node_modules/node-llama-cpp/dist/evaluator/LlamaEmbedding.js.map,1654,987f4ce2270c088f2c951edcfe834e5a2f1b0e39da6e30d9e634119335050a61
workspace_mirror/work/local_llm_runtime/node_modules/node-llama-cpp/dist/evaluator/LlamaEmbeddingContext.d.ts,2064,fdfe3e7da5ba792fdc6b4157c6dbc639d6fed2613799ec6a4ce6eddc50213341
workspace_mirror/work/local_llm_runtime/node_modules/node-llama-cpp/dist/evaluator/LlamaEmbeddingContext.js,3820,26a02808736adde460e0666dafc07bd30cd7830cc2bf6471795b0cff927a3991
workspace_mirror/work/local_llm_runtime/node_modules/node-llama-cpp/dist/evaluator/LlamaEmbeddingContext.js.map,3180,01e985c21f886a3ea15f36255a786619d76e25dd5695cddd8149c568f0452ea2
workspace_mirror/work/local_llm_runtime/node_modules/node-llama-cpp/dist/evaluator/LlamaGrammar.d.ts,1753,7c29063a82b923ef926e0f4c345cb6ee3e41088621e388c3394dc6f92db26fc0
workspace_mirror/work/local_llm_runtime/node_modules/node-llama-cpp/dist/evaluator/LlamaGrammar.js,2778,8e9bc16a0e89b52c051ffbfd822c8cde6c41f4f1c9c79c9ae7120eb2a6240e17
workspace_mirror/work/local_llm_runtime/node_modules/node-llama-cpp/dist/evaluator/LlamaGrammar.js.map,1992,0e6433cf10a93aed5958badc1c9a26fd86e7cb9eca75cdba48d9d631fd7721e4
workspace_mirror/work/local_llm_runtime/node_modules/node-llama-cpp/dist/evaluator/LlamaGrammarEvaluationState.d.ts,844,37f45f7dee63ab2b4ccfa7859116df5b2902dcd94f6fd177852d52724e72a113
workspace_mirror/work/local_llm_runtime/node_modules/node-llama-cpp/dist/evaluator/LlamaGrammarEvaluationState.js,1343,9ebf82ca57abadd07cfc7023164452bfb313f019495f41a390bff8fb667d43e0
workspace_mirror/work/local_llm_runtime/node_modules/node-llama-cpp/dist/evaluator/LlamaGrammarEvaluationState.js.map,890,0452e5cd8e3c7df332d7a48e2422a15d4b864798efdac94646f68863b597a7e0
workspace_mirror/work/local_llm_runtime/node_modules/node-llama-cpp/dist/evaluator/LlamaJsonSchemaGrammar.d.ts,1016,3e92cf65132ad281f8e00c7679192c7e4d549aed92633743baa30e8db56cd316
workspace_mirror/work/local_llm_runtime/node_modules/node-llama-cpp/dist/evaluator/LlamaJsonSchemaGrammar.js,1498,d68adc14c3338adeb01620f3a3ec2fd654d0f582e6a815ddb2a2e1408f1ca744
workspace_mirror/work/local_llm_runtime/node_modules/node-llama-cpp/dist/evaluator/LlamaJsonSchemaGrammar.js.map,920,33984fb46304e0d2c89b66d894a4602f51a339323f5250b4553f2fe5323c88ff
workspace_mirror/work/local_llm_runtime/node_modules/node-llama-cpp/dist/evaluator/LlamaModel/LlamaModel.d.ts,15741,aa0623650f342a3e7ba28f88bf7688a9c6591bdd32f9ceb60ba808288e8de945
workspace_mirror/work/local_llm_runtime/node_modules/node-llama-cpp/dist/evaluator/LlamaModel/LlamaModel.js,42063,90632ff7d482f749b72c18065834068ee4c3b1b1dc7c0fd45d80a360c97a817f
workspace_mirror/work/local_llm_runtime/node_modules/node-llama-cpp/dist/evaluator/LlamaModel/LlamaModel.js.map,32137,7bb04609ad9b945e18c85ab6ba672fe7c9bb64e9f58017a14a70585fbe290ffa
workspace_mirror/work/local_llm_runtime/node_modules/node-llama-cpp/dist/evaluator/LlamaModel/utils/TokenAttributes.d.ts,706,ce447470ac2c95b74923d3a8b5b0960b05aad73010c6ff7fd9ee8109d022a72d
workspace_mirror/work/local_llm_runtime/node_modules/node-llama-cpp/dist/evaluator/LlamaModel/utils/TokenAttributes.js,2289,5da80fb1ace4460fc62200050e8c29d02e42fade9eb4fda528b64c1462adcbd0
workspace_mirror/work/local_llm_runtime/node_modules/node-llama-cpp/dist/evaluator/LlamaModel/utils/TokenAttributes.js.map,1728,9e572e253465306909637b0f6f03b377c439f51b9095d153e68acc1d9d37ae69
workspace_mirror/work/local_llm_runtime/node_modules/node-llama-cpp/dist/evaluator/LlamaRankingContext.d.ts,4102,56bf0990249d1b24584eddd0bc00f9587a8c5947a3d844ebe828503c654236cf
workspace_mirror/work/local_llm_runtime/node_modules/node-llama-cpp/dist/evaluator/LlamaRankingContext.js,9600,92f98574d9261ac0bfdca02cfff83917e479b6a228b3c30f70826bb6c501113e
workspace_mirror/work/local_llm_runtime/node_modules/node-llama-cpp/dist/evaluator/LlamaRankingContext.js.map,7427,afe174f0e508e193c5d8157b6a66d185ea8de700c3ea6b40cbf906fe60f209ff
workspace_mirror/work/local_llm_runtime/node_modules/node-llama-cpp/dist/evaluator/TokenBias.d.ts,1734,8cf2305b009760a57acceb10ef28db59ec83ba5edb949013dcf4749c47453195
workspace_mirror/work/local_llm_runtime/node_modules/node-llama-cpp/dist/evaluator/TokenBias.js,2709,55c3ea4923a3fee4b0596fc009d677dbfbc57780d206023eef1b55cc9926c564
workspace_mirror/work/local_llm_runtime/node_modules/node-llama-cpp/dist/evaluator/TokenBias.js.map,1486,f08a52e1c3dacaed6906c318fd87470f26ed7d60c6dc1adcef74c6c0cd03a31e
workspace_mirror/work/local_llm_runtime/node_modules/node-llama-cpp/dist/evaluator/TokenMeter.d.ts,1284,de0df8feaee56654daf24d802f5a04c6e8ccb7f0b4e81450e8820269955ef3b0
workspace_mirror/work/local_llm_runtime/node_modules/node-llama-cpp/dist/evaluator/TokenMeter.js,1913,08b54afa4bbd3e348746ca40e2b8e4e15d509c364dbfab95b28682dda7f7cf60
workspace_mirror/work/local_llm_runtime/node_modules/node-llama-cpp/dist/evaluator/TokenMeter.js.map,1426,ff41850968518f87b76d2c29641372addd430c36b1342e5ab3301f6dcf938f89
workspace_mirror/work/local_llm_runtime/node_modules/node-llama-cpp/dist/evaluator/utils/chunkDocument.d.ts,3184,8a482fc18cb4ec1828e59a7246cb6c064a1d72cd02b14383ec37442c45eab69a
workspace_mirror/work/local_llm_runtime/node_modules/node-llama-cpp/dist/evaluator/utils/chunkDocument.js,11572,44bfe2f74481983cde1a6eb89c5dd45c107e5196e101384dc8028d7854cb2263
workspace_mirror/work/local_llm_runtime/node_modules/node-llama-cpp/dist/evaluator/utils/chunkDocument.js.map,8125,f796c6e3860669c51171d508de1e418c4a5be7f04c3a310cf70ca6043414dbb0
workspace_mirror/work/local_llm_runtime/node_modules/node-llama-cpp/dist/gguf/consts.d.ts,232,23dc9239c3b7ea67a84b9664c5419330e8e1e14eddce893475ff5639ed819d56
workspace_mirror/work/local_llm_runtime/node_modules/node-llama-cpp/dist/gguf/consts.js,337,7ca94d7581786a8639018d8facd9c6bf647ab6a00a995cada3dfe3a964b8b3aa
workspace_mirror/work/local_llm_runtime/node_modules/node-llama-cpp/dist/gguf/consts.js.map,389,e91efffee8fe0f01df318d0b9793d9fda4043cd6969c51654c72b89c9bae34c6
workspace_mirror/work/local_llm_runtime/node_modules/node-llama-cpp/dist/gguf/errors/InvalidGgufMagicError.d.ts,130,7bafb89ab5415b90b09a950088f6dffbfa6fdcbd908c8ee4bad2794dfea99c04
workspace_mirror/work/local_llm_runtime/node_modules/node-llama-cpp/dist/gguf/errors/InvalidGgufMagicError.js,262,62086883c6112e44ea6b5fe0e2519c5eb10cf558eaf0ece9b56f41b1cb2643aa
workspace_mirror/work/local_llm_runtime/node_modules/node-llama-cpp/dist/gguf/errors/InvalidGgufMagicError.js.map,284,072e4190cc6e445e3fec9b11f9e05cde97363b0bdb0aaf9490ac9b758da8ea71
workspace_mirror/work/local_llm_runtime/node_modules/node-llama-cpp/dist/gguf/errors/UnsupportedGgufValueTypeError.d.ts,145,41b65e2fcaae643ee2d5c599b939e2a8ecff30254bc0aed5fff38fce5fe8130a
workspace_mirror/work/local_llm_runtime/node_modules/node-llama-cpp/dist/gguf/errors/UnsupportedGgufValueTypeError.js,362,48ece6aabb93455bbc021d2a73cf73655bbaf6bf3c49ae299523866383241490
workspace_mirror/work/local_llm_runtime/node_modules/node-llama-cpp/dist/gguf/errors/UnsupportedGgufValueTypeError.js.map,410,b78d27f4cc2e6c7dc85a3ad85b7aec1c90f47a513c996f6e12054b06af7a68da
workspace_mirror/work/local_llm_runtime/node_modules/node-llama-cpp/dist/gguf/fileReaders/GgufFileReader.d.ts,1792,419eb7d1506b7b1aef3942b2720feb13f9c30ad65fd32a15e6d33e4e0296bc40
workspace_mirror/work/local_llm_runtime/node_modules/node-llama-cpp/dist/gguf/fileReaders/GgufFileReader.js,4088,c79c739c35461e12e1bdad803a1301112ec47440480fb1211f41ac962a65104e
workspace_mirror/work/local_llm_runtime/node_modules/node-llama-cpp/dist/gguf/fileReaders/GgufFileReader.js.map,4142,518cba540866aa65f9030c6022447c15368e724732342ab2affcfd02282db9b4
workspace_mirror/work/local_llm_runtime/node_modules/node-llama-cpp/dist/gguf/fileReaders/GgufFsFileReader.d.ts,702,a06d2ec6e245ab51d8c63151b9a9fcff7a29cddb6f63d3cc5de9cd9e8de286f3
workspace_mirror/work/local_llm_runtime/node_modules/node-llama-cpp/dist/gguf/fileReaders/GgufFsFileReader.js,2544,07cc06285561042c55fdcc773ffadd5950b2c0ce0229d795318d8c2f49808273
workspace_mirror/work/local_llm_runtime/node_modules/node-llama-cpp/dist/gguf/fileReaders/GgufFsFileReader.js.map,2482,5040a3a82895d2e4747fe8e6ab71381f382289f333bd475ad573b9de3e4f9fce
workspace_mirror/work/local_llm_runtime/node_modules/node-llama-cpp/dist/gguf/fileReaders/GgufNetworkFetchFileReader.d.ts,1293,8a7fec9cd58015ecdeeb5d6a5f8836ebed7f19d089e0dd75ff0c5c9a61549d3b
workspace_mirror/work/local_llm_runtime/node_modules/node-llama-cpp/dist/gguf/fileReaders/GgufNetworkFetchFileReader.js,4119,9894e053c6a90ce3bdafade287455aa478bc881e4c682008f1949626974b5102
workspace_mirror/work/local_llm_runtime/node_modules/node-llama-cpp/dist/gguf/fileReaders/GgufNetworkFetchFileReader.js.map,3741,73cad29bb6340d0e605c9efe65b79f0cfa20225b2a7b78b6d8c501c9f2d833c6
workspace_mirror/work/local_llm_runtime/node_modules/node-llama-cpp/dist/gguf/insights/GgufInsights.d.ts,6201,524ba1053592e6b90d03abb871c98e85bf38f026f95aed6fa34ff1b13cfe6dc4
workspace_mirror/work/local_llm_runtime/node_modules/node-llama-cpp/dist/gguf/insights/GgufInsights.js,72336,8bd7b140540eda598d18313eeb17d72d737c39280252449b2b9a5a43db8927b2
workspace_mirror/work/local_llm_runtime/node_modules/node-llama-cpp/dist/gguf/insights/GgufInsights.js.map,55308,94857e503fa9a6a3df08a7d2d3454f900de52bd80fbf4c4fee44cea1deb62dc8
workspace_mirror/work/local_llm_runtime/node_modules/node-llama-cpp/dist/gguf/insights/GgufInsightsConfigurationResolver.d.ts,9635,4a3bc791a0b06e9b583184af815201414306b5abba8f0e9da74cc24e2ff24a7d
workspace_mirror/work/local_llm_runtime/node_modules/node-llama-cpp/dist/gguf/insights/GgufInsightsConfigurationResolver.js,22074,5352875bc5c1a0a09517ad09e42d0c8fe88d35b1de78a6cfa8b8d6b633b89dcf
workspace_mirror/work/local_llm_runtime/node_modules/node-llama-cpp/dist/gguf/insights/GgufInsightsConfigurationResolver.js.map,11953,013b58caac2ec591441b7a39e5b2dc14f55ce8e4371fcccfbbe23e40218b931e
workspace_mirror/work/local_llm_runtime/node_modules/node-llama-cpp/dist/gguf/insights/GgufInsightsTokens.d.ts,141,cc830624314e4e4e85c901f9f5bfef41bdcf0c410867e6b3382d664838f5cf3d
workspace_mirror/work/local_llm_runtime/node_modules/node-llama-cpp/dist/gguf/insights/GgufInsightsTokens.js,1829,e6c6c37b857699fcf9dab52b13294500d29e22bdd53817eecb64bbfd8cb8299b
workspace_mirror/work/local_llm_runtime/node_modules/node-llama-cpp/dist/gguf/insights/GgufInsightsTokens.js.map,1709,cc51e0efe9447949a0f2640d16d0e1d75ff838826897795aa1bd353554d3bc78
workspace_mirror/work/local_llm_runtime/node_modules/node-llama-cpp/dist/gguf/insights/utils/getRamUsageFromUnifiedVram.d.ts,157,1b3130b64626b26868399c38aee8f1bb6c9194e4e367afb2192282da1758a305
workspace_mirror/work/local_llm_runtime/node_modules/node-llama-cpp/dist/gguf/insights/utils/getRamUsageFromUnifiedVram.js,419,6a84a2ab605d416573b162f0af5521f71a395315d57ea776440665d59874b400
workspace_mirror/work/local_llm_runtime/node_modules/node-llama-cpp/dist/gguf/insights/utils/getRamUsageFromUnifiedVram.js.map,571,5cdb216065252baed6995c49e20d2140830b03ae301011d1d7f77e78de1b84d2
workspace_mirror/work/local_llm_runtime/node_modules/node-llama-cpp/dist/gguf/insights/utils/resolveContextContextSizeOption.d.ts,1291,cf6905ac147d054b324594488ffab74cc3b0bda66b829a13afde1c08cf17b686
workspace_mirror/work/local_llm_runtime/node_modules/node-llama-cpp/dist/gguf/insights/utils/resolveContextContextSizeOption.js,9843,e5498d8bafe1d3b0b07a7150cce1e8cc8c056030d85244de03df122e1f8c244c
workspace_mirror/work/local_llm_runtime/node_modules/node-llama-cpp/dist/gguf/insights/utils/resolveContextContextSizeOption.js.map,6845,828e3d0325f36e261fc583ed2f3246138dc181d26f52c76e5f7bdc76b250ce20
workspace_mirror/work/local_llm_runtime/node_modules/node-llama-cpp/dist/gguf/insights/utils/resolveModelGpuLayersOption.d.ts,1280,b873383c6839017f18f0c7c96b8ec4c0a9138074e35914e23a260caddff0dc1f
workspace_mirror/work/local_llm_runtime/node_modules/node-llama-cpp/dist/gguf/insights/utils/resolveModelGpuLayersOption.js,19040,7d8d762bef35852d5abc698ef3d995a7905f95430005c3715a55fa61dd612ed3
workspace_mirror/work/local_llm_runtime/node_modules/node-llama-cpp/dist/gguf/insights/utils/resolveModelGpuLayersOption.js.map,13934,3c80431c81c696843c6c1de2a8584a383085be7d778514c16ef88fc3f055af41
workspace_mirror/work/local_llm_runtime/node_modules/node-llama-cpp/dist/gguf/insights/utils/scoreLevels.d.ts,130,82654ef98cdbb4e563e68bee0840dd495cf533604600bedcf0843d77914db110
workspace_mirror/work/local_llm_runtime/node_modules/node-llama-cpp/dist/gguf/insights/utils/scoreLevels.js,502,ef0472c88df452280a537cfdf35f13af3673b5bf2d2ae0796d67711507d842ed
workspace_mirror/work/local_llm_runtime/node_modules/node-llama-cpp/dist/gguf/insights/utils/scoreLevels.js.map,761,9e1ba79514d3fe046af922bbc30d37655cffa7b021ddb9d61cf5ea30f48fa0f7
workspace_mirror/work/local_llm_runtime/node_modules/node-llama-cpp/dist/gguf/parser/GgufV2Parser.d.ts,1066,94ac9ee3775cbe290401a56f7ae845f05383a56d6b404ca4b55a6cd1b00e648c
workspace_mirror/work/local_llm_runtime/node_modules/node-llama-cpp/dist/gguf/parser/GgufV2Parser.js,9126,9721245213be1950889c2ca67e3cb76accf6f18ab618dea3bf4493322d41ad96
workspace_mirror/work/local_llm_runtime/node_modules/node-llama-cpp/dist/gguf/parser/GgufV2Parser.js.map,7143,804a0836f03d292180de264cfa9b1656bddfcfdd6cd09b2c92d644adff6bcc1f
workspace_mirror/work/local_llm_runtime/node_modules/node-llama-cpp/dist/gguf/parser/GgufV3Parser.d.ts,109,eb97d6d12542c2606b34c572bbde429c1608c5693da772876577fee3873ec6d1
workspace_mirror/work/local_llm_runtime/node_modules/node-llama-cpp/dist/gguf/parser/GgufV3Parser.js,141,001e052ddda647be73056da35ebc0715625cc8d45c590759124e7b4924db1e6f
workspace_mirror/work/local_llm_runtime/node_modules/node-llama-cpp/dist/gguf/parser/GgufV3Parser.js.map,212,1cdd0eeb1acb4ddbf7afa5da2fde039ed3c25a0154294fd8dcb11b4662cc59a3
workspace_mirror/work/local_llm_runtime/node_modules/node-llama-cpp/dist/gguf/parser/parseGguf.d.ts,365,577cf8e18885857a397253408008f49cbfe651fad54f30eef493e8328a17500b
workspace_mirror/work/local_llm_runtime/node_modules/node-llama-cpp/dist/gguf/parser/parseGguf.js,3691,9b67604050328450afa07b032de4f763b6b97c490a752f76765e9be74d0d79ae
workspace_mirror/work/local_llm_runtime/node_modules/node-llama-cpp/dist/gguf/parser/parseGguf.js.map,2806,b2738e816ec71510d1aeb102aebeed5bd082c0406b0ed08332967c3b63c10dc6
workspace_mirror/work/local_llm_runtime/node_modules/node-llama-cpp/dist/gguf/readGgufFileInfo.d.ts,2100,aad7d933ed08cf4453bbe49496fd92f365851939d0b03c4185eac979b0cc60eb
workspace_mirror/work/local_llm_runtime/node_modules/node-llama-cpp/dist/gguf/readGgufFileInfo.js,4460,264b39ed4b4d513d9ff8e4d760361d9ad7bbb17d7776bc32dfb58d1ef39c093c
workspace_mirror/work/local_llm_runtime/node_modules/node-llama-cpp/dist/gguf/readGgufFileInfo.js.map,3799,f8fc8e1a7b3b229d36cbc3ec458252d6be8dff0cf6295b5d986b1a5090ddd768
workspace_mirror/work/local_llm_runtime/node_modules/node-llama-cpp/dist/gguf/types/GgufFileInfoTypes.d.ts,4830,72a0f0c1655cd0046eff29fb73a5fe5e77f61072eed54b031f7e9958714e1b86
workspace_mirror/work/local_llm_runtime/node_modules/node-llama-cpp/dist/gguf/types/GgufFileInfoTypes.js,969,fad737e3c49df44d908d9142d8a28846d828c03e3f3537c951d2577174101cf6
workspace_mirror/work/local_llm_runtime/node_modules/node-llama-cpp/dist/gguf/types/GgufFileInfoTypes.js.map,446,376d3be1acc520c5abe1d6eac470fe4344ba9a034185b38ffbee95503f29d073
workspace_mirror/work/local_llm_runtime/node_modules/node-llama-cpp/dist/gguf/types/GgufMetadataTypes.d.ts,17053,31688d6bc83de994d54315d93c96b231e0dd666278293f28a11dfc325401d9e9
workspace_mirror/work/local_llm_runtime/node_modules/node-llama-cpp/dist/gguf/types/GgufMetadataTypes.js,12127,be02b64e1b3bfc405fb397d944fcca8e92f9137a0245ffe1e0d9438561950004
workspace_mirror/work/local_llm_runtime/node_modules/node-llama-cpp/dist/gguf/types/GgufMetadataTypes.js.map,4043,80e063c5e563111dce2f4adc94f471a04addc7092b5404832482f3bf09b3751c
workspace_mirror/work/local_llm_runtime/node_modules/node-llama-cpp/dist/gguf/types/GgufTensorInfoTypes.d.ts,1535,838e9055ed121dd16b39cb381012558b10500e60a9817330b42cf141a612ba94
workspace_mirror/work/local_llm_runtime/node_modules/node-llama-cpp/dist/gguf/types/GgufTensorInfoTypes.js,2638,9eab699eec197501e4dff018915c5e3b2fd6f4f818b678048f777d1aa6529b67
workspace_mirror/work/local_llm_runtime/node_modules/node-llama-cpp/dist/gguf/types/GgufTensorInfoTypes.js.map,1362,7ee0c47decbec0f26773ee4894a87a559cee86f5e8be6364ddf24503033b1249
workspace_mirror/work/local_llm_runtime/node_modules/node-llama-cpp/dist/gguf/utils/GgufReadOffset.d.ts,223,42f94a9f2b408c025861586c6f4078da60e93803d051308d2ee9dace76329184
workspace_mirror/work/local_llm_runtime/node_modules/node-llama-cpp/dist/gguf/utils/GgufReadOffset.js,471,b98c40af656861a68a3583a8152de15957aaf3c96fcb8a2ad7a2dceea9377691
workspace_mirror/work/local_llm_runtime/node_modules/node-llama-cpp/dist/gguf/utils/GgufReadOffset.js.map,514,26d65206ce7fa5a3f3166288775f1105a16e0a47018fc5809cc8ddd4a56799ab
workspace_mirror/work/local_llm_runtime/node_modules/node-llama-cpp/dist/gguf/utils/convertMetadataKeyValueRecordToNestedObject.d.ts,413,76d4e7739a27fbe89de5954f86d97978813e7c28a3b3c3cb7a8810c0b94aba94
workspace_mirror/work/local_llm_runtime/node_modules/node-llama-cpp/dist/gguf/utils/convertMetadataKeyValueRecordToNestedObject.js,3438,6184c1c0ffb7fa62e4183b40d36db0a16b20dc25f04b03370a1d1c3e80ff0f54
workspace_mirror/work/local_llm_runtime/node_modules/node-llama-cpp/dist/gguf/utils/convertMetadataKeyValueRecordToNestedObject.js.map,3170,97e7e26eeb0acc8344986ce1f9a0a3fac48da297423d60ee72043ca6ae96490d
workspace_mirror/work/local_llm_runtime/node_modules/node-llama-cpp/dist/gguf/utils/getGgufFileTypeName.d.ts,881,5d1fc5a79318b582905f1f0b2dd32fb3406b7df9d2511c52818bb15fbc8349c7
workspace_mirror/work/local_llm_runtime/node_modules/node-llama-cpp/dist/gguf/utils/getGgufFileTypeName.js,484,188a235805d9629cbb6f22da55782c38e8f20a05c55f79b1bf51a4ad6ba8139b
workspace_mirror/work/local_llm_runtime/node_modules/node-llama-cpp/dist/gguf/utils/getGgufFileTypeName.js.map,527,9aa03e65641d0e965f01c2f31e72342708590afa51bfddb30eab9af261b0abba
workspace_mirror/work/local_llm_runtime/node_modules/node-llama-cpp/dist/gguf/utils/getGgufMetadataArchitectureData.d.ts,402,5ce0562895679566c7925d477d9bf2d9010cde3311395034c6d74345bb35f02f
workspace_mirror/work/local_llm_runtime/node_modules/node-llama-cpp/dist/gguf/utils/getGgufMetadataArchitectureData.js,192,8f460e6dd9b317f9788387e9d2ff4900453ec8ef3635c5b0d9acdeec44865787
workspace_mirror/work/local_llm_runtime/node_modules/node-llama-cpp/dist/gguf/utils/getGgufMetadataArchitectureData.js.map,281,d1a4ad00fc7d75e719a2d39f45edb603dc77a2b148f4a337bea9ea4301f97059
workspace_mirror/work/local_llm_runtime/node_modules/node-llama-cpp/dist/gguf/utils/getGgufMetadataKeyValue.d.ts,98,c732ad6e742ef7c84b362ee658e2a41ecfaf20428ded0fe9eae740d379ae1bd2
workspace_mirror/work/local_llm_runtime/node_modules/node-llama-cpp/dist/gguf/utils/getGgufMetadataKeyValue.js,967,5436e769fda26920e56c9858b52c8989dfdfc70342ebbf4b0b455318c37e2674
workspace_mirror/work/local_llm_runtime/node_modules/node-llama-cpp/dist/gguf/utils/getGgufMetadataKeyValue.js.map,1109,3e264f0a74d102be4d9e8a0f937387bc6d495c68f3f24cd565192c98d0f6fa24
workspace_mirror/work/local_llm_runtime/node_modules/node-llama-cpp/dist/gguf/utils/ggufQuantNames.d.ts,243,fce3a4c2414542004cbef53fbdafce21edd20ae6a35b9452578226f998223deb
workspace_mirror/work/local_llm_runtime/node_modules/node-llama-cpp/dist/gguf/utils/ggufQuantNames.js,2130,722ec571648588b98830e9e710336e9f1475c79a5b16ca7a6615ce57e5eb1556
workspace_mirror/work/local_llm_runtime/node_modules/node-llama-cpp/dist/gguf/utils/ggufQuantNames.js.map,2174,d7ef1b7071a04c27d8ccb52d5ad6bfab0fef7b6ed449aaabe66d9a4d8b45c344
workspace_mirror/work/local_llm_runtime/node_modules/node-llama-cpp/dist/gguf/utils/normalizeGgufDownloadUrl.d.ts,187,5a1e45ad85393da4bd70697b3577fb3cde2502fcb684dcb5097dbacbc403b32f
workspace_mirror/work/local_llm_runtime/node_modules/node-llama-cpp/dist/gguf/utils/normalizeGgufDownloadUrl.js,869,deb9d4c96a84c8f40c4464d5ea88465e977d31482b8cdef10f5ae4c625ca4043
workspace_mirror/work/local_llm_runtime/node_modules/node-llama-cpp/dist/gguf/utils/normalizeGgufDownloadUrl.js.map,967,e18ed5c064d64a01b0ae76e5f40dcbdd6fdcc32ba5055503aaf66fbc93c689ba
workspace_mirror/work/local_llm_runtime/node_modules/node-llama-cpp/dist/gguf/utils/resolveBinarySplitGgufPartUrls.d.ts,191,8e02158ce2ea31cd755d67bebb9bb7c93b71e96f0d3d368a45b7eb1c5a56e04c
workspace_mirror/work/local_llm_runtime/node_modules/node-llama-cpp/dist/gguf/utils/resolveBinarySplitGgufPartUrls.js,1832,437707fd4b799871620caf7610ffe3a1fc61d2851cfcd710e970c0bba9b46dfe
workspace_mirror/work/local_llm_runtime/node_modules/node-llama-cpp/dist/gguf/utils/resolveBinarySplitGgufPartUrls.js.map,1974,0f1e3f5499cbc16f56cdd6f7c69db693eb3154c68a6de1552a74640602a98989
workspace_mirror/work/local_llm_runtime/node_modules/node-llama-cpp/dist/gguf/utils/resolveSplitGgufParts.d.ts,323,caa1abf3e9489af9b39f8b74ede0fbef50996e277856bab2f9f38af118ac19c9
workspace_mirror/work/local_llm_runtime/node_modules/node-llama-cpp/dist/gguf/utils/resolveSplitGgufParts.js,2536,b72457338c22394113da6acdb5357c29ef9f1fbe60d40664989f676f57945e22
workspace_mirror/work/local_llm_runtime/node_modules/node-llama-cpp/dist/gguf/utils/resolveSplitGgufParts.js.map,2797,0b800b3eed028a0686b2bd046f19214ee371379c1c6ae812ec09214848896552
workspace_mirror/work/local_llm_runtime/node_modules/node-llama-cpp/dist/index.d.ts,16009,aabe74e1a42be65698707ed22a651f25fbc5db4345a1d20de7a49236a758ffec
workspace_mirror/work/local_llm_runtime/node_modules/node-llama-cpp/dist/index.js,7419,862c54a7e98eecb41bf0b96ab17b03abe89d0c49b5f5049663ecd8cec9ce0dd0
workspace_mirror/work/local_llm_runtime/node_modules/node-llama-cpp/dist/index.js.map,4391,2dfe97dee2ddf119c1f5f8664f8472ead55bce6519d6621928336e090d5b16d5
workspace_mirror/work/local_llm_runtime/node_modules/node-llama-cpp/dist/state.d.ts,397,d46e3a90eb4431b75f8262029e72dd5f0b10f93316f88d2211fc7ad089e11139
workspace_mirror/work/local_llm_runtime/node_modules/node-llama-cpp/dist/state.js,610,e5333d4cc6e280f50eb742d5f8ba7cde778ec2197ac259f592f37be5f519243f
workspace_mirror/work/local_llm_runtime/node_modules/node-llama-cpp/dist/state.js.map,575,8356b82f5f8218014355dfd6345b43ca19b6bc75dcf40aa21214bd2e67801859
workspace_mirror/work/local_llm_runtime/node_modules/node-llama-cpp/dist/types.d.ts,17129,38421d454006288b5f220b928ebaad4f4722c181daebb3f99ee29abbdc15298b
workspace_mirror/work/local_llm_runtime/node_modules/node-llama-cpp/dist/types.js,431,22b93be97f911afc87213c4eeddfa71dce876c88d689f8bb5296f0f6ea8c4fcf
workspace_mirror/work/local_llm_runtime/node_modules/node-llama-cpp/dist/types.js.map,501,23743ed09d5dec93e16f5b5ed7e7a6bbb394e52bda9a8758550dac92c2b0af4b
workspace_mirror/work/local_llm_runtime/node_modules/node-llama-cpp/dist/utils/DisposeGuard.d.ts,496,7495dacb7dbfa088c709b1fe3cf95660bee6884edc2800c095d3e43a7bff87bc
workspace_mirror/work/local_llm_runtime/node_modules/node-llama-cpp/dist/utils/DisposeGuard.js,4306,a28f8e7e07184c0db4903e56871061710d67a393fa762788aad57f84104f43cd
workspace_mirror/work/local_llm_runtime/node_modules/node-llama-cpp/dist/utils/DisposeGuard.js.map,3902,8177a0d6470e496791cc88bd0719ff358d805448c3bc90ca574c30143c5e9d5c
workspace_mirror/work/local_llm_runtime/node_modules/node-llama-cpp/dist/utils/GitHubClient.d.ts,2538,522eaf344030fddd6169f91cec47cd4a896b0efe854127910a6bc6445c27edca
workspace_mirror/work/local_llm_runtime/node_modules/node-llama-cpp/dist/utils/GitHubClient.js,2871,73e332bf028ceacef4a03d6101332dcc667a9818e55aaf6c16ff58b3cf09ac2f
workspace_mirror/work/local_llm_runtime/node_modules/node-llama-cpp/dist/utils/GitHubClient.js.map,2673,211b015d4e7986f5d6cd96d230e3cff1af1dd4ea14b3da1867afc26fc8c5bec3
workspace_mirror/work/local_llm_runtime/node_modules/node-llama-cpp/dist/utils/InsufficientMemoryError.d.ts,98,f3db231c990ade707fcb13eece6cadec815cb486e6508fe87158c037e71450e9
workspace_mirror/work/local_llm_runtime/node_modules/node-llama-cpp/dist/utils/InsufficientMemoryError.js,187,5dd06963d1e0eeece6c94c2f0073d221c94ad075f73e7c4c1b2af05d00b3f153
workspace_mirror/work/local_llm_runtime/node_modules/node-llama-cpp/dist/utils/InsufficientMemoryError.js.map,250,44a31c14ac30a39225a137b30480db5ef88a999d67f2f574fb000749eedc12e3
workspace_mirror/work/local_llm_runtime/node_modules/node-llama-cpp/dist/utils/LlamaText.d.ts,4422,b691338b7b83da814ee4671402169e6b83738c922b9625f0a7898b38e3075f82
workspace_mirror/work/local_llm_runtime/node_modules/node-llama-cpp/dist/utils/LlamaText.js,20168,708ca25740498477bd9ec5a5b65ab245c9008d8e24ed60e8d64a5499c3f08e45
workspace_mirror/work/local_llm_runtime/node_modules/node-llama-cpp/dist/utils/LlamaText.js.map,17671,47809587d825d007f856f58f47d9d979f9a039222e1e39c0df474b7eb9ebb1bb
workspace_mirror/work/local_llm_runtime/node_modules/node-llama-cpp/dist/utils/LruCache.d.ts,411,c9989a7cdbd20faaf76c4c48ce9431bc926448c70fb0bc25a0ba70a87deb778a
workspace_mirror/work/local_llm_runtime/node_modules/node-llama-cpp/dist/utils/LruCache.js,1262,b798a51e191f738f034c3a375be69a17c3a3dad2b0652b8b495fc31fd9d85f39
workspace_mirror/work/local_llm_runtime/node_modules/node-llama-cpp/dist/utils/LruCache.js.map,1572,b61f6d993bb3a446c79362f23d2646bcd210d0b39e88475c9e905fc567bd6735
workspace_mirror/work/local_llm_runtime/node_modules/node-llama-cpp/dist/utils/OpenAIFormat.d.ts,6222,17ae56bb785f275f966cba15a08535f5d70796baca62a89810a3c0ca557843f4
workspace_mirror/work/local_llm_runtime/node_modules/node-llama-cpp/dist/utils/OpenAIFormat.js,21902,a9ea53410c4509f62919f523bf3f8eb75e5e21eaced60a43ef9b5a6bc70166cc
workspace_mirror/work/local_llm_runtime/node_modules/node-llama-cpp/dist/utils/OpenAIFormat.js.map,17662,9dd317164815bce50127ddf6c1a25ee1160a656b32f6d00157b748fa64450f93
workspace_mirror/work/local_llm_runtime/node_modules/node-llama-cpp/dist/utils/OverridesObject.d.ts,617,fd9d156ed9597921035c99da68307ab179e3b8e551a4e2ac395b7b3af429740f
workspace_mirror/work/local_llm_runtime/node_modules/node-llama-cpp/dist/utils/OverridesObject.js,54,074aa76e24c30df0becead5cd83a97d82a0274dc58c037aeb3dfc4bc80659bd1
workspace_mirror/work/local_llm_runtime/node_modules/node-llama-cpp/dist/utils/OverridesObject.js.map,131,88bbc088454aa48a6e0df5bea6241f92bfdd3a4738ec4fabd7c721ffe886109f
workspace_mirror/work/local_llm_runtime/node_modules/node-llama-cpp/dist/utils/ProgressTracker.d.ts,505,c04c276bc9fe62a265d3461786608477e68c589c24383ff836e5913ee9ea0e1d
workspace_mirror/work/local_llm_runtime/node_modules/node-llama-cpp/dist/utils/ProgressTracker.js,2017,dc8074d100060fb6add01dd8489e996483880f64fe47b010d9725f1bb9047689
workspace_mirror/work/local_llm_runtime/node_modules/node-llama-cpp/dist/utils/ProgressTracker.js.map,2117,9fa7c6e5d7245b476edf369c580708efc1ba6adbb3800fee73deebfb580f835a
workspace_mirror/work/local_llm_runtime/node_modules/node-llama-cpp/dist/utils/ReplHistory.d.ts,316,2e27724cd6fc48919be1f678224273ab9345b130f9242ccc0e58b9e07e49da4e
workspace_mirror/work/local_llm_runtime/node_modules/node-llama-cpp/dist/utils/ReplHistory.js,2417,eb6997335a57c2d20e660816d1728e34edfad5861a1ed173a82f9bb1e8930fa8
workspace_mirror/work/local_llm_runtime/node_modules/node-llama-cpp/dist/utils/ReplHistory.js.map,2534,a204e023e54dbf82b606ed3f25906df8d3d4cbf41fbcfbe3847c0072b4fe140a
workspace_mirror/work/local_llm_runtime/node_modules/node-llama-cpp/dist/utils/StopGenerationDetector.d.ts,2534,db5e073fa89cb905255d667020a505324bb0974f33af8c5ffc2c942600e75d2d
workspace_mirror/work/local_llm_runtime/node_modules/node-llama-cpp/dist/utils/StopGenerationDetector.js,11766,7086ca55490678c6ad31be2793509094e803bf1896c29fb06db668821f3898dc
workspace_mirror/work/local_llm_runtime/node_modules/node-llama-cpp/dist/utils/StopGenerationDetector.js.map,10373,7464dee2039238f5502e14a13db0c5d1eb4f41d1a5d6cf10aca85271b94f86f1
workspace_mirror/work/local_llm_runtime/node_modules/node-llama-cpp/dist/utils/ThreadsSplitter.d.ts,1155,75630386a14115b803cce2c894f7b50197841dcf10f35f53a36995847d56b961
workspace_mirror/work/local_llm_runtime/node_modules/node-llama-cpp/dist/utils/ThreadsSplitter.js,7306,887e783ea5103acf6fcc80c9dd2546c7f80008f7f03b91b92c98d9a30392dc6e
workspace_mirror/work/local_llm_runtime/node_modules/node-llama-cpp/dist/utils/ThreadsSplitter.js.map,6596,4c8dc3c32dd618a617757856295a4aa10a96c31a95b82f91ac1d162ca0634425
workspace_mirror/work/local_llm_runtime/node_modules/node-llama-cpp/dist/utils/TokenStreamRegulator.d.ts,1296,293474a2afcd13825aef08b97936dc9cc53b3be0b84a12e9e655479c3caa38d3
workspace_mirror/work/local_llm_runtime/node_modules/node-llama-cpp/dist/utils/TokenStreamRegulator.js,7358,a33f7f5b67b53519ce18a9761e596246e4d5a8282b46d51a2fc24ebad6669f88
workspace_mirror/work/local_llm_runtime/node_modules/node-llama-cpp/dist/utils/TokenStreamRegulator.js.map,7307,eba053873bea1833f89eca50d513f96518824e18cdfb720e7e3301d26d2b037b
workspace_mirror/work/local_llm_runtime/node_modules/node-llama-cpp/dist/utils/UnsupportedError.d.ts,56,fdf7de2fb98c3c45890739ab619491f116999ac50f7f56c161761829242f7515
workspace_mirror/work/local_llm_runtime/node_modules/node-llama-cpp/dist/utils/UnsupportedError.js,191,4c3e5303ef40bbcba964abba9042c6974df2c4c44b82ac3ab2a1d72c2e9dba99
workspace_mirror/work/local_llm_runtime/node_modules/node-llama-cpp/dist/utils/UnsupportedError.js.map,249,1b6dda01f3ee1ed6dd4181e0a375d19435794008f2f458e73a11fdccc2c9856b
workspace_mirror/work/local_llm_runtime/node_modules/node-llama-cpp/dist/utils/appendUserMessageToChatHistory.d.ts,342,b37234943f5a5b575c512ece9ca425732af879021f0dbbbe3c441106a6f536c6
workspace_mirror/work/local_llm_runtime/node_modules/node-llama-cpp/dist/utils/appendUserMessageToChatHistory.js,818,8504379e065a0741ed5b5d29873bc45ddeeafab5c5d612aeeab9dd6bcdfff344
workspace_mirror/work/local_llm_runtime/node_modules/node-llama-cpp/dist/utils/appendUserMessageToChatHistory.js.map,736,d498bdea61e24d2030347c303ddb5d0279b764018db7931213fbd6d2642c16cf
workspace_mirror/work/local_llm_runtime/node_modules/node-llama-cpp/dist/utils/clearTempFolder.d.ts,58,a49890e918b67a2fa1d2b75a56ac067114d4b9351f7c5232bb049274f1dfdb4a
workspace_mirror/work/local_llm_runtime/node_modules/node-llama-cpp/dist/utils/clearTempFolder.js,522,929d17742faf42b15855508ee65e0c83de1af99ababa5cf19b419ed7fb3f2f57
workspace_mirror/work/local_llm_runtime/node_modules/node-llama-cpp/dist/utils/clearTempFolder.js.map,511,841a0349163823f5d806fdc397025299e62e73f474c0e8ddc06c50491aa2229e
workspace_mirror/work/local_llm_runtime/node_modules/node-llama-cpp/dist/utils/cmake.d.ts,542,8395cbd57fe9456c7c9bc4cc7ca544e8f92bfd20d68288c7e85f0bb35d5b0133
workspace_mirror/work/local_llm_runtime/node_modules/node-llama-cpp/dist/utils/cmake.js,5954,c7199595d7755bf74fe2455bf41c048fc4738354bf4dc24f00081f4e7ce66f58
workspace_mirror/work/local_llm_runtime/node_modules/node-llama-cpp/dist/utils/cmake.js.map,5401,8580d16945e5b6cae2c887829b8b36c779a3f2eb23d449647d8d42a2d3b7eb78
workspace_mirror/work/local_llm_runtime/node_modules/node-llama-cpp/dist/utils/compareTokens.d.ts,117,68c598a3d25219db1e663ea09eddf99bc89d3f2d8ace5379f707f31350513798
workspace_mirror/work/local_llm_runtime/node_modules/node-llama-cpp/dist/utils/compareTokens.js,121,78869ff7420e24c4d5f3920cc2c7cdfc840f7e0f563bfa9c17dd62b0982c1fca
workspace_mirror/work/local_llm_runtime/node_modules/node-llama-cpp/dist/utils/compareTokens.js.map,208,9e16cc9896c80720f736a6c242a67a1692117fa5ae0088c6f4e3c14e06b87ecb
workspace_mirror/work/local_llm_runtime/node_modules/node-llama-cpp/dist/utils/createModelDownloader.d.ts,9583,58063cde25af14e40db9e5bd62f65c84f67345e8ced8be0d192d886d6ef91b0f
workspace_mirror/work/local_llm_runtime/node_modules/node-llama-cpp/dist/utils/createModelDownloader.js,21362,5169fed00bfbe5e2e3388b16b87ce22f346d15257e6fcb6f0f97e4a43c99f7f3
workspace_mirror/work/local_llm_runtime/node_modules/node-llama-cpp/dist/utils/createModelDownloader.js.map,13685,21ca7720105f1919d3f9f70a4a1e8c4b9c9f1ce384d1c21885c56ca4742320d4
workspace_mirror/work/local_llm_runtime/node_modules/node-llama-cpp/dist/utils/findBestOption.d.ts,792,84f19e395da3eef00607941c9b0f35ded5416ed65e5e09d1adecda02a99a912f
workspace_mirror/work/local_llm_runtime/node_modules/node-llama-cpp/dist/utils/findBestOption.js,7620,57faaed24505e1d943ca1212ca72b0f8573f4e9915215175cdf68961995dfbf7
workspace_mirror/work/local_llm_runtime/node_modules/node-llama-cpp/dist/utils/findBestOption.js.map,7094,4627a8ab179b96b7946c651a7f7e270b77b239e35f6142afd08327c6a055fa48
workspace_mirror/work/local_llm_runtime/node_modules/node-llama-cpp/dist/utils/findCharacterRemovalCountToFitChatHistoryInContext.d.ts,993,6fe342dc92fcda4acbca3597baec53cd0ea4369f086b6cc8db40b70a20fa92e0
workspace_mirror/work/local_llm_runtime/node_modules/node-llama-cpp/dist/utils/findCharacterRemovalCountToFitChatHistoryInContext.js,5934,e720548542e1dc697f33e073c54ecb6fa6b5f5cbb580afbf9e6e8483a557c1fc
workspace_mirror/work/local_llm_runtime/node_modules/node-llama-cpp/dist/utils/findCharacterRemovalCountToFitChatHistoryInContext.js.map,3532,863988331e2c04e1f8955ee3e34eba1b4b4fc0620580e49b8a342c1a6d0f84a6
workspace_mirror/work/local_llm_runtime/node_modules/node-llama-cpp/dist/utils/formatModelParameterCount.d.ts,243,e9f49ccce609e29e6f871ff66c8f9fb9d413225778cdce41982c488c0af84bc2
workspace_mirror/work/local_llm_runtime/node_modules/node-llama-cpp/dist/utils/formatModelParameterCount.js,794,c1b0728d8679f2e584ed138fce661f1061e2676ad3db2a9bb94aa4ede776d5fb
workspace_mirror/work/local_llm_runtime/node_modules/node-llama-cpp/dist/utils/formatModelParameterCount.js.map,882,3ef8c4faa3ffa00737a166c005f1d90e61ae2079cb5f9c066cc7b25f68cd7296
workspace_mirror/work/local_llm_runtime/node_modules/node-llama-cpp/dist/utils/gbnfJson/GbnfGrammarGenerator.d.ts,881,14686c14ccc385bff19ca15878e9a6a412c6345c247fc56f3f65fb768bb571e9
workspace_mirror/work/local_llm_runtime/node_modules/node-llama-cpp/dist/utils/gbnfJson/GbnfGrammarGenerator.js,2025,858a72151a4843b4db12dad3ebcd91d32c24adef69aae664ee6a42ea126f9565
workspace_mirror/work/local_llm_runtime/node_modules/node-llama-cpp/dist/utils/gbnfJson/GbnfGrammarGenerator.js.map,2115,01bdb9bb4c62fe7b50e18377d886ca0bace3d737e326ecfadb1c14f2bff524c2
workspace_mirror/work/local_llm_runtime/node_modules/node-llama-cpp/dist/utils/gbnfJson/GbnfTerminal.d.ts,616,79485bd840ee24cc67af379fd3e05e935b6a7a1ff6d6980ac30a4b6dc3fd3a2a
workspace_mirror/work/local_llm_runtime/node_modules/node-llama-cpp/dist/utils/gbnfJson/GbnfTerminal.js,1983,9276e32ea54bbf0e7bdceccec50882141d5a719af097947a5254370f3d25f735
workspace_mirror/work/local_llm_runtime/node_modules/node-llama-cpp/dist/utils/gbnfJson/GbnfTerminal.js.map,1810,e81670dede5d4dec573422b885192951ede2d32d900ac90a6b7fb10722c15af8
workspace_mirror/work/local_llm_runtime/node_modules/node-llama-cpp/dist/utils/gbnfJson/getGbnfGrammarForGbnfJsonSchema.d.ts,243,be4eeaf5ad6d9728faa9296b1b9ecb9a4181152ec1f41796b4657e986084ec66
workspace_mirror/work/local_llm_runtime/node_modules/node-llama-cpp/dist/utils/gbnfJson/getGbnfGrammarForGbnfJsonSchema.js,815,43933979ce1b9d51346b3b87766c53a3a70eccb6fdc1d150e5559c3f5c68ab69
workspace_mirror/work/local_llm_runtime/node_modules/node-llama-cpp/dist/utils/gbnfJson/getGbnfGrammarForGbnfJsonSchema.js.map,771,558afa562abb425eec105b21bd357f429b6ef1ce4ab5a3202bc63492acb95b53
workspace_mirror/work/local_llm_runtime/node_modules/node-llama-cpp/dist/utils/gbnfJson/terminals/GbnfAnyJson.d.ts,441,0c2078c8be683d0ac75c75e1c2071b8a5db77f056533fea749144a81ded7681a
workspace_mirror/work/local_llm_runtime/node_modules/node-llama-cpp/dist/utils/gbnfJson/terminals/GbnfAnyJson.js,2001,345a70de69642065684dd0c74413c93352b2650ddbb187fb9777c4566b739ea5
workspace_mirror/work/local_llm_runtime/node_modules/node-llama-cpp/dist/utils/gbnfJson/terminals/GbnfAnyJson.js.map,1727,2932746f0d411c5712d0a74e9c71c0dff3a6918db83a4dae8632312bd0e4a29a
workspace_mirror/work/local_llm_runtime/node_modules/node-llama-cpp/dist/utils/gbnfJson/terminals/GbnfArray.d.ts,737,212f6a838550ebd06b100786448133c9ce25218313c9fa61c0c07ec55b7aaa1f
workspace_mirror/work/local_llm_runtime/node_modules/node-llama-cpp/dist/utils/gbnfJson/terminals/GbnfArray.js,4322,69f2ce002fee62356a60c196da397211eb56ea4c3bb12fc9464961e50344758e
workspace_mirror/work/local_llm_runtime/node_modules/node-llama-cpp/dist/utils/gbnfJson/terminals/GbnfArray.js.map,3986,364f5987a3ba8d3bc608729718a4e7a71244965fd1536b326426b82b7863db53
workspace_mirror/work/local_llm_runtime/node_modules/node-llama-cpp/dist/utils/gbnfJson/terminals/GbnfBoolean.d.ts,244,ff0217a22040f97a3301c3d1f54dc333d608ef7850b281cade27454694328c7b
workspace_mirror/work/local_llm_runtime/node_modules/node-llama-cpp/dist/utils/gbnfJson/terminals/GbnfBoolean.js,624,132fbf05402b588748a225d09d837d78985c0730c1fdb8b8482189d7b10660f9
workspace_mirror/work/local_llm_runtime/node_modules/node-llama-cpp/dist/utils/gbnfJson/terminals/GbnfBoolean.js.map,704,d6fa5b8e6ab4f525bce5725ad48d9558878529ab706b5954b67f5a29ccd2814f
workspace_mirror/work/local_llm_runtime/node_modules/node-llama-cpp/dist/utils/gbnfJson/terminals/GbnfBooleanValue.d.ts,225,808d7c419920a6493c65c121ffd40256fa659d464775be88b15cd1626aadeeeb
workspace_mirror/work/local_llm_runtime/node_modules/node-llama-cpp/dist/utils/gbnfJson/terminals/GbnfBooleanValue.js,397,b2582f71fdd6e51151a8096db82e7ebb4d3b4cea51313777bbb37b794b4c79a4
workspace_mirror/work/local_llm_runtime/node_modules/node-llama-cpp/dist/utils/gbnfJson/terminals/GbnfBooleanValue.js.map,481,72aaf158357bfe00d95682287dbf519bec230ae57b7330f0400cfa455e283c5c
workspace_mirror/work/local_llm_runtime/node_modules/node-llama-cpp/dist/utils/gbnfJson/terminals/GbnfCommaWhitespace.d.ts,462,dedd5e6290960dbcfd821454b7516f048cea315904dd6d77760bd1c1ca1328ec
workspace_mirror/work/local_llm_runtime/node_modules/node-llama-cpp/dist/utils/gbnfJson/terminals/GbnfCommaWhitespace.js,1003,193729fb852319dd29d0bd28920a748678e3c333da70b7e7c51ceb679a7e22fe
workspace_mirror/work/local_llm_runtime/node_modules/node-llama-cpp/dist/utils/gbnfJson/terminals/GbnfCommaWhitespace.js.map,1015,4764a3c4dcc733f4db9a9ef99c6ad563bda956dcae552b95a49a68b5270a30e1
workspace_mirror/work/local_llm_runtime/node_modules/node-llama-cpp/dist/utils/gbnfJson/terminals/GbnfFormatString.d.ts,520,1bdd88c647c8c22ffc9ccdf69730c7ec3c597c9f0f9fc6e3c05d86fd755703be
workspace_mirror/work/local_llm_runtime/node_modules/node-llama-cpp/dist/utils/gbnfJson/terminals/GbnfFormatString.js,2462,0d43a0a2f6acd5d5a80206398b59f282fe3ec981960d493b3538fe20a97e8c4f
workspace_mirror/work/local_llm_runtime/node_modules/node-llama-cpp/dist/utils/gbnfJson/terminals/GbnfFormatString.js.map,1905,c4ba577e5cbaaf5dde6b7d288b9292da0757aef5ea06b6621ff97c0085fb2553
workspace_mirror/work/local_llm_runtime/node_modules/node-llama-cpp/dist/utils/gbnfJson/terminals/GbnfGrammar.d.ts,455,d1092a31067a783e7fe7b5a495cb00c3ab24898da1d781fe3068c2a4a62d7a9c
workspace_mirror/work/local_llm_runtime/node_modules/node-llama-cpp/dist/utils/gbnfJson/terminals/GbnfGrammar.js,763,3e7d818d65a545ff14f279486d5abbc61cfa96cad5af94b010ea9c17481c3233
workspace_mirror/work/local_llm_runtime/node_modules/node-llama-cpp/dist/utils/gbnfJson/terminals/GbnfGrammar.js.map,782,f7188ef1014f82b1ae0eab769e71905ac5605d5b4de61209e6fbe3ba2bfd0b54
workspace_mirror/work/local_llm_runtime/node_modules/node-llama-cpp/dist/utils/gbnfJson/terminals/GbnfInsideStringChar.d.ts,181,3502ba4c1bb419b71ae74d105231d42601bc0e7640a8f3c1ed7e8edfc19d9026
workspace_mirror/work/local_llm_runtime/node_modules/node-llama-cpp/dist/utils/gbnfJson/terminals/GbnfInsideStringChar.js,712,9f259fb69bfa5d6cee96fc2777f01aff1217b475d4ff1f48c517d1c6f01584ac
workspace_mirror/work/local_llm_runtime/node_modules/node-llama-cpp/dist/utils/gbnfJson/terminals/GbnfInsideStringChar.js.map,632,25bccbcb45d8ff0da4fe2755ed72f66eaf9d646cf91e297da234de54d6663da6
workspace_mirror/work/local_llm_runtime/node_modules/node-llama-cpp/dist/utils/gbnfJson/terminals/GbnfNull.d.ts,169,73a3f1e71080e9792f77d5a29ec25d09712ac8bde1c0ea266ff5e92a0a3beb98
workspace_mirror/work/local_llm_runtime/node_modules/node-llama-cpp/dist/utils/gbnfJson/terminals/GbnfNull.js,302,973a644bf8c1ffc22b442f46d93bc17b60a3c85ab674272c3efed06096c82125
workspace_mirror/work/local_llm_runtime/node_modules/node-llama-cpp/dist/utils/gbnfJson/terminals/GbnfNull.js.map,361,a32933a61c8b10ce8b440d816810dbac33fabddf9185b48143569ccc2db09608
workspace_mirror/work/local_llm_runtime/node_modules/node-llama-cpp/dist/utils/gbnfJson/terminals/GbnfNumber.d.ts,291,af54a6fad138269732c6892dfb00e65467468292dbf9673f0d031700d4a70c78
workspace_mirror/work/local_llm_runtime/node_modules/node-llama-cpp/dist/utils/gbnfJson/terminals/GbnfNumber.js,766,3177b4f848425f56805e797025a6b95e86807b385c6adcb921479f7be62487a2
workspace_mirror/work/local_llm_runtime/node_modules/node-llama-cpp/dist/utils/gbnfJson/terminals/GbnfNumber.js.map,709,5f6b53f2f66695ed9ecbf8536d70a64c4ba339df80f051695c04d2174d7da5c3
workspace_mirror/work/local_llm_runtime/node_modules/node-llama-cpp/dist/utils/gbnfJson/terminals/GbnfNumberValue.d.ts,439,e3438481790d0bda5b3289be12a493c04900c9c26304cb37fd3053e30246946a
workspace_mirror/work/local_llm_runtime/node_modules/node-llama-cpp/dist/utils/gbnfJson/terminals/GbnfNumberValue.js,736,bf9b9fc3bb5eb67b90a95dd0346ac456b0bf637842ebafc79bbb7e700748246b
workspace_mirror/work/local_llm_runtime/node_modules/node-llama-cpp/dist/utils/gbnfJson/terminals/GbnfNumberValue.js.map,759,54f93b97698ae784321194972b47f80e5a3cfd223c0fbdddff577f2da8758ecd
workspace_mirror/work/local_llm_runtime/node_modules/node-llama-cpp/dist/utils/gbnfJson/terminals/GbnfObjectMap.d.ts,1130,0b63536869bb460025b73544379866444adb8b12f5a2f8a099dc0aef976c18e0
workspace_mirror/work/local_llm_runtime/node_modules/node-llama-cpp/dist/utils/gbnfJson/terminals/GbnfObjectMap.js,4772,bedeae7088a652569828e95f5392c7cfcdfc2b19d32aba9f3405b0113faae011
workspace_mirror/work/local_llm_runtime/node_modules/node-llama-cpp/dist/utils/gbnfJson/terminals/GbnfObjectMap.js.map,4185,d2daa2781b284eb5fffb58968109f16d4b96ecf18d0e58eb0b785b72e2ebb11e
workspace_mirror/work/local_llm_runtime/node_modules/node-llama-cpp/dist/utils/gbnfJson/terminals/GbnfOr.d.ts,486,29c37eabef8027134e927e4460894759fdb98187c03df1238cb765f501bc5891
workspace_mirror/work/local_llm_runtime/node_modules/node-llama-cpp/dist/utils/gbnfJson/terminals/GbnfOr.js,1315,dba191f257607ea189d057a6b0a13441b4dc73d13ef5525370461eb93b28e721
workspace_mirror/work/local_llm_runtime/node_modules/node-llama-cpp/dist/utils/gbnfJson/terminals/GbnfOr.js.map,1384,6ba5f3d0ad86cdd21019c48600b9bc51ac826afef2bfe1af30dc15949c10b8ec
workspace_mirror/work/local_llm_runtime/node_modules/node-llama-cpp/dist/utils/gbnfJson/terminals/GbnfRef.d.ts,639,8871f4d89260de2ec2eccfd1e0931a2d73f31ecff294a0fa0c1c8ab2cef26ac2
workspace_mirror/work/local_llm_runtime/node_modules/node-llama-cpp/dist/utils/gbnfJson/terminals/GbnfRef.js,1608,d9781bf51f6ec551c15a7a2650335165a7bfe52b76b6c3e91a827249ebe8bbd1
workspace_mirror/work/local_llm_runtime/node_modules/node-llama-cpp/dist/utils/gbnfJson/terminals/GbnfRef.js.map,1710,0b7209b99683bae67735e96a2f5d6a5fa819744fa0c4a30942248b1b542cd90f
workspace_mirror/work/local_llm_runtime/node_modules/node-llama-cpp/dist/utils/gbnfJson/terminals/GbnfRepetition.d.ts,613,5a41bf0dc371b939771d1350e8da61f2797419adc6b7c77d1b45b5ebd1bd7317
workspace_mirror/work/local_llm_runtime/node_modules/node-llama-cpp/dist/utils/gbnfJson/terminals/GbnfRepetition.js,4414,1d0d022ae1a215d047e0daa49cf3a16a8f2462b781168e72555150a671f46923
workspace_mirror/work/local_llm_runtime/node_modules/node-llama-cpp/dist/utils/gbnfJson/terminals/GbnfRepetition.js.map,4237,3d5f8748ad11e2a8e4b195ae813c08a87ffbff585ccbd1f97c18ca8e6900015e
workspace_mirror/work/local_llm_runtime/node_modules/node-llama-cpp/dist/utils/gbnfJson/terminals/GbnfString.d.ts,450,041ac2875f46d829fabe3204f9c411d7e98e8cb36ce34e85829337b8bd3cad94
workspace_mirror/work/local_llm_runtime/node_modules/node-llama-cpp/dist/utils/gbnfJson/terminals/GbnfString.js,1553,a20e24933b272ddb2c73bc17ffd815394e71341fe807e3f2a9f841cb29800285
workspace_mirror/work/local_llm_runtime/node_modules/node-llama-cpp/dist/utils/gbnfJson/terminals/GbnfString.js.map,1514,fde42478ba411d32feec0ea92fa459fdc9a0d945be7218b940f460977e0df35c
workspace_mirror/work/local_llm_runtime/node_modules/node-llama-cpp/dist/utils/gbnfJson/terminals/GbnfStringValue.d.ts,346,cedb77d9b2a76d11780d9561c700582e25e0f4dd7f635db5f0a252d3c315ea5b
workspace_mirror/work/local_llm_runtime/node_modules/node-llama-cpp/dist/utils/gbnfJson/terminals/GbnfStringValue.js,740,bc414dfc4dfbf08a3dedb96cbf8f0288963b3fdd56370f79ca742a06997921a4
workspace_mirror/work/local_llm_runtime/node_modules/node-llama-cpp/dist/utils/gbnfJson/terminals/GbnfStringValue.js.map,751,e8cdc7f6f86ef4ed292e88c7dfa13150ec9f114095f10b83356f4b6a26f261fe
workspace_mirror/work/local_llm_runtime/node_modules/node-llama-cpp/dist/utils/gbnfJson/terminals/GbnfVerbatimText.d.ts,200,af4d5804d277259b2e3c0bb27bb1d6f3d297ae489530ea0f2c5a2fbfcc720f55
workspace_mirror/work/local_llm_runtime/node_modules/node-llama-cpp/dist/utils/gbnfJson/terminals/GbnfVerbatimText.js,561,c99a3bacc1af5cf2b9069530f869c75dddee72e3ac15011f19f55bec3eb9580d
workspace_mirror/work/local_llm_runtime/node_modules/node-llama-cpp/dist/utils/gbnfJson/terminals/GbnfVerbatimText.js.map,628,5733bc5b87d8e8aadd6637acf4065f132a7f5cd5dc6ec4f433da5cc1cb7865fd
workspace_mirror/work/local_llm_runtime/node_modules/node-llama-cpp/dist/utils/gbnfJson/terminals/GbnfWhitespace.d.ts,529,f21a16ff140b0132098f18b413895e4d3b3340b69ca835de7b9b085f28733e18
workspace_mirror/work/local_llm_runtime/node_modules/node-llama-cpp/dist/utils/gbnfJson/terminals/GbnfWhitespace.js,2447,e12969298b9231d539be8e4070a7c8b9904209d616c0ec6d8e5142da86c97ad6
workspace_mirror/work/local_llm_runtime/node_modules/node-llama-cpp/dist/utils/gbnfJson/terminals/GbnfWhitespace.js.map,2243,4495c042b4124b44de2803d3ae93c14e25c23139d662f11a931e408aab4734ff
workspace_mirror/work/local_llm_runtime/node_modules/node-llama-cpp/dist/utils/gbnfJson/terminals/gbnfConsts.d.ts,1085,4ee12b657a850ca87ffdc46bf6e1680af01d913b1a74e068f04d78d2e028d688
workspace_mirror/work/local_llm_runtime/node_modules/node-llama-cpp/dist/utils/gbnfJson/terminals/gbnfConsts.js,1978,a7e375d1a2b5706dba6180c4971f594577151289f6b2c73b1a502e7e4461cc59
workspace_mirror/work/local_llm_runtime/node_modules/node-llama-cpp/dist/utils/gbnfJson/terminals/gbnfConsts.js.map,1623,f609a2e98b04d62c759a15153ffb3416f30f8e3978c22b75e199c59732d0f6b5
workspace_mirror/work/local_llm_runtime/node_modules/node-llama-cpp/dist/utils/gbnfJson/types.d.ts,14429,8337d60b256304ba19997a32002ddfc7af3a05cb1cceeafdd072c15b6685979c
workspace_mirror/work/local_llm_runtime/node_modules/node-llama-cpp/dist/utils/gbnfJson/types.js,971,60797b779a01eae217a0d7eb984b35f9d0db5cde4893b8e82af9f9a6f4445644
workspace_mirror/work/local_llm_runtime/node_modules/node-llama-cpp/dist/utils/gbnfJson/types.js.map,1066,1c71bcad278fed6aafa4e053467e7649afd85145ec4b0d55c7fe59a848067b25
workspace_mirror/work/local_llm_runtime/node_modules/node-llama-cpp/dist/utils/gbnfJson/utils/GbnfJsonScopeState.d.ts,370,7653e55c85a3b9c716cfbbdcd495872d41c4eb3019aa6f5d3001bff290bc4e84
workspace_mirror/work/local_llm_runtime/node_modules/node-llama-cpp/dist/utils/gbnfJson/utils/GbnfJsonScopeState.js,448,a915329ed402e0d431f8de697da34795ef7d448a52ae4bec1abf91c2c1f35ceb
workspace_mirror/work/local_llm_runtime/node_modules/node-llama-cpp/dist/utils/gbnfJson/utils/GbnfJsonScopeState.js.map,494,b6dcaa545fb509e92b1966378e6b03a4e8eaec58bfbe52151e1a5f1eb3fa0d03
workspace_mirror/work/local_llm_runtime/node_modules/node-llama-cpp/dist/utils/gbnfJson/utils/defsScope.d.ts,435,3eb5fb2fd50871bdc9bd133fed7787d4ed53d7d044860920ced9dfc473c72bf2
workspace_mirror/work/local_llm_runtime/node_modules/node-llama-cpp/dist/utils/gbnfJson/utils/defsScope.js,503,e34523dbff69870eedc77398fb62a86df56683957d6799dc60d6702823f759d2
workspace_mirror/work/local_llm_runtime/node_modules/node-llama-cpp/dist/utils/gbnfJson/utils/defsScope.js.map,640,8f5b106334a48f7d44b08b079bfaf339b952490f7486a2c1680b8eec03dffd4a
workspace_mirror/work/local_llm_runtime/node_modules/node-llama-cpp/dist/utils/gbnfJson/utils/getGbnfJsonTerminalForGbnfJsonSchema.d.ts,438,550aa82d46a3a6734e817430b46cd03031daa32c4a46931b415d61b34ec5308d
workspace_mirror/work/local_llm_runtime/node_modules/node-llama-cpp/dist/utils/gbnfJson/utils/getGbnfJsonTerminalForGbnfJsonSchema.js,7766,f5564f445b4ed21996b52e7f31469f12c7ee3e0c7a10c8ec3cd1317e3bd8cde0
workspace_mirror/work/local_llm_runtime/node_modules/node-llama-cpp/dist/utils/gbnfJson/utils/getGbnfJsonTerminalForGbnfJsonSchema.js.map,6393,396ba63db3d6d6db2beed8f234fe5368599dc48c742c26f6700147f25cf3df8f
workspace_mirror/work/local_llm_runtime/node_modules/node-llama-cpp/dist/utils/gbnfJson/utils/getGbnfJsonTerminalForLiteral.d.ts,419,18122daa117ce56d021f7dc3b857b0979dd6609e76415b85539949534dd7c985
workspace_mirror/work/local_llm_runtime/node_modules/node-llama-cpp/dist/utils/gbnfJson/utils/getGbnfJsonTerminalForLiteral.js,746,08dc92cbffaad588b48769f36cb7fa4b0a463b434406b4c6488788d50198dd2f
workspace_mirror/work/local_llm_runtime/node_modules/node-llama-cpp/dist/utils/gbnfJson/utils/getGbnfJsonTerminalForLiteral.js.map,730,4b9159b2708317df433ecaca692f15b65eac9ea0c932f315cd301be327482907
workspace_mirror/work/local_llm_runtime/node_modules/node-llama-cpp/dist/utils/gbnfJson/utils/validateObjectAgainstGbnfSchema.d.ts,510,bf9f1e51f4868ad16c141a1d5d9a2a2896cff48a4122af03c597251971a7cdcc
workspace_mirror/work/local_llm_runtime/node_modules/node-llama-cpp/dist/utils/gbnfJson/utils/validateObjectAgainstGbnfSchema.js,11821,fe72f816614467d8a555edd57a2e04faf53c482ee9962069e6111ab235e68689
workspace_mirror/work/local_llm_runtime/node_modules/node-llama-cpp/dist/utils/gbnfJson/utils/validateObjectAgainstGbnfSchema.js.map,10905,8f72875953195589b0e948d9e009c750fbbe6e2a520d9efce886c16f63f40a2e
workspace_mirror/work/local_llm_runtime/node_modules/node-llama-cpp/dist/utils/getBuildDefaults.d.ts,159,aea3268afa4ea7aac052f6853a40d2df6e3cababc692ffec8a5e66f5ed0bb986
workspace_mirror/work/local_llm_runtime/node_modules/node-llama-cpp/dist/utils/getBuildDefaults.js,407,357794f5fa13b8e072fb0a9789c57546aa4a90ac594b9861649103b4dac0dccc
workspace_mirror/work/local_llm_runtime/node_modules/node-llama-cpp/dist/utils/getBuildDefaults.js.map,364,ac2bf2f78723ad9bf463ef7d480e3395ba4df43699848c6472bbd26ea6e1e5bb
workspace_mirror/work/local_llm_runtime/node_modules/node-llama-cpp/dist/utils/getConsoleLogPrefix.d.ts,94,f6aedd3196954f9778ec66ceb515530ad446ad585b5132ac2f1a2092470ddf4b
workspace_mirror/work/local_llm_runtime/node_modules/node-llama-cpp/dist/utils/getConsoleLogPrefix.js,476,545fbee413150980771e74ddc3416360516b74183a44141c7ebc812a4dbd9bd5
workspace_mirror/work/local_llm_runtime/node_modules/node-llama-cpp/dist/utils/getConsoleLogPrefix.js.map,538,cde39515a67c6f3b040bacd6b4a6d4cbebc39c315d9c4bc0df74c985b3fe057b
workspace_mirror/work/local_llm_runtime/node_modules/node-llama-cpp/dist/utils/getFirstWritableDir.d.ts,507,3c739e0a328705f11ab107c8e67b03f341827019b970a32ac6904393dcde02f4
workspace_mirror/work/local_llm_runtime/node_modules/node-llama-cpp/dist/utils/getFirstWritableDir.js,2041,9d9c1c56eb6a35e42118de05e4ffa550c063cdd876e0ece8c0a51d51a532f3db
workspace_mirror/work/local_llm_runtime/node_modules/node-llama-cpp/dist/utils/getFirstWritableDir.js.map,1958,fe710576abbc88c3616c500acd3e795f8721cf05f70d9b40edac7f369679d506
workspace_mirror/work/local_llm_runtime/node_modules/node-llama-cpp/dist/utils/getGrammarsFolder.d.ts,137,87f4ca95df5898730099c04a53fd217730ea1347e725eb214e724a9be640d32d
workspace_mirror/work/local_llm_runtime/node_modules/node-llama-cpp/dist/utils/getGrammarsFolder.js,864,7f6577f22f7d20e50204758ab8e347ed159ed2a4ad96694bb9f1def40e3df031
workspace_mirror/work/local_llm_runtime/node_modules/node-llama-cpp/dist/utils/getGrammarsFolder.js.map,754,195363ad7b252256ec3b7a460c7f11936e1dca2a2ed212c190333a5f5c27645b
workspace_mirror/work/local_llm_runtime/node_modules/node-llama-cpp/dist/utils/getLlamaClasses.d.ts,459,065b9dea3fea64681ccc13d2de210fc16b8e13c7a16ac7e77a2a7b5b9df4bb63
workspace_mirror/work/local_llm_runtime/node_modules/node-llama-cpp/dist/utils/getLlamaClasses.js,518,d302533c3d9b482bc79465cc6ab965ef6c65b27378e397a500ccc95899d6bdf0
workspace_mirror/work/local_llm_runtime/node_modules/node-llama-cpp/dist/utils/getLlamaClasses.js.map,456,985f433cc175ddea11fe918afba46f4707a4b808d66ca80029116bb31c11288a
workspace_mirror/work/local_llm_runtime/node_modules/node-llama-cpp/dist/utils/getModuleVersion.d.ts,61,7a8548ac9c986d10bfe70142d3fb4ca5cb0c63aee849b34f04918963e5e8cba2
workspace_mirror/work/local_llm_runtime/node_modules/node-llama-cpp/dist/utils/getModuleVersion.js,489,b41db3080c44ae6b72f4694530ec53b67b11b80010148e7bc5cb402eaf47be33
workspace_mirror/work/local_llm_runtime/node_modules/node-llama-cpp/dist/utils/getModuleVersion.js.map,622,3ac4131314098e71a4ce5bf47e045a0cc60ee8c25fe734707727d7023aab220d
workspace_mirror/work/local_llm_runtime/node_modules/node-llama-cpp/dist/utils/getQueuedTokensBeforeStopTrigger.d.ts,365,d8fd18a31bd786dca861d59ac86a00ba14497cbd518deecf12507585e47ff8b8
workspace_mirror/work/local_llm_runtime/node_modules/node-llama-cpp/dist/utils/getQueuedTokensBeforeStopTrigger.js,1629,a0c58d20c56323364c5595574a6ab360af1243f22f215551f6b330c349225a09
workspace_mirror/work/local_llm_runtime/node_modules/node-llama-cpp/dist/utils/getQueuedTokensBeforeStopTrigger.js.map,1507,81a81220040d86919cb038fa3a362d8e6f7ca3b165de1cf53886a228cff2fe96
workspace_mirror/work/local_llm_runtime/node_modules/node-llama-cpp/dist/utils/getReadableContextSize.d.ts,77,f5266e7c0960b8b31b423fff3f431b6983367cc9bcaeeb0707ea624e6939cf75
workspace_mirror/work/local_llm_runtime/node_modules/node-llama-cpp/dist/utils/getReadableContextSize.js,224,2eda724e0b6cc088c2be7cdc31d601138b4554b1a4b6c417d666cddb77f62981
workspace_mirror/work/local_llm_runtime/node_modules/node-llama-cpp/dist/utils/getReadableContextSize.js.map,286,73813a1bfa64e111e260fff8d211c2a21a6f57d3d52536ffddbf85cbc28e8bad
workspace_mirror/work/local_llm_runtime/node_modules/node-llama-cpp/dist/utils/getStandardizedChatWrapperSegmentDefinition.d.ts,456,cae2e8b3063792e387db7ea6b4cc985581eb708af7ec5de90d925fe6bf32747d
workspace_mirror/work/local_llm_runtime/node_modules/node-llama-cpp/dist/utils/getStandardizedChatWrapperSegmentDefinition.js,740,872535ad30af1c00f988992572c33800744dda3f4b92517a20e8bece080e9cba
workspace_mirror/work/local_llm_runtime/node_modules/node-llama-cpp/dist/utils/getStandardizedChatWrapperSegmentDefinition.js.map,710,fead8d320850880370d7ef1fa8a1cceb40219e0fa4fe979be1dbf542223cb033
workspace_mirror/work/local_llm_runtime/node_modules/node-llama-cpp/dist/utils/getTempDir.d.ts,324,623393709590c8f66836d3c40724448142676707e2cfc8bc8478ed66d0edb9d2
workspace_mirror/work/local_llm_runtime/node_modules/node-llama-cpp/dist/utils/getTempDir.js,3944,9c288ce04f137a74ed797156764ddb7e246b0885d58f0143d327c2e3ef43291f
workspace_mirror/work/local_llm_runtime/node_modules/node-llama-cpp/dist/utils/getTempDir.js.map,4093,afdd0d18488b970ae519a61eb3847f0535b63c680165ab1195727ef3e04f58a7
workspace_mirror/work/local_llm_runtime/node_modules/node-llama-cpp/dist/utils/getTypeScriptTypeStringForGbnfJsonSchema.d.ts,152,99ee9786520a37f850044c95c606ca68be75c323a8b1a76c8aae8a4b293e47a1
workspace_mirror/work/local_llm_runtime/node_modules/node-llama-cpp/dist/utils/getTypeScriptTypeStringForGbnfJsonSchema.js,10067,f52c9f39cd190e78f2cb9f87ae08460007bf01e8afa6b4b533950080bb2466f3
workspace_mirror/work/local_llm_runtime/node_modules/node-llama-cpp/dist/utils/getTypeScriptTypeStringForGbnfJsonSchema.js.map,9120,50f366b3e5b27cbf34eae817f6ace71db63ba8b2df0dbe31d229b84ded106eef
workspace_mirror/work/local_llm_runtime/node_modules/node-llama-cpp/dist/utils/gitReleaseBundles.d.ts,353,a36b60af32494303eb9a88f244f3866eaea1a6db8128854a385448c2b0eab98c
workspace_mirror/work/local_llm_runtime/node_modules/node-llama-cpp/dist/utils/gitReleaseBundles.js,7315,cffd7cbc06c78bd8c6a5dfd95e89dfb0d9ea1df3e22c26c974171d537287a7fe
workspace_mirror/work/local_llm_runtime/node_modules/node-llama-cpp/dist/utils/gitReleaseBundles.js.map,6611,b3e30060a107d42c7fd9485629535e482b4ef2c8facd10e4e930a77a89d4827e
workspace_mirror/work/local_llm_runtime/node_modules/node-llama-cpp/dist/utils/hashString.d.ts,67,dadf322302980cce92a1da9785e2429bfa1bd4f5abd055e29bcb8b1ae788bcbe
workspace_mirror/work/local_llm_runtime/node_modules/node-llama-cpp/dist/utils/hashString.js,304,66ef1e6d770554ece8dbff802ef75155fc2426778f637411d8c2f6d1a0130c7d
workspace_mirror/work/local_llm_runtime/node_modules/node-llama-cpp/dist/utils/hashString.js.map,481,8493a037690157259a0752dd348019ff8608c282058f0a713b774145f6c46511
workspace_mirror/work/local_llm_runtime/node_modules/node-llama-cpp/dist/utils/includesText.d.ts,149,ff7523a2ecc9f2cb620c632cfe42ba16f2889ef972f671eba54c0853a378a03b
workspace_mirror/work/local_llm_runtime/node_modules/node-llama-cpp/dist/utils/includesText.js,547,f3aa7a6b02102c56654309fe819f7a986bf83e15fcd9ba7bc2b21d341ca346c7
workspace_mirror/work/local_llm_runtime/node_modules/node-llama-cpp/dist/utils/includesText.js.map,649,0ace1ce7443bb822c1aa1756f8cdf2e19ee63c0405abde3a20aefd32d82ba3cf
workspace_mirror/work/local_llm_runtime/node_modules/node-llama-cpp/dist/utils/isLockfileActive.d.ts,152,edeb6fdd5831254b82f25eb9988472586040f1825f18be98d0e64440a84b17a6
workspace_mirror/work/local_llm_runtime/node_modules/node-llama-cpp/dist/utils/isLockfileActive.js,564,f96cc9ff168f95df8256ee8ea5989206ce81060260b78bdecb2e0ca3b2f07e1b
workspace_mirror/work/local_llm_runtime/node_modules/node-llama-cpp/dist/utils/isLockfileActive.js.map,626,a89fbe7dba845d2a97f3040c900016cd3f6f93684c39a0aefc2950640e31b277
workspace_mirror/work/local_llm_runtime/node_modules/node-llama-cpp/dist/utils/isToken.d.ts,98,44bbc559d65f85c7eca5628fd8b8acfde61f6850c3a95f3fd9a9972fe959ce3d
workspace_mirror/work/local_llm_runtime/node_modules/node-llama-cpp/dist/utils/isToken.js,108,05c890f8182a3abc9d81523eba9876f39c7da899f716fdf5fc6f998bc31396b2
workspace_mirror/work/local_llm_runtime/node_modules/node-llama-cpp/dist/utils/isToken.js.map,191,23d84f12379d4bd0536b6c79e4ececc5400fda64a7c0147d2993c4755181c919
workspace_mirror/work/local_llm_runtime/node_modules/node-llama-cpp/dist/utils/isUrl.d.ts,83,7af6a235e71bd5d008b8d84d602b735c69369d2a1460196e1000616b8e1990d7
workspace_mirror/work/local_llm_runtime/node_modules/node-llama-cpp/dist/utils/isUrl.js,432,a157f7d265f99d8ec56d28064eee4e46f456a20e9b90fc99539e9acf71d59504
workspace_mirror/work/local_llm_runtime/node_modules/node-llama-cpp/dist/utils/isUrl.js.map,514,d3974bb0fc1604d813d689ad2c7a2de3f8735b498dd5da4722f42407dd8a5b1d
workspace_mirror/work/local_llm_runtime/node_modules/node-llama-cpp/dist/utils/mergeUnionTypes.d.ts,415,d70c036b1208981a752b401f65a5ca42ec73c7bec3b082fd7d448a97e95f1e5e
workspace_mirror/work/local_llm_runtime/node_modules/node-llama-cpp/dist/utils/mergeUnionTypes.js,54,64a682d41044824b7e865c1a74497278ce9502fdc7bb8d4e318cc818a8a71506
workspace_mirror/work/local_llm_runtime/node_modules/node-llama-cpp/dist/utils/mergeUnionTypes.js.map,131,11d1f09c4d6781de37c7746199b2da4bd4978f3ed362c9b1fe206c22c046ad0c
workspace_mirror/work/local_llm_runtime/node_modules/node-llama-cpp/dist/utils/modelDownloadEndpoints.d.ts,600,a96b2dab90faf19e95f1c4849b01807902f8fe96749169ed160398a9ad0e3f6b
workspace_mirror/work/local_llm_runtime/node_modules/node-llama-cpp/dist/utils/modelDownloadEndpoints.js,1446,754f8a718446f696f9228e60b4140e9b322bf2f172d7d766d211aac2f0bfbbd1
workspace_mirror/work/local_llm_runtime/node_modules/node-llama-cpp/dist/utils/modelDownloadEndpoints.js.map,1276,b3bfc37ccc3ee4c7f528ffc8ec321b08ed22c88eb801cf2b832b39540a453043
workspace_mirror/work/local_llm_runtime/node_modules/node-llama-cpp/dist/utils/modelFileAccessTokens.d.ts,360,c185d684f2da7644a4965978a571a272d9540f815208024f0d9f61eeb57321c1
workspace_mirror/work/local_llm_runtime/node_modules/node-llama-cpp/dist/utils/modelFileAccessTokens.js,1517,6eecbbc65afa42dc2be711d2ad4ca684f504bfd960d5a26cbd6122efa82ba206
workspace_mirror/work/local_llm_runtime/node_modules/node-llama-cpp/dist/utils/modelFileAccessTokens.js.map,1613,b7bc14e2aa32a21bff9ae1c16d3db2fac671b07f527120fc60152c0f56bb4a0e
workspace_mirror/work/local_llm_runtime/node_modules/node-llama-cpp/dist/utils/optionsMatrix.d.ts,1315,755a58da44c95dbf9171c962e9fd9b00530392081271ecc6d9cdb54e9dfd047e
workspace_mirror/work/local_llm_runtime/node_modules/node-llama-cpp/dist/utils/optionsMatrix.js,2380,d05158548adb368d564fbcc2b701b081d9607d19332a61e6371edc5e0f8efcfe
workspace_mirror/work/local_llm_runtime/node_modules/node-llama-cpp/dist/utils/optionsMatrix.js.map,1754,9c5c92bc179c8d8858216f82eccca1b23feb48d626191b8a64bf2339afd35b6e
workspace_mirror/work/local_llm_runtime/node_modules/node-llama-cpp/dist/utils/parseModelFileName.d.ts,468,bfb7e87b5f004e78743836f1fff561430aaa3d00fa09cf565b16e28199790bef
workspace_mirror/work/local_llm_runtime/node_modules/node-llama-cpp/dist/utils/parseModelFileName.js,4127,0f7656a04da8a27dfbcb9a844c3093925575b19ea693820a914dcc7ac01b0d6a
workspace_mirror/work/local_llm_runtime/node_modules/node-llama-cpp/dist/utils/parseModelFileName.js.map,4639,b3ff5ab5fc2e06311ade69ed32aaff818130816d5b07720853c37570cf5fd535
workspace_mirror/work/local_llm_runtime/node_modules/node-llama-cpp/dist/utils/parseModelUri.d.ts,1672,101e77699e3a9ce78aa22002720d508f14e3f18160b00682932dc96f77e6514d
workspace_mirror/work/local_llm_runtime/node_modules/node-llama-cpp/dist/utils/parseModelUri.js,16844,597d04fbd3365d1c0ebecdc09c7a1caae20a6a546345d6007b7525a9fd2da91b
workspace_mirror/work/local_llm_runtime/node_modules/node-llama-cpp/dist/utils/parseModelUri.js.map,15000,a45303745b7b9815869489c17cea3dbe370db24609993103f59f112bdfbe1810
workspace_mirror/work/local_llm_runtime/node_modules/node-llama-cpp/dist/utils/parseTextTemplate.d.ts,1751,67910c5da312a01d3210472bbc03b32b3d19a6c5fabad800b4dc6b26f9eff941
workspace_mirror/work/local_llm_runtime/node_modules/node-llama-cpp/dist/utils/parseTextTemplate.js,4063,68109be41f5693d073f80bcfcd0e919f3a59a5dde500f98321cb6391584ba90e
workspace_mirror/work/local_llm_runtime/node_modules/node-llama-cpp/dist/utils/parseTextTemplate.js.map,2815,563453954906f002618c435967ad18ddbee21b2a82927b4d0be8c81552fa0681
workspace_mirror/work/local_llm_runtime/node_modules/node-llama-cpp/dist/utils/prettyPrintObject.d.ts,415,0a34e3ad6b05024d0a1d3717ced5dd9c4fffa7be8a502239afbe993cd11d721b
workspace_mirror/work/local_llm_runtime/node_modules/node-llama-cpp/dist/utils/prettyPrintObject.js,3257,44e1fd89a158fb541a81c0d522f80ab6af9830e0317070d11acf4f2907685865
workspace_mirror/work/local_llm_runtime/node_modules/node-llama-cpp/dist/utils/prettyPrintObject.js.map,3932,95dffd9ccfe6247aabcff412e335a80808771fc0c1956d77d7f45ad1dab80358
workspace_mirror/work/local_llm_runtime/node_modules/node-llama-cpp/dist/utils/pushAll.d.ts,289,748bf25112727548fe033bf4a90ba1f8c2afeb3c1134f475b41f25953ff42480
workspace_mirror/work/local_llm_runtime/node_modules/node-llama-cpp/dist/utils/pushAll.js,325,63f610435ba23fb8d0a176290c865352c41f14bc654aa177ad1ffe5b21ff8703
workspace_mirror/work/local_llm_runtime/node_modules/node-llama-cpp/dist/utils/pushAll.js.map,272,4aa9e7fbda3cc8c19c4f6150936a6b522499a25ef120d63cdd710bf31ffb8366
workspace_mirror/work/local_llm_runtime/node_modules/node-llama-cpp/dist/utils/removeNullFields.d.ts,159,52a9073570cdc4a79d61ede4b0769642c63f586429046c35ebf75ff701f51995
workspace_mirror/work/local_llm_runtime/node_modules/node-llama-cpp/dist/utils/removeNullFields.js,463,03b102c81200905e42fb16342f8069ca1b46a8cf7ea4b8f3a6dc6f7dccc08fc1
workspace_mirror/work/local_llm_runtime/node_modules/node-llama-cpp/dist/utils/removeNullFields.js.map,650,d085ac768422f20d8cd7c635d9bbcf74367976c9a03ea7bedd26eb87ebd08529
workspace_mirror/work/local_llm_runtime/node_modules/node-llama-cpp/dist/utils/resolveGithubRelease.d.ts,244,90de0f67086e49c5552450b3e3812c62e37223d315f9515fb600bf5cfafbc0c3
workspace_mirror/work/local_llm_runtime/node_modules/node-llama-cpp/dist/utils/resolveGithubRelease.js,1309,0705b40509f9e418221ac002e9dcce9c316ed3c83e803273a708539e8f0ad715
workspace_mirror/work/local_llm_runtime/node_modules/node-llama-cpp/dist/utils/resolveGithubRelease.js.map,1172,5c3c8eb690c4ecd50e4cb2f715dbf4103bc731e3ec3aa5f97795c74895e83c2a
workspace_mirror/work/local_llm_runtime/node_modules/node-llama-cpp/dist/utils/resolveLastTokens.d.ts,133,d20a2bcaca5dad4e601344df15c50d6916684f2000ca666e2a8e27e4e1de7319
workspace_mirror/work/local_llm_runtime/node_modules/node-llama-cpp/dist/utils/resolveLastTokens.js,520,5c076be1702ca399427ccd2f9c74bb9d31c6bc6d02dd6ce27c083407aa5a3b7d
workspace_mirror/work/local_llm_runtime/node_modules/node-llama-cpp/dist/utils/resolveLastTokens.js.map,665,f32089670b86aa46578ca4623456498f2ab2309defdfeee820fe35005d5c2e19
workspace_mirror/work/local_llm_runtime/node_modules/node-llama-cpp/dist/utils/resolveModelDestination.d.ts,701,18e3bef510ac4428ea0a8abede9c439c5614a2106b099b70f9ea56923c547925
workspace_mirror/work/local_llm_runtime/node_modules/node-llama-cpp/dist/utils/resolveModelDestination.js,2105,635e741c59eff2b5d21a7e5e9ff45a517b2ef64f227263dc5fbb842a86dd0a7e
workspace_mirror/work/local_llm_runtime/node_modules/node-llama-cpp/dist/utils/resolveModelDestination.js.map,1763,71ff28727def7119e1d05b36bef75c5fb4e3febce46256c581a6f422a7d1c415
workspace_mirror/work/local_llm_runtime/node_modules/node-llama-cpp/dist/utils/resolveModelFile.d.ts,4819,206c96161a15409b6530994a3d1c8c3d484e569d9bc124f79fd46c34d570f9f5
workspace_mirror/work/local_llm_runtime/node_modules/node-llama-cpp/dist/utils/resolveModelFile.js,9178,20ee9452b352ea838507799ab7811c56de487c72fcdce2daddb05e77b0d47690
workspace_mirror/work/local_llm_runtime/node_modules/node-llama-cpp/dist/utils/resolveModelFile.js.map,6178,22fdca6e6d6ec9a5e99d8759e68b320a6a05c0a873a038c4c69db543c20d9fb3
workspace_mirror/work/local_llm_runtime/node_modules/node-llama-cpp/dist/utils/runtime.d.ts,187,5f750db7dcec3f05c33369f1ec0730e06c11ff3466d7a23239dbb6ac8b594901
workspace_mirror/work/local_llm_runtime/node_modules/node-llama-cpp/dist/utils/runtime.js,449,5771887dc7a3d71d4419d384f3e5d22d5161b3f73318777ed2537fb0093f06fc
workspace_mirror/work/local_llm_runtime/node_modules/node-llama-cpp/dist/utils/runtime.js.map,573,8365647e68f9d768a4a1470e38d3b03a2a7194df7dbeee481132bc6b94bcc0c1
workspace_mirror/work/local_llm_runtime/node_modules/node-llama-cpp/dist/utils/safeEventCallback.d.ts,725,49c262d4a9de89c1a1f9fe0ca017ba540cf877fe138d9c17d34aeed3a2aaa067
workspace_mirror/work/local_llm_runtime/node_modules/node-llama-cpp/dist/utils/safeEventCallback.js,927,1dd119443cae2e1d5fac46dacb3ce9bf4b41673a4918254b79d8769cc72902f8
workspace_mirror/work/local_llm_runtime/node_modules/node-llama-cpp/dist/utils/safeEventCallback.js.map,939,9da7719026440f58834d182f213ec484e6e6fb53aa25c0ca231f11bbecd2b82c
workspace_mirror/work/local_llm_runtime/node_modules/node-llama-cpp/dist/utils/signalSleep.d.ts,94,3b0c62b0dc0d30c92f733efef1db1b472a8d496cf1d7da186754c5505264dc6a
workspace_mirror/work/local_llm_runtime/node_modules/node-llama-cpp/dist/utils/signalSleep.js,707,ab2df71548437f77b74a37754c59d176f068cd49e5ca517ca54099455d671406
workspace_mirror/work/local_llm_runtime/node_modules/node-llama-cpp/dist/utils/signalSleep.js.map,737,3cd4bf40016f62bb83432ade8bf84fdab4ea1f94f58649f4ba084a9430f0d18c
workspace_mirror/work/local_llm_runtime/node_modules/node-llama-cpp/dist/utils/spawnCommand.d.ts,452,1c805648e6925aaedca53e842e244416b6daccf5478239bd7281e1135bb16954
workspace_mirror/work/local_llm_runtime/node_modules/node-llama-cpp/dist/utils/spawnCommand.js,3343,cfc7689a38bae00550280b796acce9e3ff39aacb98069a4ed57a4f8acc4405c9
workspace_mirror/work/local_llm_runtime/node_modules/node-llama-cpp/dist/utils/spawnCommand.js.map,3604,fb89f57e2dad7bc0e88c702e7a7809f92794c9419a72566b64cb0a2f0340a5ee
workspace_mirror/work/local_llm_runtime/node_modules/node-llama-cpp/dist/utils/tokenizeInput.d.ts,254,36aa7b93433c87bb208d0ec201cec82ca2c4b0c68c70a70d3f29b33e2cde11ef
workspace_mirror/work/local_llm_runtime/node_modules/node-llama-cpp/dist/utils/tokenizeInput.js,487,bcd5808f8d6062e94e13b8918d855c90ccaf94b17088fb0f152909dc3a0781ad
workspace_mirror/work/local_llm_runtime/node_modules/node-llama-cpp/dist/utils/tokenizeInput.js.map,602,f3641c8a7da2ffe84f96ccbca15fada0abf2bd746716bcb7c4d3700cc64d2b81
workspace_mirror/work/local_llm_runtime/node_modules/node-llama-cpp/dist/utils/tokenizerUtils.d.ts,897,7483229e8f84171525cd8f1060bc768ca31523d114c9f12ba08081fbab8298a9
workspace_mirror/work/local_llm_runtime/node_modules/node-llama-cpp/dist/utils/tokenizerUtils.js,1321,ab18ffdb28d795702d0b2ec5b492205675c3d55620fa5da8bb10e315ab79f006
workspace_mirror/work/local_llm_runtime/node_modules/node-llama-cpp/dist/utils/tokenizerUtils.js.map,851,4e9f6040c0d3fa88d08fafaec841f070c7b28ddf7075ae5aaea129a940d61d99
workspace_mirror/work/local_llm_runtime/node_modules/node-llama-cpp/dist/utils/transformPromisable.d.ts,2859,785651f1191d7b754d7f20743888a4dab866649fd7e214d0005f53e4684eeb74
workspace_mirror/work/local_llm_runtime/node_modules/node-llama-cpp/dist/utils/transformPromisable.js,3984,45fb50977723fb895edd901f98d8b625a4d86ab7dbae0d09af0c4319e195a1d0
workspace_mirror/work/local_llm_runtime/node_modules/node-llama-cpp/dist/utils/transformPromisable.js.map,2261,09d8b7cca8bc2fab47dcf02fbedab25ed7b6eff41a0c785f0f58e9af5ea12385
workspace_mirror/work/local_llm_runtime/node_modules/node-llama-cpp/dist/utils/truncateTextAndRoundToWords.d.ts,806,f81b97fae0f37ce7ac7c37f8435411fc1b5b6991f349f7891e9d25854c47405f
workspace_mirror/work/local_llm_runtime/node_modules/node-llama-cpp/dist/utils/truncateTextAndRoundToWords.js,4534,591b3f62f27beec3b190f543d565d656fe742fa37eec65708e3e34becf53418a
workspace_mirror/work/local_llm_runtime/node_modules/node-llama-cpp/dist/utils/truncateTextAndRoundToWords.js.map,3892,3b4e5b92ef84251136b4b8f17cb9613f64e9664e8d7e56b2074c4531d3c31aae
workspace_mirror/work/local_llm_runtime/node_modules/node-llama-cpp/dist/utils/utilTypes.d.ts,642,6ab8880705b802eb4234c4a814b180e827e990274ba3982a1639ae47408a533f
workspace_mirror/work/local_llm_runtime/node_modules/node-llama-cpp/dist/utils/utilTypes.js,48,830fb2596c531b439ba68d6cf9c2fd0bf328c0c3f60c461f919df0e4ddf38e47
workspace_mirror/work/local_llm_runtime/node_modules/node-llama-cpp/dist/utils/utilTypes.js.map,119,b5a3285aef355630cf45bc95cab4374c3dcffacdc9ecb295c28c0e90040679bf
workspace_mirror/work/local_llm_runtime/node_modules/node-llama-cpp/dist/utils/waitForLockfileRelease.d.ts,198,5231c1b51ecc3244148d9ee836a9eb80c42a235239c58435e5fde009ebd0a145
workspace_mirror/work/local_llm_runtime/node_modules/node-llama-cpp/dist/utils/waitForLockfileRelease.js,889,a349b0a7f0b29cb83760eb6defc81d2a632ca990e2d16165382126a13d3dd9a0
workspace_mirror/work/local_llm_runtime/node_modules/node-llama-cpp/dist/utils/waitForLockfileRelease.js.map,904,f68bb5e74bee371952a32c6876c4c9c7d2d5d9ffedd18d49deec71c3a8c139f9
workspace_mirror/work/local_llm_runtime/node_modules/node-llama-cpp/dist/utils/withAbortSignal.d.ts,110,92b1d14601c65e34113bf44d0d00fc774402e0d6d787fe9f4b19c99a3292ae94
workspace_mirror/work/local_llm_runtime/node_modules/node-llama-cpp/dist/utils/withAbortSignal.js,695,550c15eec556dbbe8e9f0ab85ff39828bc6ace6c0ef0a3c9a71e4b9fbd028d81
workspace_mirror/work/local_llm_runtime/node_modules/node-llama-cpp/dist/utils/withAbortSignal.js.map,827,4609991236f3feeaab18e919eb5133c9721a2bf6b8fbab06ab12271c9ca5d067
workspace_mirror/work/local_llm_runtime/node_modules/node-llama-cpp/dist/utils/withLockfile.d.ts,303,7d79b063519afd3d6065dc8793ef48efb0e7c95ce58c58169bc6b02676d6f6dc
workspace_mirror/work/local_llm_runtime/node_modules/node-llama-cpp/dist/utils/withLockfile.js,1490,bc2878b5712e785d6fb51c59f69e050eb7a96a7446571bbd8255809755474e9c
workspace_mirror/work/local_llm_runtime/node_modules/node-llama-cpp/dist/utils/withLockfile.js.map,1397,cf504ae847bc63093054ab9a81a644f0bb4f40eb6ff44bcfab44c16878c77315
workspace_mirror/work/local_llm_runtime/node_modules/node-llama-cpp/dist/utils/withOra.d.ts,225,038a4d03b54baefe122af6a8532a012af9e5f2b8ad619ce554362b29904f32de
workspace_mirror/work/local_llm_runtime/node_modules/node-llama-cpp/dist/utils/withOra.js,1225,5da09caa147037d9d7a773c3b13c80a43d546913951396345641437a6753e5cd
workspace_mirror/work/local_llm_runtime/node_modules/node-llama-cpp/dist/utils/withOra.js.map,1299,64f996c3a0f4f39f4cf42548ac248bbfa92df4c0d6c9870c470661c06cdbbbec
workspace_mirror/work/local_llm_runtime/node_modules/node-llama-cpp/dist/utils/withProgressLog.d.ts,1011,f2199bee6d2e8b19b868cec83fa928fa84e25308790381a9e8f3335641bca259
workspace_mirror/work/local_llm_runtime/node_modules/node-llama-cpp/dist/utils/withProgressLog.js,8831,d5f79389e712c29f39adfb2ef06e0be0c98c43a3cdc97ca0a9ad0a5ef0fd3190
workspace_mirror/work/local_llm_runtime/node_modules/node-llama-cpp/dist/utils/withProgressLog.js.map,7786,8c6f2c5cac86925d2f4182eb7db55b785a58040be7a3716fbd1edd3c51ea5b83
workspace_mirror/work/local_llm_runtime/node_modules/node-llama-cpp/dist/utils/withStatusLogs.d.ts,205,b0f3c50ba870fbd1b86ea371262e60782ff0cdc68b41322c38f130c7dad3d3e5
workspace_mirror/work/local_llm_runtime/node_modules/node-llama-cpp/dist/utils/withStatusLogs.js,1199,d73d4ac230812f40adc6f5ecc22b045479d5fbc232e03ffbf5dabcf4830eb170
workspace_mirror/work/local_llm_runtime/node_modules/node-llama-cpp/dist/utils/withStatusLogs.js.map,1199,f3ddf24294316b0de4f3eca924736fdb059d177a43aa829493586a43afac4070
workspace_mirror/work/local_llm_runtime/node_modules/node-llama-cpp/dist/utils/wrapAbortSignal.d.ts,122,65785026a1f3f07d375ddba6253c56af134fd18d8755f3bb53e327c16f2ee70a
workspace_mirror/work/local_llm_runtime/node_modules/node-llama-cpp/dist/utils/wrapAbortSignal.js,461,fe6ed6e322a654720d3cba38a98ba8a966ce32bc00406adc7eca91b559c26b27
workspace_mirror/work/local_llm_runtime/node_modules/node-llama-cpp/dist/utils/wrapAbortSignal.js.map,513,2c999df1460e35400448bffaf4153876ff5e2d25d41fa13d2cefe7f47ed3f89a
workspace_mirror/work/local_llm_runtime/node_modules/node-llama-cpp/llama/.clang-format,1232,509ff5186f95d2266c249ac87d72d9b3bfa95d8486d0d0741e6ac9da1e63defb
workspace_mirror/work/local_llm_runtime/node_modules/node-llama-cpp/llama/CMakeLists.txt,5924,88f6f43e245b2829f8daedb86f043470bb89d7f65a8ddf2595f0214295858f26
workspace_mirror/work/local_llm_runtime/node_modules/node-llama-cpp/llama/addon/AddonContext.cpp,46855,580bc3431e32b6ce846ca723b638d7a5e58441c1d35831975107400531696286
workspace_mirror/work/local_llm_runtime/node_modules/node-llama-cpp/llama/addon/AddonContext.h,3363,c82d36751105fc54391e60c45bc75d478d3c94e88e04b407ec83cebf7f33fa16
workspace_mirror/work/local_llm_runtime/node_modules/node-llama-cpp/llama/addon/AddonGgufMetadata.cpp,12695,7e971db812f59f6b9582f68e5b905211cb97909a6fa412c6e8846d4aaef455ae
workspace_mirror/work/local_llm_runtime/node_modules/node-llama-cpp/llama/addon/AddonGgufMetadata.h,1403,8e60819276ceef5cb3f351e9e5b6f6c328fda1c5a52c87b26c8037f41462446a
workspace_mirror/work/local_llm_runtime/node_modules/node-llama-cpp/llama/addon/AddonGrammar.cpp,3167,4c277c924a675eca91070320f84206b97cbf80c0c4029ce1b024d19836ae43bb
workspace_mirror/work/local_llm_runtime/node_modules/node-llama-cpp/llama/addon/AddonGrammar.h,608,550a6878015573d8222cfe541d26d186aa95d8ab32f31aa44a7e1dc26e098e64
workspace_mirror/work/local_llm_runtime/node_modules/node-llama-cpp/llama/addon/AddonGrammarEvaluationState.cpp,1359,ae3f507ee380dc82b416a4789c267d6b9bcb7ff013ca704718f1c6ebd22b8e15
workspace_mirror/work/local_llm_runtime/node_modules/node-llama-cpp/llama/addon/AddonGrammarEvaluationState.h,469,83905a818c477ae85633fa245827de6f98386c215e670db8f1925de84d9f0c52
workspace_mirror/work/local_llm_runtime/node_modules/node-llama-cpp/llama/addon/AddonModel.cpp,31562,e518468395e440da1451a49f3a118a47d133158d1a1dffbf74c1c9fc6d7c53dd
workspace_mirror/work/local_llm_runtime/node_modules/node-llama-cpp/llama/addon/AddonModel.h,3116,6624e07386e5e21b6b50ec824497f6498259b7d3f0b99940165bf39e6a4eb36a
workspace_mirror/work/local_llm_runtime/node_modules/node-llama-cpp/llama/addon/AddonModelData.cpp,1659,2218a57e19c3e888f16f6ad8976e9ae52ce5c2ea71994b64274d9fae4b31a651
workspace_mirror/work/local_llm_runtime/node_modules/node-llama-cpp/llama/addon/AddonModelData.h,513,0b3997381c27749bb4681128a759b1b86560a44b178cdb6aa411f6a0fe21c745
workspace_mirror/work/local_llm_runtime/node_modules/node-llama-cpp/llama/addon/AddonModelLora.cpp,4375,c0441dd1579b3d982bed71f4aaed2baa9958d02819dff8d3700f04dc838886b0
workspace_mirror/work/local_llm_runtime/node_modules/node-llama-cpp/llama/addon/AddonModelLora.h,1027,3238b2fef86c3de02bdcb206969f227ab4f5fbc5f8f406c53555bb44257899a7
workspace_mirror/work/local_llm_runtime/node_modules/node-llama-cpp/llama/addon/AddonSampler.cpp,28786,38bc6868d62d448567f2494ee4ad7f933a96215eb2470a236e848124cdeda5b5
workspace_mirror/work/local_llm_runtime/node_modules/node-llama-cpp/llama/addon/AddonSampler.h,2998,6897f43ece7db678f973e376feb5239fabf002770772fe2f5a8bfce1a20378cb
workspace_mirror/work/local_llm_runtime/node_modules/node-llama-cpp/llama/addon/RingBuffer.h,2619,f61945ff8080da98585e1e04489a7e6305176e01bdb34bc478eb35b81851669c
workspace_mirror/work/local_llm_runtime/node_modules/node-llama-cpp/llama/addon/addon.cpp,13743,2a8a2309e1ee31bfff4d4e9c6e379b7ad577a2a62a89a0dc0c28f7da56753126
workspace_mirror/work/local_llm_runtime/node_modules/node-llama-cpp/llama/addon/addonGlobals.cpp,1008,f301e95a2119ed0ed9f4825a281508f775d7adc57243aa300c1531428fd4747c
workspace_mirror/work/local_llm_runtime/node_modules/node-llama-cpp/llama/addon/addonGlobals.h,328,66f47f8dbe6082a4dcc887199ba72abe17d86283b0bfb9936033c1525a5d2821
workspace_mirror/work/local_llm_runtime/node_modules/node-llama-cpp/llama/addon/globals/addonEnv.cpp,1354,bb3a38ee9d5c067e4f40d9ac40bdd3c02b538d3bb53ad19170c977d6b1af9dff
workspace_mirror/work/local_llm_runtime/node_modules/node-llama-cpp/llama/addon/globals/addonEnv.h,89,91bcd84958ce705f4d2223746a1adb5d5c00eafe3bd56f65ce655ec230c8ef09
workspace_mirror/work/local_llm_runtime/node_modules/node-llama-cpp/llama/addon/globals/addonLog.cpp,5025,ca8198963d093fa387eb57fc9503ba220ecb694fc53c3e3c351201ae6be09f0f
workspace_mirror/work/local_llm_runtime/node_modules/node-llama-cpp/llama/addon/globals/addonLog.h,910,b88394a6e35df04b11c8a711fb68a999bf7ee69904881b2892761b814920ba78
workspace_mirror/work/local_llm_runtime/node_modules/node-llama-cpp/llama/addon/globals/addonProgress.cpp,431,d4695871a98f78747d99e4fdb06c7430f6c86950cf6c8e755f27c09eeefb93bd
workspace_mirror/work/local_llm_runtime/node_modules/node-llama-cpp/llama/addon/globals/addonProgress.h,546,2ce7f5952f48c48bf3833cba2346ab8c5ea62d9d8101953450b24d8a8483d306
workspace_mirror/work/local_llm_runtime/node_modules/node-llama-cpp/llama/addon/globals/getGpuInfo.cpp,6013,418c5f42334ab5df6c540ef9e559bfd43edd479b0deb3a3d7333a8bb4345e650
workspace_mirror/work/local_llm_runtime/node_modules/node-llama-cpp/llama/addon/globals/getGpuInfo.h,397,54033e4f5fb5230b99aec67d9f8af173130368643fc24e302b12b2c2cb1ac023
workspace_mirror/work/local_llm_runtime/node_modules/node-llama-cpp/llama/addon/globals/getProcessMemoryInfo.cpp,2079,4c941e21ef1f27cfc62fcffd3410fd30f54853cd8269f58a070abcd7b7cfd1af
workspace_mirror/work/local_llm_runtime/node_modules/node-llama-cpp/llama/addon/globals/getProcessMemoryInfo.h,98,efc84f8fd034fcd5fa786c3aac814277937c57965927816d92cdcc061949e2c1
workspace_mirror/work/local_llm_runtime/node_modules/node-llama-cpp/llama/addon/globals/getSwapInfo.cpp,2228,6bbcea669f54df8d776ad6889754feaa11816ab5bc623496de5bae044da932e0
workspace_mirror/work/local_llm_runtime/node_modules/node-llama-cpp/llama/addon/globals/getSwapInfo.h,89,7c7d2dfe680399e604f56aa22744fd09cfcb1af5812e7e6dffe7a939e9b2ca6b
workspace_mirror/work/local_llm_runtime/node_modules/node-llama-cpp/llama/addon/globals/getSystemMemoryInfo.cpp,15488,bd5fa773e30399ca77cf4409497ac3d24f9ccbbf6b903fde6f3b914f117fd1c1
workspace_mirror/work/local_llm_runtime/node_modules/node-llama-cpp/llama/addon/globals/getSystemMemoryInfo.h,98,08a7bb49c708e367f0cd7753350c83145c9a06907ac20894881de904a6e9e93f
workspace_mirror/work/local_llm_runtime/node_modules/node-llama-cpp/llama/binariesGithubRelease.json,28,79c9c214b8c74eb1fc842d2aa3136771c9929e7787239a18520a2a46ca5d96cb
workspace_mirror/work/local_llm_runtime/node_modules/node-llama-cpp/llama/cmake/addVariantSuffix.cmake,656,cb19d3b66db3d6d21d74accf8ca2befe62d92d2486efbc130669e19aa459a9f8
workspace_mirror/work/local_llm_runtime/node_modules/node-llama-cpp/llama/cmake/win32.ensureNinjaPath.cmake,3579,f8660d3eb8cf7478018c92e471bbeb8cc2c03c82604bb0c52ce19fe6b735abbb
workspace_mirror/work/local_llm_runtime/node_modules/node-llama-cpp/llama/cmake/win32.ensureNodeLib.cmake,1493,ab3708a5ed3f52888093dab710dcc25198142a2954e8a49328a92686fc605257
workspace_mirror/work/local_llm_runtime/node_modules/node-llama-cpp/llama/cmake/win32.llvmApplyGnuModeAdaptations.cmake,689,d641fab9455969e76fe53aca06f387674a94a4e7b917b32e73fd1393253d34e8
workspace_mirror/work/local_llm_runtime/node_modules/node-llama-cpp/llama/cmake/win32.llvmEnsureCmakeAr.cmake,1415,0ad727619bd3a2658565527b8311501c79dbe2a60fc7d5ff8d37e322119c463c
workspace_mirror/work/local_llm_runtime/node_modules/node-llama-cpp/llama/cmake/win32.llvmUseGnuModeCompilers.cmake,3915,c8fb093cbd5b51c706f601914b78eeb4a96d85b8c1a04df6ab232835926ffed4
workspace_mirror/work/local_llm_runtime/node_modules/node-llama-cpp/llama/cmake/win32.programFilesPaths.cmake,1290,9c14afe7e2aee413177643ca1c982dd21c00bb44d0dd55e9b026a218bf6e7916
workspace_mirror/work/local_llm_runtime/node_modules/node-llama-cpp/llama/gitRelease.bundle,34389375,3f0a7fa99e0d208154bd23b1a42fcea6a95e2ed40480a2d55854f3a7ba25612a
workspace_mirror/work/local_llm_runtime/node_modules/node-llama-cpp/llama/gpuInfo/vulkan-gpu-info.cpp,11252,45f98fd3a39a09e80195344314d863d18a956bec00f1bfb015c8d1527c15423a
workspace_mirror/work/local_llm_runtime/node_modules/node-llama-cpp/llama/gpuInfo/vulkan-gpu-info.h,367,3412bad391386ed5f29c8d1170ac8fd8a6af215e68e668e86d7d1c43a34c9f45
workspace_mirror/work/local_llm_runtime/node_modules/node-llama-cpp/llama/grammars/README.md,18275,c96b7df7ffc03181e91e88ed5a6fd095afc497c4dc9916e1896fc1d44c1af404
workspace_mirror/work/local_llm_runtime/node_modules/node-llama-cpp/llama/grammars/arithmetic.gbnf,177,dd91e1ef7bb0178e398036c6f5251c694b79c43cb2d223784f4dcf3020994776
workspace_mirror/work/local_llm_runtime/node_modules/node-llama-cpp/llama/grammars/c.gbnf,1382,556cdbde93b832c9283896d68837fd3025e772677b36dc18f066b194fb99698c
workspace_mirror/work/local_llm_runtime/node_modules/node-llama-cpp/llama/grammars/chess.gbnf,565,de1a656bb4cf0fda3991f0d3f1bcde338c0d82a60f7e0e8cabb2ba0c73002e5f
workspace_mirror/work/local_llm_runtime/node_modules/node-llama-cpp/llama/grammars/english.gbnf,242,96a248f563c5780af621b63d59c64e8d4823cb3b9b3e7f487eb8f8b3d11b0dcf
workspace_mirror/work/local_llm_runtime/node_modules/node-llama-cpp/llama/grammars/japanese.gbnf,249,69fc177180f2b15d085d811aa41e360bb85c962d424d7c17dc936c04ca668e00
workspace_mirror/work/local_llm_runtime/node_modules/node-llama-cpp/llama/grammars/json.gbnf,601,1a3e3469892957861029adcd24ad0c886b778a942dd4a18cc146238ad56474dd
workspace_mirror/work/local_llm_runtime/node_modules/node-llama-cpp/llama/grammars/json_arr.gbnf,796,f817496d5ee08aaa7dac4fdee59cbecfcf99367088b63e4b1c02d6f632c39206
workspace_mirror/work/local_llm_runtime/node_modules/node-llama-cpp/llama/grammars/list.gbnf,109,7e8b142784f991511650e5f0e82d18a123558f09e9d19a056d10718a6986a150
workspace_mirror/work/local_llm_runtime/node_modules/node-llama-cpp/llama/llama.cpp.info.json,72,52edc70ec1cf734ca5e8bd0c45c3d78437f5e031aaa4dd7b4d334914e7ecb71b
workspace_mirror/work/local_llm_runtime/node_modules/node-llama-cpp/llama/package.json,47,773980d51c7ad335b3191829c21ad841db672960d4ee2a9ce1532f797e4b9aa9
workspace_mirror/work/local_llm_runtime/node_modules/node-llama-cpp/llama/patches/PR-22566.diff,2316,2515e9d964fc9f601f49ee28c67771adebc84c26f63691c6733bd8a1a2403641
workspace_mirror/work/local_llm_runtime/node_modules/node-llama-cpp/llama/profiles/llvm.win32.host-arm64.target-arm64.cmake,524,d99691f81eba2e15e2a3adb6868470c15b69287ab119e771f76eb3fd3a9470b0
workspace_mirror/work/local_llm_runtime/node_modules/node-llama-cpp/llama/profiles/llvm.win32.host-x64.target-arm64.cmake,518,bdd38179319a33d3bd877d146417045a7102f902e625ae5390577af5703f7ca2
workspace_mirror/work/local_llm_runtime/node_modules/node-llama-cpp/llama/profiles/llvm.win32.host-x64.target-x64.cmake,516,5a8e3ad509f44230fa644da2a3845a4853b2c4f061ad4ace6c4eaa62ac361ce9
workspace_mirror/work/local_llm_runtime/node_modules/node-llama-cpp/llama/toolchains/darwin.host-x64.target-arm64.cmake,238,ebf24d747da8c6ba9ca2b3bcd4ac121881fe14e4ac4b6db52f579e67e1f16c01
workspace_mirror/work/local_llm_runtime/node_modules/node-llama-cpp/llama/toolchains/linux.host-arm64.target-arm7l.cmake,156,92d9551e7081e605bfbb03bab2896b8daf4bd7da7b05893a7743b18ae3058898
workspace_mirror/work/local_llm_runtime/node_modules/node-llama-cpp/llama/toolchains/linux.host-arm64.target-x64.cmake,153,c226a0f97e4e0b4bd7f5bcd5f5915428c4acf78a8e32dca1107e7723ff572778
workspace_mirror/work/local_llm_runtime/node_modules/node-llama-cpp/llama/toolchains/linux.host-x64.target-arm64.cmake,156,5735c783432a9c78f87956f4070ab8abeea38af818d689eab0b3d4cb1586f7c0
workspace_mirror/work/local_llm_runtime/node_modules/node-llama-cpp/llama/toolchains/linux.host-x64.target-arm7l.cmake,156,92d9551e7081e605bfbb03bab2896b8daf4bd7da7b05893a7743b18ae3058898
workspace_mirror/work/local_llm_runtime/node_modules/node-llama-cpp/llama/toolchains/llvm.win32.host-x64.target-x64.cmake,494,8c319ccaf6a99aa294f01059777baf1ce80714997fc69f5fbd1f16ad263c486a
workspace_mirror/work/local_llm_runtime/node_modules/node-llama-cpp/llama/toolchains/win32.host-arm64.target-arm64.cmake,816,f43c35362c47465c284cfbc3abbdf53f317e01fd84704fc1a96b35472a064a47
workspace_mirror/work/local_llm_runtime/node_modules/node-llama-cpp/llama/toolchains/win32.host-x64.target-arm64.cmake,812,c8d78848e4bf43334b8770420565df564d69cc4346fdf6c91503ba8a5dd7a418
workspace_mirror/work/local_llm_runtime/node_modules/node-llama-cpp/llama/xpack/package.json,179,78afbb6dc5d61e5c31532e24e6a643aa023477737ee994ef416fa87efd6ceb01
workspace_mirror/work/local_llm_runtime/node_modules/node-llama-cpp/package.json,7782,186d4f80f513b25af89fcc12accc51e38ccc8e30a176a11e0ed34810e124c8ed
workspace_mirror/work/local_llm_runtime/node_modules/node-llama-cpp/templates/README.md,279,297726aa13daf88bc3e95a4251ad4ea289da8208346640f97e86090eb54f4737
workspace_mirror/work/local_llm_runtime/node_modules/node-llama-cpp/templates/packed/electron-typescript-react.json,145362,882b8b54a9d825b31b35938e25b7e2501d3449ceedfc1557cc3e07acb9c535e6
workspace_mirror/work/local_llm_runtime/node_modules/node-llama-cpp/templates/packed/node-typescript.json,14491,adced43fd509a1ef8d7e8e952571bf1c1924038bc1d9ade0a3d19e8a1712ca4e
workspace_mirror/work/local_llm_runtime/node_modules/onetime/index.d.ts,1165,f47e5eef65711dc919e21d07c581822817ee74154fc6e2cb93ad9cfb154cbc66
workspace_mirror/work/local_llm_runtime/node_modules/onetime/index.js,1033,aae0337e99945048e82e1cd01a240a5f790c8660a0523d3aea43bc835b2ef29a
workspace_mirror/work/local_llm_runtime/node_modules/onetime/license,1117,5c932d88256b4ab958f64a856fa48e8bd1f55bc1d96b8149c65689e0c61789d3
workspace_mirror/work/local_llm_runtime/node_modules/onetime/package.json,836,3d35dab44fc94bfb6d7e85dfb65fc6c0c262dfd491dbb6c28527616c811cc4a7
workspace_mirror/work/local_llm_runtime/node_modules/onetime/readme.md,1296,672e94175fe37dbcb3753858055fe925f8c85ef4c7c00871c777c6da5263df6b
workspace_mirror/work/local_llm_runtime/node_modules/ora/index.d.ts,8869,211ee257bf1d3d742ffe8295dd04697d648fdd4d045236c0bc82d1608d2dc2f6
workspace_mirror/work/local_llm_runtime/node_modules/ora/index.js,17891,8ce1d2e2f12ab45970269ed8e0563494fdfebf502933963733d083c301908168
workspace_mirror/work/local_llm_runtime/node_modules/ora/license,1117,5c932d88256b4ab958f64a856fa48e8bd1f55bc1d96b8149c65689e0c61789d3
workspace_mirror/work/local_llm_runtime/node_modules/ora/node_modules/cli-spinners/index.d.ts,2099,6bbb2e249520ec6ddd60e970972603d415f0a0ef44c7329e4b8f56dc2442da09
workspace_mirror/work/local_llm_runtime/node_modules/ora/node_modules/cli-spinners/index.js,317,b4d9f3dfc213ac484b4c76ebbf2bae7b3a822a462913d4f5b2bd65c25dd9a279
workspace_mirror/work/local_llm_runtime/node_modules/ora/node_modules/cli-spinners/license,1117,5c932d88256b4ab958f64a856fa48e8bd1f55bc1d96b8149c65689e0c61789d3
workspace_mirror/work/local_llm_runtime/node_modules/ora/node_modules/cli-spinners/package.json,1100,3ce614f6488c9b8b1c2f8a3edf66a61f15cb69dcf6d2777dff094d02e64748ec
workspace_mirror/work/local_llm_runtime/node_modules/ora/node_modules/cli-spinners/readme.md,1757,c6acef69607594f7af5e27395bab5e6aee10ad4d27ec4f177fad0be2cf281ed5
workspace_mirror/work/local_llm_runtime/node_modules/ora/node_modules/cli-spinners/spinners.json,27524,91b0d44a709e836adc24de83f8b999dfd670a0e25037931d8c5186bb9e923a2b
workspace_mirror/work/local_llm_runtime/node_modules/ora/package.json,1153,5f47508dcf8f31ccb8b2c30ed42cde830ccbf1642bf1df1a9b9ad06c6fdf55da
workspace_mirror/work/local_llm_runtime/node_modules/ora/readme.md,11643,d85f97f0103806f6e72c1018cb309d7710c6fe5761a4132cad0536bc214c608e
workspace_mirror/work/local_llm_runtime/node_modules/parse-ms/index.d.ts,547,cb9a610a2d1ad99df936e52f2a1b722bdf577cc4304d2e06611f99b0db00eea5
workspace_mirror/work/local_llm_runtime/node_modules/parse-ms/index.js,1159,bb47749265d0e02834d4a0bfb1da8c1253782a947f96ba066428b3bf8a78314b
workspace_mirror/work/local_llm_runtime/node_modules/parse-ms/license,1117,5c932d88256b4ab958f64a856fa48e8bd1f55bc1d96b8149c65689e0c61789d3
workspace_mirror/work/local_llm_runtime/node_modules/parse-ms/package.json,817,fd1d6167b2fd11154c054ea57ae94304a941f383ddfcce1edbd6b56b02d98f87
workspace_mirror/work/local_llm_runtime/node_modules/parse-ms/readme.md,671,e46564eaaa539c7f468b47e9c0fd04bb10f3c3b5473dbe99f315fceb035b08a4
workspace_mirror/work/local_llm_runtime/node_modules/path-key/index.d.ts,1032,804fb0c13d2ebd79f57cddfdda769f13217b423b2a7151e0c456cdecf635ae80
workspace_mirror/work/local_llm_runtime/node_modules/path-key/index.js,415,fdbafdc163f668fe325333d62387365c9b074e01253e32824a4dbf5cc552705d
workspace_mirror/work/local_llm_runtime/node_modules/path-key/license,1109,48da2f39e100d4085767e94966b43f4fa95ff6a0698fba57ed460914e35f94a0
workspace_mirror/work/local_llm_runtime/node_modules/path-key/package.json,650,25594dab72681c910d9cc919263a4daf27d77a75e0d2c26a4d958d6d6b798f86
workspace_mirror/work/local_llm_runtime/node_modules/path-key/readme.md,1347,dcd0d891bc1a13eefa64655c4601387daecbf5c93f96d868f9c0eaf97c723c1a
workspace_mirror/work/local_llm_runtime/node_modules/pretty-bytes/index.d.ts,3243,28bcb45f7f58159e09a0546ee6eeec2f59095d12fd2c3fd74058b3bb7638bb35
workspace_mirror/work/local_llm_runtime/node_modules/pretty-bytes/index.js,2539,880347d566b770a5038a8b4690eba3ba6c751b19153aebc06568c1427e9467b0
workspace_mirror/work/local_llm_runtime/node_modules/pretty-bytes/license,1117,5c932d88256b4ab958f64a856fa48e8bd1f55bc1d96b8149c65689e0c61789d3
workspace_mirror/work/local_llm_runtime/node_modules/pretty-bytes/package.json,848,cf375727ce8d1583e7de926920b48f0297e920353d4e6acd4dbe6a1b42942094
workspace_mirror/work/local_llm_runtime/node_modules/pretty-bytes/readme.md,3529,ef7d913b4f40cac619ec375c040b2ae718b2fb2b3af463afd9f8b1876d5cb9f9
workspace_mirror/work/local_llm_runtime/node_modules/pretty-ms/index.d.ts,3617,bcfef8f9730bcbe13a4fa86313aaacb0f2f5adda5a9202efa7b996e8fa4b96e6
workspace_mirror/work/local_llm_runtime/node_modules/pretty-ms/index.js,4471,2071e1500dda43922434b3826884fc53a6f826f82ad376738395b85ee156c343
workspace_mirror/work/local_llm_runtime/node_modules/pretty-ms/license,1117,5c932d88256b4ab958f64a856fa48e8bd1f55bc1d96b8149c65689e0c61789d3
workspace_mirror/work/local_llm_runtime/node_modules/pretty-ms/package.json,968,f31f46c44617f02ce9c5535c18646dc61e50cc668060420f0d654edfa1e4c871
workspace_mirror/work/local_llm_runtime/node_modules/pretty-ms/readme.md,4040,77904cd5b5d4378ef7161877677fbd0a7d6e10d5270c936f923e8aae8282ef02
workspace_mirror/work/local_llm_runtime/node_modules/proper-lockfile/CHANGELOG.md,4073,37051b812af873c8bbac52b2843ca46bc8d9383e5996c802ee0a8b4f85d3591f
workspace_mirror/work/local_llm_runtime/node_modules/proper-lockfile/LICENSE,1105,aaa78451b6fecd1b9c4594c796c133c0e90cad100372ff8bc6de615e9ef9adf1
workspace_mirror/work/local_llm_runtime/node_modules/proper-lockfile/README.md,7856,756c5b948b90a3bb26fe62b6001a6a1903ea9605cfbcac9f4cc9c9d9ef878eda
workspace_mirror/work/local_llm_runtime/node_modules/proper-lockfile/index.js,1025,c11869aa340b61757c2e7a6739a1d423495fe627ac0a54cb44f8c47c393e2fdd
workspace_mirror/work/local_llm_runtime/node_modules/proper-lockfile/lib/adapter.js,1898,c95e2408b91b70e02c625a9b1a42e0c793140dbe6c1bff8cc183bb88bc267c6c
workspace_mirror/work/local_llm_runtime/node_modules/proper-lockfile/lib/lockfile.js,10845,c517a976f7a31c8b1768cb8e7ac9936aee70299ae762548495016a79d64a6434
workspace_mirror/work/local_llm_runtime/node_modules/proper-lockfile/lib/mtime-precision.js,1366,eb5adf91a21715b50f39438cdcda52043d551ccb5fe530681364c474c7206218
workspace_mirror/work/local_llm_runtime/node_modules/proper-lockfile/node_modules/retry/.npmignore,39,c78685538298801f126456b97d27a6331eabb4045b50b154abc5aff275780b94
workspace_mirror/work/local_llm_runtime/node_modules/proper-lockfile/node_modules/retry/.travis.yml,334,ed9b99c44bd141e35532a275c55bd59990a16da4e67ceaa93b1021e524fc7e69
workspace_mirror/work/local_llm_runtime/node_modules/proper-lockfile/node_modules/retry/License,1139,01ad164273e8e095abc9dbd1c21e194594a671af7d528cb43ee7b4c903ba7da3
workspace_mirror/work/local_llm_runtime/node_modules/proper-lockfile/node_modules/retry/Makefile,312,7ca871146d4f446b640251fdee4e8b7e002c5cf502c924343764d076c5e2622e
workspace_mirror/work/local_llm_runtime/node_modules/proper-lockfile/node_modules/retry/README.md,8967,7f39755e8946f5cac7dea12c7a39717b966b319201562e09cf937fdcaa6cfb1f
workspace_mirror/work/local_llm_runtime/node_modules/proper-lockfile/node_modules/retry/equation.gif,1209,ea0b38ba378f11e2adb20e868061ded1bf0b4973c92aa3317bf2710724343c38
workspace_mirror/work/local_llm_runtime/node_modules/proper-lockfile/node_modules/retry/example/dns.js,687,1ed998627ee1df8b49c48d158a0bda6c582c2f11b364c64b949cc3486a563e62
workspace_mirror/work/local_llm_runtime/node_modules/proper-lockfile/node_modules/retry/example/stop.js,888,32b9c02ccb7d4fa1beaa7411b4804204d0927cd91a36a28f052bdd9a61233ad2
workspace_mirror/work/local_llm_runtime/node_modules/proper-lockfile/node_modules/retry/index.js,40,003f04e5fb5913675c886ac938e9b7bbd33754eb17ee8f00e074e1bf888bec1e
workspace_mirror/work/local_llm_runtime/node_modules/proper-lockfile/node_modules/retry/lib/retry.js,2298,4388d78729faa0dea430e2a7fa572aee6a15a407da05097b41ee44106d336616
workspace_mirror/work/local_llm_runtime/node_modules/proper-lockfile/node_modules/retry/lib/retry_operation.js,3657,eaca13037da35523326c8870e39c4fd236c4f38b5822a2af0f33d0f4e0b21d02
workspace_mirror/work/local_llm_runtime/node_modules/proper-lockfile/node_modules/retry/package.json,1022,c0733eb226e2a6572c7c9c2bc8b4a0efabe233971b0dee1e6d62c6898257e1da
workspace_mirror/work/local_llm_runtime/node_modules/proper-lockfile/node_modules/retry/test/common.js,208,009708c033e269c1d8537cc3289b033ae5008f6c34ae55b944d7c906de89c0da
workspace_mirror/work/local_llm_runtime/node_modules/proper-lockfile/node_modules/retry/test/integration/test-forever.js,515,6f1a7d7f2a6ddad485f3bd868b18cfbc3f0244094a0b8e37db4ac5d73fdbfce8
workspace_mirror/work/local_llm_runtime/node_modules/proper-lockfile/node_modules/retry/test/integration/test-retry-operation.js,6434,86c1befd397771ac1d8f588d330429efe34f5161c88420667f0ae7e2de038a7f
workspace_mirror/work/local_llm_runtime/node_modules/proper-lockfile/node_modules/retry/test/integration/test-retry-wrap.js,2682,1983c1e30c0c1df29e306a44a856f6471a50f167862acaa402ef29d5b961066b
workspace_mirror/work/local_llm_runtime/node_modules/proper-lockfile/node_modules/retry/test/integration/test-timeouts.js,1779,48c08ff322d155dc9e2b33344429996d73da9335e6ca6056d778cc02e0fb71c6
workspace_mirror/work/local_llm_runtime/node_modules/proper-lockfile/package.json,1707,23888ecc7abd83a8e98e132da556eda2172792cc04c4e6d157b590667802bd2a
workspace_mirror/work/local_llm_runtime/node_modules/rc/LICENSE.APACHE2,586,e8734448285a2dd773d40136ed5d5e8163a70701dd540cdc796cfca232f67d55
workspace_mirror/work/local_llm_runtime/node_modules/rc/LICENSE.BSD,1516,65e7e4d223688c601f42959defde380f8c4aa677fa4706da3b4a53f129bd78a3
workspace_mirror/work/local_llm_runtime/node_modules/rc/LICENSE.MIT,1088,d72dea1a8cdf3f4dfa2f594253d0c5b37baefc76e806f5ecb0e426393edcd505
workspace_mirror/work/local_llm_runtime/node_modules/rc/README.md,5982,3088babbed9971cd5ac60321b0818863c49ea773be0b14389494b4e7e4248d8d
workspace_mirror/work/local_llm_runtime/node_modules/rc/browser.js,137,6c04801604d01bcc3c9b6db980749bdbd543205af5fef979e6adfc4a835b66c5
workspace_mirror/work/local_llm_runtime/node_modules/rc/cli.js,109,82383f5748af5f9380dbcde8f0166088614bf024e25bdbe073bb87cd385336ba
workspace_mirror/work/local_llm_runtime/node_modules/rc/index.js,1503,7a4c19d1025d2669723dd2a939ced7d556d815eedfff62bf288970365b8b26dc
workspace_mirror/work/local_llm_runtime/node_modules/rc/lib/utils.js,2759,3eba35eafd078a2c4843a11000c06443b5d8b2fea3b682aae20daeea5be66cd2
workspace_mirror/work/local_llm_runtime/node_modules/rc/package.json,695,96f035349a8e6034d380348ec3d454ed8ea3a602c7a5700eb36ff48310bdbe9f
workspace_mirror/work/local_llm_runtime/node_modules/rc/test/ini.js,312,de40b4f5d4f8d7dfeeaae96d767c512e3cc3a4bfeee8780e608306ac36284a6d
workspace_mirror/work/local_llm_runtime/node_modules/rc/test/nested-env-vars.js,1392,5b00a5b450b52b4c5d4432093665c20e62ad39126aed8da24cddc3e6c7871919
workspace_mirror/work/local_llm_runtime/node_modules/rc/test/test.js,1176,1e277a1cdda596747a7d3d7d7995b43eb104901ce9f0ecf234dc6e625e2ebe6b
workspace_mirror/work/local_llm_runtime/node_modules/require-directory/.jshintrc,1853,2338f248b4ae48525907b524f49de077bc53f6f387d912150f15ca849413689d
workspace_mirror/work/local_llm_runtime/node_modules/require-directory/.npmignore,8,17d3035a74abeaaf2ac3156d1388eaa1efad46a68717edf4fa3bcb4d0c5554b7
workspace_mirror/work/local_llm_runtime/node_modules/require-directory/.travis.yml,36,5e5329df283badd5487a0556f7cfcedd1f80361915cf246795a475074f64cf81
workspace_mirror/work/local_llm_runtime/node_modules/require-directory/LICENSE,1099,a92e52eb1fa7cd746e3827bf01d3a3589bbc8e1e51348b1da042aad165525ad1
workspace_mirror/work/local_llm_runtime/node_modules/require-directory/README.markdown,5175,958e646593907b1757b5a359844bdf69374392f6089eb009a6e0d6591d866497
workspace_mirror/work/local_llm_runtime/node_modules/require-directory/index.js,2867,65eaf8b7b519d6ae7be7ea20382d91a117d9c689897897ce4c2ee798e128a2d3
workspace_mirror/work/local_llm_runtime/node_modules/require-directory/package.json,1033,5690bdddd6eb4abd795fa5319df7552279508df9d562d571e3132ddff3045a71
workspace_mirror/work/local_llm_runtime/node_modules/restore-cursor/index.d.ts,319,5a12bc3c31251515e02b5a7847019b20f89cb99b475d46e7f53a8103e42265e0
workspace_mirror/work/local_llm_runtime/node_modules/restore-cursor/index.js,386,cceefe6cfcd233a212713accb9d8548ddd4c1c61495dee56d75e56fbdd66b0b8
workspace_mirror/work/local_llm_runtime/node_modules/restore-cursor/license,1117,5c932d88256b4ab958f64a856fa48e8bd1f55bc1d96b8149c65689e0c61789d3
workspace_mirror/work/local_llm_runtime/node_modules/restore-cursor/node_modules/signal-exit/LICENSE.txt,790,b173e19b9a78df305577ace0e52ef45a4bcc915ea28b47b256dc3b68dcb1f7e7
workspace_mirror/work/local_llm_runtime/node_modules/restore-cursor/node_modules/signal-exit/README.md,2426,253e9122e9e5eaf8dc9b0fccb36d2011fc8e844d11c7249991edfec2be7fde71
workspace_mirror/work/local_llm_runtime/node_modules/restore-cursor/node_modules/signal-exit/dist/cjs/browser.d.ts,393,7b023021bc8e493240cc8117d490d55b4f6b62e08854ddbe1f53a35dfd40e355
workspace_mirror/work/local_llm_runtime/node_modules/restore-cursor/node_modules/signal-exit/dist/cjs/browser.d.ts.map,349,f46fc1cf3cae357be4e69317ae3c132f2597dc8ed31d208701053782fa03a09d
workspace_mirror/work/local_llm_runtime/node_modules/restore-cursor/node_modules/signal-exit/dist/cjs/browser.js,322,aa5f9f7f969e92b30d2d3288e8927b47faf38663f626c8e9afc7f5a3b901c816
workspace_mirror/work/local_llm_runtime/node_modules/restore-cursor/node_modules/signal-exit/dist/cjs/browser.js.map,703,cc48aa8c7132663b411f2bb14199e3e5ca7270399917f2640e1983614919d0ab
workspace_mirror/work/local_llm_runtime/node_modules/restore-cursor/node_modules/signal-exit/dist/cjs/index.d.ts,1744,1d63579e68cf6fc4b8a5ae13748efe38584f8eea7dddc320c276b30b1856d0b0
workspace_mirror/work/local_llm_runtime/node_modules/restore-cursor/node_modules/signal-exit/dist/cjs/index.d.ts.map,460,1dde4dce41849712db4203f346ca85435af909777b0653baf3339440bb487e42
workspace_mirror/work/local_llm_runtime/node_modules/restore-cursor/node_modules/signal-exit/dist/cjs/index.js,9435,7dba9354040ed0ddea0e3029e6f4690b1ea5b0275491a217d9704737a9cebe35
workspace_mirror/work/local_llm_runtime/node_modules/restore-cursor/node_modules/signal-exit/dist/cjs/index.js.map,17544,5d1a773080f60ad15c0f442fa5d59070910e87c109f7939800b2a4fe6b866f77
workspace_mirror/work/local_llm_runtime/node_modules/restore-cursor/node_modules/signal-exit/dist/cjs/package.json,25,8005a3491db7d92f36ac66369861589f9c47123d3a7c71e643fc2c06168cd45a
workspace_mirror/work/local_llm_runtime/node_modules/restore-cursor/node_modules/signal-exit/dist/cjs/signals.d.ts,1083,ed5b63eecb5ba65247f8c0a85602540a96fad19719005d59610c190c0ad59a9c
workspace_mirror/work/local_llm_runtime/node_modules/restore-cursor/node_modules/signal-exit/dist/cjs/signals.d.ts.map,196,ac18b4636c5aa4f7bb383d3ca971cce3c659d68198a7c477411a8ee23a0944d8
workspace_mirror/work/local_llm_runtime/node_modules/restore-cursor/node_modules/signal-exit/dist/cjs/signals.js,1560,84f6f2218e3a5dd61e38c9498bcb5465fb90f3900afde73956b1855b1e46af09
workspace_mirror/work/local_llm_runtime/node_modules/restore-cursor/node_modules/signal-exit/dist/cjs/signals.js.map,2091,f4b1aad11f5b1da3469353c19ce29c9f159efc878cc2b885aa4977dd8b7e31bb
workspace_mirror/work/local_llm_runtime/node_modules/restore-cursor/node_modules/signal-exit/dist/mjs/browser.d.ts,393,7b023021bc8e493240cc8117d490d55b4f6b62e08854ddbe1f53a35dfd40e355
workspace_mirror/work/local_llm_runtime/node_modules/restore-cursor/node_modules/signal-exit/dist/mjs/browser.d.ts.map,349,f46fc1cf3cae357be4e69317ae3c132f2597dc8ed31d208701053782fa03a09d
workspace_mirror/work/local_llm_runtime/node_modules/restore-cursor/node_modules/signal-exit/dist/mjs/browser.js,138,57498e3448998c32a94f884f500ac7a2c8b54872f648bebf1be1704303a5522c
workspace_mirror/work/local_llm_runtime/node_modules/restore-cursor/node_modules/signal-exit/dist/mjs/browser.js.map,668,24ff3c6a566cf59691d542f15d7aa3ba4511909acd307db7e8a09a768b83e2b5
workspace_mirror/work/local_llm_runtime/node_modules/restore-cursor/node_modules/signal-exit/dist/mjs/index.d.ts,1744,1d63579e68cf6fc4b8a5ae13748efe38584f8eea7dddc320c276b30b1856d0b0
workspace_mirror/work/local_llm_runtime/node_modules/restore-cursor/node_modules/signal-exit/dist/mjs/index.d.ts.map,460,1dde4dce41849712db4203f346ca85435af909777b0653baf3339440bb487e42
workspace_mirror/work/local_llm_runtime/node_modules/restore-cursor/node_modules/signal-exit/dist/mjs/index.js,9090,a2f8e19d69ab443b496c203c46c47853f885f3e852aca6daa248191bf3f1ccbb
workspace_mirror/work/local_llm_runtime/node_modules/restore-cursor/node_modules/signal-exit/dist/mjs/index.js.map,17592,fbaadc2cb63860ea1aa06746caa01490e4fa2d0458a94416503e77001c5f164b
workspace_mirror/work/local_llm_runtime/node_modules/restore-cursor/node_modules/signal-exit/dist/mjs/package.json,23,3ca9d4afd21425087cf31893b8f9f63c81b0b8408db5e343ca76e5f8aa26ab9a
workspace_mirror/work/local_llm_runtime/node_modules/restore-cursor/node_modules/signal-exit/dist/mjs/signals.d.ts,1083,ed5b63eecb5ba65247f8c0a85602540a96fad19719005d59610c190c0ad59a9c
workspace_mirror/work/local_llm_runtime/node_modules/restore-cursor/node_modules/signal-exit/dist/mjs/signals.d.ts.map,196,ac18b4636c5aa4f7bb383d3ca971cce3c659d68198a7c477411a8ee23a0944d8
workspace_mirror/work/local_llm_runtime/node_modules/restore-cursor/node_modules/signal-exit/dist/mjs/signals.js,1438,12044052d2037fbb19637c6fb216b1c80c28664134453b9a0fc32fa2fe352c27
workspace_mirror/work/local_llm_runtime/node_modules/restore-cursor/node_modules/signal-exit/dist/mjs/signals.js.map,2098,9ac7cde2118302bfce1fb14e0f0c04112a7f0ad6fa8a18d5d950ec530aa2654f
workspace_mirror/work/local_llm_runtime/node_modules/restore-cursor/node_modules/signal-exit/package.json,2573,cd1c6cfa95782e432dd2affaa88c3a6dda7f46c8088d91f3acc0fba79dce5075
workspace_mirror/work/local_llm_runtime/node_modules/restore-cursor/package.json,970,ae7d335125f4bde47a744cfaa61a9a9416bdb543636aa80cf2f523aa139f0108
workspace_mirror/work/local_llm_runtime/node_modules/restore-cursor/readme.md,337,18d977af836b648baa86fc3dac932edc8374ce5faa20779238477cc4100e8f0a
workspace_mirror/work/local_llm_runtime/node_modules/retry/License,1139,01ad164273e8e095abc9dbd1c21e194594a671af7d528cb43ee7b4c903ba7da3
workspace_mirror/work/local_llm_runtime/node_modules/retry/README.md,8969,1bfb4603544539028a7d5a462575bb82e640d168fa8f16a0fbefca95c5e973c1
workspace_mirror/work/local_llm_runtime/node_modules/retry/example/dns.js,687,1ed998627ee1df8b49c48d158a0bda6c582c2f11b364c64b949cc3486a563e62
workspace_mirror/work/local_llm_runtime/node_modules/retry/example/stop.js,888,32b9c02ccb7d4fa1beaa7411b4804204d0927cd91a36a28f052bdd9a61233ad2
workspace_mirror/work/local_llm_runtime/node_modules/retry/index.js,40,003f04e5fb5913675c886ac938e9b7bbd33754eb17ee8f00e074e1bf888bec1e
workspace_mirror/work/local_llm_runtime/node_modules/retry/lib/retry.js,2345,3142d1f03e5f1e78a0c0b00a25b4626c94a3de8389898c96bb26e96616277bcb
workspace_mirror/work/local_llm_runtime/node_modules/retry/lib/retry_operation.js,3716,3cae72ed382f42ba21b75f2f8096803beef7fe208f9885794fb86cf4be5c93d4
workspace_mirror/work/local_llm_runtime/node_modules/retry/package.json,1068,7ae366b6b8133485abf27abe657c0ffa2d32600611ecf2c4fe5246165bed73d5
workspace_mirror/work/local_llm_runtime/node_modules/semver/LICENSE,765,4ec3d4c66cd87f5c8d8ad911b10f99bf27cb00cdfcff82621956e379186b016b
workspace_mirror/work/local_llm_runtime/node_modules/semver/README.md,25669,f1a789dcec285150be24db2ea04dd3175031554fa9834ec92fab83fb5e025a57
workspace_mirror/work/local_llm_runtime/node_modules/semver/bin/semver.js,4957,bd6c871026985937dc945011fc54b74b47f5998154216d7b8d40d5ed782e4402
workspace_mirror/work/local_llm_runtime/node_modules/semver/classes/comparator.js,3631,054202956430d63d5ff4599fae09760ce465b489e4f0b5ef5ce7cc7ac21157ac
workspace_mirror/work/local_llm_runtime/node_modules/semver/classes/index.js,143,3bb69280c2a788d0eb16f915bb9df4dbe812075182024c753dca2283bcea1b17
workspace_mirror/work/local_llm_runtime/node_modules/semver/classes/range.js,15647,a6544485aa8575aa9854c67e2caa67726815de18a482d0ceb8a1003244de3bc1
workspace_mirror/work/local_llm_runtime/node_modules/semver/classes/semver.js,9891,813b2c185512d30c9b931c2fed8140889d9d7490ceeeedc370da30337dc8ca57
workspace_mirror/work/local_llm_runtime/node_modules/semver/functions/clean.js,205,4eadb0892844cf3ae295121a86163a66c73f89acd1b7f0b114ec115b4539512f
workspace_mirror/work/local_llm_runtime/node_modules/semver/functions/cmp.js,961,a63d74e87b73788e78e9ce0a4892b5333d6b809c0de88b31e4ed76cbf17f94b3
workspace_mirror/work/local_llm_runtime/node_modules/semver/functions/coerce.js,2004,28a251c5ab210ddf9e97551b9f37a53329fcce91f0c3943dcbc02de1a1de915a
workspace_mirror/work/local_llm_runtime/node_modules/semver/functions/compare-build.js,281,5ab651d5b40af289bd85c645a92b6d8cfe1a986dc413c797cfcc8d623d7c844c
workspace_mirror/work/local_llm_runtime/node_modules/semver/functions/compare-loose.js,132,07b6a3a1db0a5210ceb784c1708bd4679f3a94fc73a9c9eb349349e7070a6f78
workspace_mirror/work/local_llm_runtime/node_modules/semver/functions/compare.js,170,d404b5aa48aaddc8a654c5da8fb7d4443404b7948589b21ac4b045d1cee4e34c
workspace_mirror/work/local_llm_runtime/node_modules/semver/functions/diff.js,1423,7a11fd39b987cdf06c65e928cb1aca49bec583feb86fb5c8fe47a6fd61d7de31
workspace_mirror/work/local_llm_runtime/node_modules/semver/functions/eq.js,126,b6e30a7168e52723216fc163d300e2bbabf92ec0251f9ac5438bb6ccf57c8936
workspace_mirror/work/local_llm_runtime/node_modules/semver/functions/gt.js,124,135523704aa48cd98834dd170ee9f74f0e68043b379f32d021db11e6304c5c93
workspace_mirror/work/local_llm_runtime/node_modules/semver/functions/gte.js,127,991c5bbe48ecb210a562646872f05862ad9fc0d42186d85aa60bdc6fa323eb9d
workspace_mirror/work/local_llm_runtime/node_modules/semver/functions/inc.js,478,952069fc8690b7d3af0fe9d55f7c54fe2ac067b48c5e74f6a54f9ce19a334493
workspace_mirror/work/local_llm_runtime/node_modules/semver/functions/lt.js,124,1c897a9bc849320e2e9dc0f6c09555c01ee3ddf30734515d717b88ad7740ea25
workspace_mirror/work/local_llm_runtime/node_modules/semver/functions/lte.js,127,3a8d0b1d00423f60cc7cb810b36ab77b61330831ad237dbe73eb5cecfa412800
workspace_mirror/work/local_llm_runtime/node_modules/semver/functions/major.js,136,5c678480d882f511200fed2c16ec3847dfedb08a1d70328dc2f031d35d825276
workspace_mirror/work/local_llm_runtime/node_modules/semver/functions/minor.js,136,1b051794f1713adec2a236517196691687c35f82e0b596ff3316a78b3cc10ae6
workspace_mirror/work/local_llm_runtime/node_modules/semver/functions/neq.js,128,a662883751918822c162183b46b9e20d09489132f82686c92ab78bee67f3a127
workspace_mirror/work/local_llm_runtime/node_modules/semver/functions/parse.js,331,29a69e15b6d02fe381d573f861881a89590e9d0f0f0ca740c5f85eaf0234c4ad
workspace_mirror/work/local_llm_runtime/node_modules/semver/functions/patch.js,136,f02d3c1b059fe3d96ce124886f7eef321d381a95638fd3c4a8d5ccd8e76ffadd
workspace_mirror/work/local_llm_runtime/node_modules/semver/functions/prerelease.js,234,baedbf503d5610ad041bfb56071efa48feb331ca278295c399537d35d3ffb593
workspace_mirror/work/local_llm_runtime/node_modules/semver/functions/rcompare.js,132,84fa5e88adf08d15c993cac8cdec6d1a65045b7e95a9c55184230a7f807f4dc0
workspace_mirror/work/local_llm_runtime/node_modules/semver/functions/rsort.js,163,6ec659ce3b6c2b173c719286caab04409adba046c0917874ec3b5e36ddfbc7e3
workspace_mirror/work/local_llm_runtime/node_modules/semver/functions/satisfies.js,247,8cf5e122b757251671ed6c9d9680904b71cd375845853f05312e608cf2cc2946
workspace_mirror/work/local_llm_runtime/node_modules/semver/functions/sort.js,161,c2fe2d3ed0be8a4e9de8f02abdfd5d9c0d3bcc510d88e87af84185592882c4b8
workspace_mirror/work/local_llm_runtime/node_modules/semver/functions/truncate.js,1021,e145833a250311927c92f424f56498c52f1b7bb1271ce6afbf006db87773ff43
workspace_mirror/work/local_llm_runtime/node_modules/semver/functions/valid.js,176,0de7ea736cb7807179d46dfac09c830a9338e02b6a07db12d7040cde2def6025
workspace_mirror/work/local_llm_runtime/node_modules/semver/index.js,2691,4b3e57d3d40e29e0706002eba113d09f35aea593578376bbeec83b777b9912ab
workspace_mirror/work/local_llm_runtime/node_modules/semver/internal/constants.js,873,38a112baf27ceca0260082ff26ac2fd7a9861cab1af12dd65e720277f68e6ce9
workspace_mirror/work/local_llm_runtime/node_modules/semver/internal/debug.js,240,8a9f420572260f3cf944463b5090d62a60f0730589dc23a7ec4ca25e2ee41bb3
workspace_mirror/work/local_llm_runtime/node_modules/semver/internal/identifiers.js,525,b4916b09dc7869ae0eb05e71c855c942a3a7365f7e6e89185d59a9e45a2451d7
workspace_mirror/work/local_llm_runtime/node_modules/semver/internal/lrucache.js,802,14d087c87da87b6f5c36fc4cdd7d2d14077874b14a68e20fce5b6138fa2ca34f
workspace_mirror/work/local_llm_runtime/node_modules/semver/internal/parse-options.js,338,fdf51d0de8d5442c35a997ef58cd530d239ce206f961d14c5121354451b01d01
workspace_mirror/work/local_llm_runtime/node_modules/semver/internal/re.js,8139,5833262888e2b5d843a69193f83c05e374818dbe55379b497819b5bf58e48cd8
workspace_mirror/work/local_llm_runtime/node_modules/semver/package.json,1661,7c94cb7f2a53c27b20d76386ec144c062894dbcc909cfabd0f728c37874b1776
workspace_mirror/work/local_llm_runtime/node_modules/semver/preload.js,83,edb6808911bebcb324b2df57e5c9935149e56984ff083b74c6cfe215f5b710ba
workspace_mirror/work/local_llm_runtime/node_modules/semver/range.bnf,702,15d0baf9b7b98e6d862c0cb9e822d2533d2bc23e136bb75314d802ca1fcb0392
workspace_mirror/work/local_llm_runtime/node_modules/semver/ranges/gtr.js,231,8fadad28e36d28e93d498ac7ac20badba2a407312845eabc18e82e90a0732b19
workspace_mirror/work/local_llm_runtime/node_modules/semver/ranges/intersects.js,224,fe87ac5d3020010ad3ec00636dadbf0c669ff07d0f57e0a8165a8264f79a676f
workspace_mirror/work/local_llm_runtime/node_modules/semver/ranges/ltr.js,227,e5186fcc03018acf9be6d968755d4c49727aeb0d981d179eb568ae5fbe983038
workspace_mirror/work/local_llm_runtime/node_modules/semver/ranges/max-satisfying.js,593,e1a2c0d6144cc772cd20bbc8ecb9e8a3a4074e9172a3d8e794838b591cdeb416
workspace_mirror/work/local_llm_runtime/node_modules/semver/ranges/min-satisfying.js,591,2681abf54098aa670f12826b76a6ec77a2441186ae4243afde3be8ae4908f7ca
workspace_mirror/work/local_llm_runtime/node_modules/semver/ranges/min-version.js,1514,fefba0a88c2bf74d5cede504b5ae50a8dc3edfd69cf0174a491e2cf3e442614b
workspace_mirror/work/local_llm_runtime/node_modules/semver/ranges/outside.js,2204,3a2b0b23593d2f49419c06af2af75450cab103b0c25d665d48fe5bca495a21ca
workspace_mirror/work/local_llm_runtime/node_modules/semver/ranges/simplify.js,1355,7b78581c13322bc68ece2088685386b2a9b51c15b94d0a2063bdf2546bd41934
workspace_mirror/work/local_llm_runtime/node_modules/semver/ranges/subset.js,7478,ceb9eb6ed5bfc6c7ac7af7f47e5c3535444a4e66a0e2b58cdad4bd02a35d454d
workspace_mirror/work/local_llm_runtime/node_modules/semver/ranges/to-comparators.js,282,6c5e966210cff270fa2850668aaf8460fac7759f8d99f282521ef7a78f4564e9
workspace_mirror/work/local_llm_runtime/node_modules/semver/ranges/valid.js,326,5ef6f995af801868925940cf8df5735d565ebabb090b068695cae65218bcd3ac
workspace_mirror/work/local_llm_runtime/node_modules/shebang-command/index.js,387,d98c3aa373c72016e990a723e919af495423bc4ac1daa0736c5f45fac0418d7f
workspace_mirror/work/local_llm_runtime/node_modules/shebang-command/license,1116,69dee148a2cc470554dfa7142e830662062394d0fe67cddd379aba90dc60d6b3
workspace_mirror/work/local_llm_runtime/node_modules/shebang-command/package.json,558,44de390ae5ed6c5f9758b8b9c90b93fa53977d5361731600429f1de08f4b3f30
workspace_mirror/work/local_llm_runtime/node_modules/shebang-command/readme.md,495,7918385f0c22cac3aeae9bcebdc589649f3cd4b62ce087afd60ee35ce6f5b6f8
workspace_mirror/work/local_llm_runtime/node_modules/shebang-regex/index.d.ts,446,74ea646f59f36406d55ea5f8438878d3cd6ee96d2b19c239ff0301e8d1ab80ab
workspace_mirror/work/local_llm_runtime/node_modules/shebang-regex/index.js,42,e91e547bad596a389841fd7938bfcbd22af82f44a01f794e86878e4ff0274250
workspace_mirror/work/local_llm_runtime/node_modules/shebang-regex/license,1109,48da2f39e100d4085767e94966b43f4fa95ff6a0698fba57ed460914e35f94a0
workspace_mirror/work/local_llm_runtime/node_modules/shebang-regex/package.json,582,b8018c6b8cc9900dfd1ac18a54956ba34c453fdc2da5e5fe555ee8f04133a1c5
workspace_mirror/work/local_llm_runtime/node_modules/shebang-regex/readme.md,649,e2a766922c93592759da2f6982d4eac586c2578e1dba11e120b244bb2764a848
workspace_mirror/work/local_llm_runtime/node_modules/signal-exit/LICENSE.txt,748,e05b1eaf5b5f99b7ad75cd1f38858ff9a311780b97715ead67936d60bf96aa7e
workspace_mirror/work/local_llm_runtime/node_modules/signal-exit/README.md,1343,8db9ead38fd25b61abbe81cae8934eeaeb303ab52266305e09b617a352cc9e98
workspace_mirror/work/local_llm_runtime/node_modules/signal-exit/index.js,5708,7cc6f6a1e14dec79dc23f6afd7caca1319189747144e1a33af77616c21d9e9de
workspace_mirror/work/local_llm_runtime/node_modules/signal-exit/package.json,864,cec1bba4c97e0cf653c13c8c79f745aac2232131ee718c93c4236c1b9577a201
workspace_mirror/work/local_llm_runtime/node_modules/signal-exit/signals.js,1295,ae538fdae683d6fa2e14579da06df10fb7a66378cfa50971956fb68c2c86c727
workspace_mirror/work/local_llm_runtime/node_modules/simple-git/dist/cjs/index.js,143624,51d3dbe284057c00120e8a15abb24b6e34c44d15fe73e60bf2104387a43caa11
workspace_mirror/work/local_llm_runtime/node_modules/simple-git/dist/cjs/index.js.map,262584,99218e46a22c1edbc3b32f829b3b2664c6416cc9a1398795fa315d640db0fef8
workspace_mirror/work/local_llm_runtime/node_modules/simple-git/dist/esm/index.js,137544,78b575c50b447ff66f29819463c9f870594f7fa460f13f0c215d2d8c578f1def
workspace_mirror/work/local_llm_runtime/node_modules/simple-git/dist/esm/index.js.map,259098,7f862c1d1f666794c11932bedf1f62686ecf0cd9629487e4d552ebcdad2a4f2a
workspace_mirror/work/local_llm_runtime/node_modules/simple-git/dist/esm/package.json,22,d2aaf324399446516b42d82624be18adcd6465fddf100b7ba79f57323f63da52
workspace_mirror/work/local_llm_runtime/node_modules/simple-git/dist/src/lib/api.d.ts,873,d371b6a87f92b1cbf574714703be7520ae13dca4a798c7ac716342bf68e43816
workspace_mirror/work/local_llm_runtime/node_modules/simple-git/dist/src/lib/args/log-format.d.ts,317,d358a34aa3b9270202acc3f85097cf945df97bfb118078d1878e112956edbd81
workspace_mirror/work/local_llm_runtime/node_modules/simple-git/dist/src/lib/errors/git-construct-error.d.ts,649,af504042a6db047c40cc0aeb14550bbc954f194f2b8c5ad8944f2da502f45bf5
workspace_mirror/work/local_llm_runtime/node_modules/simple-git/dist/src/lib/errors/git-error.d.ts,1167,6256cf36c8ae7e82bff606595af8fe08a06f8478140fcf304ee2f10c7716ddc8
workspace_mirror/work/local_llm_runtime/node_modules/simple-git/dist/src/lib/errors/git-plugin-error.d.ts,377,5b25b6ab5ad6c17f90b592162b2e9978ad8d81edf24cd3957306eb6e5edb89a9
workspace_mirror/work/local_llm_runtime/node_modules/simple-git/dist/src/lib/errors/git-response-error.d.ts,1050,24693bd77ac3be0b16e564d0ab498a397feb758ce7f4ed9f13478d566e3aafde
workspace_mirror/work/local_llm_runtime/node_modules/simple-git/dist/src/lib/errors/task-configuration-error.d.ts,452,208dad548b895c7d02465de6ba79064b7c67bc4d94e5227b09f21d58790e634c
workspace_mirror/work/local_llm_runtime/node_modules/simple-git/dist/src/lib/git-factory.d.ts,654,7d558bc6bd1b68b8baa71e5e83534c116d5965d1b9707601d8be30714ce7ef3b
workspace_mirror/work/local_llm_runtime/node_modules/simple-git/dist/src/lib/git-logger.d.ts,766,70cb5d9e56c67cf0b95ba915d42eba9f9befb81e35b21c888d81bb75bdf273d5
workspace_mirror/work/local_llm_runtime/node_modules/simple-git/dist/src/lib/parsers/parse-branch-delete.d.ts,324,25dfd8ead7afcb88e7fc435016ff393746f03cbd48388617078c7b8f7284e536
workspace_mirror/work/local_llm_runtime/node_modules/simple-git/dist/src/lib/parsers/parse-branch.d.ts,153,5e975d463fb3626cf7006909ee2e31968a07189205dabf9734709a4e3fab0f86
workspace_mirror/work/local_llm_runtime/node_modules/simple-git/dist/src/lib/parsers/parse-commit.d.ts,122,df44051ea2e4fa5a961191c9cb6c8fb82ebb05facc9e5fa3408fac0a524d50e4
workspace_mirror/work/local_llm_runtime/node_modules/simple-git/dist/src/lib/parsers/parse-diff-summary.d.ts,196,7a1630bc28a06ac716416793f086502aa2975612ff12fc688b686d9921b3ee77
workspace_mirror/work/local_llm_runtime/node_modules/simple-git/dist/src/lib/parsers/parse-fetch.d.ts,135,0a97dce6baa1d13c021e6fc9f35c24e7a699a63cc1c445a0c78e2aec75b93b40
workspace_mirror/work/local_llm_runtime/node_modules/simple-git/dist/src/lib/parsers/parse-list-log-summary.d.ts,429,a1b5f1dd3685f96415553fe359762043252e5f6ed68be1e2518948c2e956d11e
workspace_mirror/work/local_llm_runtime/node_modules/simple-git/dist/src/lib/parsers/parse-merge.d.ts,434,e3c9c53b0abbd3e726ecaefb692c473d20b282799f4618697bb07876bd9f79f5
workspace_mirror/work/local_llm_runtime/node_modules/simple-git/dist/src/lib/parsers/parse-move.d.ts,116,84f66eee376713a4d6ddc582000db87a70a76e7f1fb64ad2b7a6e24d7b493cf5
workspace_mirror/work/local_llm_runtime/node_modules/simple-git/dist/src/lib/parsers/parse-pull.d.ts,402,ca0119ddce54e5dcd5937a3acc08d6b22e13d9782dd9de143d4927230232dfe2
workspace_mirror/work/local_llm_runtime/node_modules/simple-git/dist/src/lib/parsers/parse-push.d.ts,238,a151353094a49f0d93b5d30f3834f0e50379f43f6ca6f280873a49e6e212237c
workspace_mirror/work/local_llm_runtime/node_modules/simple-git/dist/src/lib/parsers/parse-remote-messages.d.ts,314,1e32e984df91e991dfe84e736675f73cc30394ea0134f94870c6b080b38892a7
workspace_mirror/work/local_llm_runtime/node_modules/simple-git/dist/src/lib/parsers/parse-remote-objects.d.ts,224,43082fc250910499907551a2c7abfe1e1e7a815219f15d638ec55c112afe0263
workspace_mirror/work/local_llm_runtime/node_modules/simple-git/dist/src/lib/plugins/abort-plugin.d.ts,254,8a6ffb7cc4b18e068f7d95f62f696fdde12b0d1f827063fda02022fcd7252d50
workspace_mirror/work/local_llm_runtime/node_modules/simple-git/dist/src/lib/plugins/block-unsafe-operations-plugin.d.ts,242,749bb8cf38450f2d296525828e54b24e4ae4826e8b2e8734892d427fcefc2ccb
workspace_mirror/work/local_llm_runtime/node_modules/simple-git/dist/src/lib/plugins/command-config-prefixing-plugin.d.ts,165,bf1906c9e7c1f3619b2d0e08d75a621c424a1ddd978be3da787056013cc289e5
workspace_mirror/work/local_llm_runtime/node_modules/simple-git/dist/src/lib/plugins/completion-detection.plugin.d.ts,248,56601275ae3b1cd964f2f23a302dd6983208f727bc2cb820740ff6ce6b461c72
workspace_mirror/work/local_llm_runtime/node_modules/simple-git/dist/src/lib/plugins/custom-binary.plugin.d.ts,227,0fc2ff270ee64497d4aa999747be3dc5f2dbbc8d893c8605ca131bbb80f54e06
workspace_mirror/work/local_llm_runtime/node_modules/simple-git/dist/src/lib/plugins/error-detection.plugin.d.ts,625,d528ae24fa5f042048aa34fa662e92216a0c1ef0292c8072d593f2fecb9a15af
workspace_mirror/work/local_llm_runtime/node_modules/simple-git/dist/src/lib/plugins/index.d.ts,477,14a775bf3e607f581892c7b2ae3410f5ba025a365f075f93e71d50c4dd97a892
workspace_mirror/work/local_llm_runtime/node_modules/simple-git/dist/src/lib/plugins/plugin-store.d.ts,815,cd3a2223268e00adb2cb96d95e55042f2b1b839027f0557e52d26396af0d02ec
workspace_mirror/work/local_llm_runtime/node_modules/simple-git/dist/src/lib/plugins/progress-monitor-plugin.d.ts,270,53a193e3e70c9c75d6635ce6b894e336a62d65adbe3667c5049220cb28ac0bf8
workspace_mirror/work/local_llm_runtime/node_modules/simple-git/dist/src/lib/plugins/simple-git-plugin.d.ts,1426,a883d01d6cbed44610da6e6e0e8ae1549090fb2e15c4b89af59df39c6e25d8c5
workspace_mirror/work/local_llm_runtime/node_modules/simple-git/dist/src/lib/plugins/spawn-options-plugin.d.ts,216,d9376f411b1cf73ce4ad1def9fdd8ac138fd96a4e38c75695ed8224ddaa0f18b
workspace_mirror/work/local_llm_runtime/node_modules/simple-git/dist/src/lib/plugins/suffix-paths.plugin.d.ts,131,4793060046cc0f3b6b8043c7b185e5fd39c80016b9505bc6d815f4dc3499949a
workspace_mirror/work/local_llm_runtime/node_modules/simple-git/dist/src/lib/plugins/timout-plugin.d.ts,265,aacb6551c44fb88bf14a418a5b36715356af7f37c60fee5e1ebb31779edec678
workspace_mirror/work/local_llm_runtime/node_modules/simple-git/dist/src/lib/responses/BranchDeleteSummary.d.ts,718,ff1b9a25a9be6be8420ff3fe47e1f656309ebe2133bd1375b1b4f4eded217bcc
workspace_mirror/work/local_llm_runtime/node_modules/simple-git/dist/src/lib/responses/BranchSummary.d.ts,479,8aa90f159d5651ffa951aa3e1d4cd83751821ac189d837bcc93550639d4478a0
workspace_mirror/work/local_llm_runtime/node_modules/simple-git/dist/src/lib/responses/CheckIgnore.d.ts,154,852e0f8fa242c0d02c51ffbfec566297e1a239a30f0fedc07667c1a59db1a52d
workspace_mirror/work/local_llm_runtime/node_modules/simple-git/dist/src/lib/responses/CleanSummary.d.ts,330,95b19f82faf933c6b271d6d83c367037b3c00a230d9b10b0fca4c46bed0d0f77
workspace_mirror/work/local_llm_runtime/node_modules/simple-git/dist/src/lib/responses/ConfigList.d.ts,537,edfdbf5791837ea49768910415ec1b71f8173f5f531b3da23d6d285386ec31fb
workspace_mirror/work/local_llm_runtime/node_modules/simple-git/dist/src/lib/responses/DiffSummary.d.ts,359,aaf1f1b6302b61f44aa681b66ed13d869e89edf4525678794b9d8dd9cabeadea
workspace_mirror/work/local_llm_runtime/node_modules/simple-git/dist/src/lib/responses/FileStatusSummary.d.ts,336,773b1bc2433495cbf2e2bd7e6f818d8a87c62926845de85443295e54cb1cb6cb
workspace_mirror/work/local_llm_runtime/node_modules/simple-git/dist/src/lib/responses/GetRemoteSummary.d.ts,339,7c774169686976056434799723bd7a48348df9d2204b928a0b77920505585214
workspace_mirror/work/local_llm_runtime/node_modules/simple-git/dist/src/lib/responses/InitSummary.d.ts,394,eb66b99116f0b94f2a8d312f68aad678b9c07d963abb6a9b78fa77b12cfb8673
workspace_mirror/work/local_llm_runtime/node_modules/simple-git/dist/src/lib/responses/MergeSummary.d.ts,644,7786c5fe17a6082d8d397a691b9d2a9183271d71fb4d3f6df67a65f55475e2ad
workspace_mirror/work/local_llm_runtime/node_modules/simple-git/dist/src/lib/responses/PullSummary.d.ts,662,19972906e50457c481b2b0024c97cc41941eaa10a05bd5d380eed3b20c07c252
workspace_mirror/work/local_llm_runtime/node_modules/simple-git/dist/src/lib/responses/StatusSummary.d.ts,517,929187c0260a2ff5f6dd682997ec1669a0fad52619f2b1bc9d4ddcbba23d651a
workspace_mirror/work/local_llm_runtime/node_modules/simple-git/dist/src/lib/responses/TagList.d.ts,313,27b0c86fb95f273a131d8a1b21c8bbfd4e045107157d1861459a4744c1ae3291
workspace_mirror/work/local_llm_runtime/node_modules/simple-git/dist/src/lib/runners/git-executor-chain.d.ts,864,498a72f88a7679024c8bb753ba1c96f347400ab0be539467f50634bdb2c54568
workspace_mirror/work/local_llm_runtime/node_modules/simple-git/dist/src/lib/runners/git-executor.d.ts,551,c6dc3bd41691cc75044c2b9ed755ed7f932cfe9ebdd59f4f4e2fdaf45fc1ccd0
workspace_mirror/work/local_llm_runtime/node_modules/simple-git/dist/src/lib/runners/promise-wrapped.d.ts,197,835974f1598a3b2f4698f62d4ae89bcfe6888df6cf17771ba6c2e1eacfedbff4
workspace_mirror/work/local_llm_runtime/node_modules/simple-git/dist/src/lib/runners/scheduler.d.ts,285,a8c32a0ce656e39400030cb89111515374772e9dbaae7c12ae503abd83406908
workspace_mirror/work/local_llm_runtime/node_modules/simple-git/dist/src/lib/runners/tasks-pending-queue.d.ts,715,7be7dd4496bf0ace588cdf3904b499c4f351772d0fbfdaecb16466927bad4156
workspace_mirror/work/local_llm_runtime/node_modules/simple-git/dist/src/lib/simple-git-api.d.ts,773,0a4a1b42337dca264bd6b8877ab402c1b6821180b200529e581cb50649320fcb
workspace_mirror/work/local_llm_runtime/node_modules/simple-git/dist/src/lib/task-callback.d.ts,194,781bc46d26e2d8a422a01a33c53622ff2f292e82a791c5cf129072118e763e70
workspace_mirror/work/local_llm_runtime/node_modules/simple-git/dist/src/lib/tasks/apply-patch.d.ts,753,3e697e2186544103572756d80b61fcce3842ab07abdc5a1b7b8d4b9a4136005a
workspace_mirror/work/local_llm_runtime/node_modules/simple-git/dist/src/lib/tasks/branch.d.ts,647,88ebec308bc12815411ad3e3e7a63b5a1038c8fbeaf1b617d70f03bb179a9292
workspace_mirror/work/local_llm_runtime/node_modules/simple-git/dist/src/lib/tasks/change-working-directory.d.ts,171,2d8386c3d2ca131900f64807fc4386246c1414609981fbc6d188aa4c4272abb7
workspace_mirror/work/local_llm_runtime/node_modules/simple-git/dist/src/lib/tasks/check-ignore.d.ts,119,9b6d4f6e3805c18952fbb41c89e1207110c31fabd7f1b8d9648261a5bdcd876d
workspace_mirror/work/local_llm_runtime/node_modules/simple-git/dist/src/lib/tasks/check-is-repo.d.ts,385,8758b438b12ea50fb8b678d29ab0ef42d77abfb801cec481596ce6002b537a6f
workspace_mirror/work/local_llm_runtime/node_modules/simple-git/dist/src/lib/tasks/checkout.d.ts,151,57f80aecb9ba78ba13b79ccca2188f7e530d9b6626e00ec286310b21a813bb7c
workspace_mirror/work/local_llm_runtime/node_modules/simple-git/dist/src/lib/tasks/clean.d.ts,1205,688a28e7953ef4465f68da2718dc6438aaa16325133a8cb903bf850c63cb4a7e
workspace_mirror/work/local_llm_runtime/node_modules/simple-git/dist/src/lib/tasks/clone.d.ts,950,f2c96e813200ca900d2bbf0d8e3db7c2a70180b80f559b676aab8315c9472943
workspace_mirror/work/local_llm_runtime/node_modules/simple-git/dist/src/lib/tasks/commit.d.ts,284,05132d76f022b2843e547a5c23e9ec4a449fc3efb40d0815d9764e31968910cd
workspace_mirror/work/local_llm_runtime/node_modules/simple-git/dist/src/lib/tasks/config.d.ts,270,f73cf81342d2a25b65179c262ca7c38df023969129094607d0eb52510a56f10f
workspace_mirror/work/local_llm_runtime/node_modules/simple-git/dist/src/lib/tasks/count-objects.d.ts,323,f433d28f86313073f13b16c0a18ccdd21759390f52c8d7bf9d916645b12d16ed
workspace_mirror/work/local_llm_runtime/node_modules/simple-git/dist/src/lib/tasks/diff-name-status.d.ts,289,16b81141d0c59af6f07e5fc24824c54dd6003da0ab0a2d2cedc95f8eb03ea8d3
workspace_mirror/work/local_llm_runtime/node_modules/simple-git/dist/src/lib/tasks/diff.d.ts,311,47f06c3af3e572f9891512964ae00593d89f5f8cd761b2a431e59fa6e70f0b96
workspace_mirror/work/local_llm_runtime/node_modules/simple-git/dist/src/lib/tasks/fetch.d.ts,249,fa85ed51efe17cf51d19e5e19d6f7479a13ac5903dd7ef1aad9b8b1da2e83512
workspace_mirror/work/local_llm_runtime/node_modules/simple-git/dist/src/lib/tasks/first-commit.d.ts,106,1a69fffd60086e91cf4cc0c0b6bb19ec43cc917e42e5bedb48c6108b03ade6a6
workspace_mirror/work/local_llm_runtime/node_modules/simple-git/dist/src/lib/tasks/grep.d.ts,543,e7d7e67bd66b30f2216e4678b97bb09629a2b31766a79119acaa30e3005ef5fb
workspace_mirror/work/local_llm_runtime/node_modules/simple-git/dist/src/lib/tasks/hash-object.d.ts,174,24898a789f1b8c355f62131799ce2bfa48a94b37647fbccf64a2cb217cc6a788
workspace_mirror/work/local_llm_runtime/node_modules/simple-git/dist/src/lib/tasks/init.d.ts,207,b00c188efa24bf3bc578d0b89ccc79c6bdfbff1e45c2e3b62baaa2c684199046
workspace_mirror/work/local_llm_runtime/node_modules/simple-git/dist/src/lib/tasks/log.d.ts,974,5619706bbd7a964d7c82cd4a307457ed0327ecc86772ceb7ea0870566c6578b2
workspace_mirror/work/local_llm_runtime/node_modules/simple-git/dist/src/lib/tasks/merge.d.ts,217,0113fe5f809b84d9672925bf3bd538e1fb26046eecf41dacf2d16310a3c71619
workspace_mirror/work/local_llm_runtime/node_modules/simple-git/dist/src/lib/tasks/move.d.ts,181,9b874ea369dbaf61424918968531b971cda3bb50c3444a5cb893f40a626130ba
workspace_mirror/work/local_llm_runtime/node_modules/simple-git/dist/src/lib/tasks/pull.d.ts,219,25dc6d1bfa5dbf54d06b49f43e886ff5603d19a995ce72f255626626152ccbaa
workspace_mirror/work/local_llm_runtime/node_modules/simple-git/dist/src/lib/tasks/push.d.ts,375,c6f84ad982477441cc4ceaf8319c4fa363121e04dceb9ca0d31ac7883824accd
workspace_mirror/work/local_llm_runtime/node_modules/simple-git/dist/src/lib/tasks/remote.d.ts,675,57bcd1143933b5f7532034048114f0190abd4bea07c5acb1d1123808d887c677
workspace_mirror/work/local_llm_runtime/node_modules/simple-git/dist/src/lib/tasks/reset.d.ts,549,e05a20aa85c7324c65643542c2d7314774c2adf510f9dcbad5d3afac74ca3dac
workspace_mirror/work/local_llm_runtime/node_modules/simple-git/dist/src/lib/tasks/show.d.ts,114,e13b9456399f749faf3eeafe8331c2bfd6b285f0195874af055970f7c94ba2f7
workspace_mirror/work/local_llm_runtime/node_modules/simple-git/dist/src/lib/tasks/stash-list.d.ts,268,490635aa2423776ca0d887ef012117bd5ea480d115d9a3b6cd77b17409e3e875
workspace_mirror/work/local_llm_runtime/node_modules/simple-git/dist/src/lib/tasks/status.d.ts,172,d2d1fa2cb4651a719f84350a84341705b65fe869f6a2d3a91a296afd139a98e6
workspace_mirror/work/local_llm_runtime/node_modules/simple-git/dist/src/lib/tasks/sub-module.d.ts,382,83d4a4c5922f185bff4551b6639a812faabaf77692fa236a1d26dad5ed3df75c
workspace_mirror/work/local_llm_runtime/node_modules/simple-git/dist/src/lib/tasks/tag.d.ts,476,db71db2ac1d16e167028bca0bb80ecfb0c6e75f28f3cedd683de06396429b1d4
workspace_mirror/work/local_llm_runtime/node_modules/simple-git/dist/src/lib/tasks/task.d.ts,799,6578758b0b94087beffd0ce554701365cd1e6a7428f14464ac8b88095fca4e50
workspace_mirror/work/local_llm_runtime/node_modules/simple-git/dist/src/lib/tasks/version.d.ts,251,e137f087bda0256410b28743ef9a1bf57a4cafd43ffa6b62d5c17a8f5a08b3b5
workspace_mirror/work/local_llm_runtime/node_modules/simple-git/dist/src/lib/types/handlers.d.ts,1024,b2dbe6b053e04ec135c7ce722e0a4e9744281ea40429af96e2662cc926465519
workspace_mirror/work/local_llm_runtime/node_modules/simple-git/dist/src/lib/types/index.d.ts,5327,b62b9d7193265de7526c4d5d777902fdb3150ec6773ab7dd642864d92b8c12a7
workspace_mirror/work/local_llm_runtime/node_modules/simple-git/dist/src/lib/types/tasks.d.ts,963,b6c4796630a47f8b0f420519cd241e8e7701247b48ed4b205e8d057cbf7107d7
workspace_mirror/work/local_llm_runtime/node_modules/simple-git/dist/src/lib/utils/argument-filters.d.ts,1055,6d418f4f96f9c2c40d05dac0293fb50b111305bff2cb148a209558d9ef3fccf9
workspace_mirror/work/local_llm_runtime/node_modules/simple-git/dist/src/lib/utils/exit-codes.d.ts,236,a8e370d7893e19fb68b2534aa427c60cb2223d075bb9fa269d8fda7f9c26a09d
workspace_mirror/work/local_llm_runtime/node_modules/simple-git/dist/src/lib/utils/git-output-streams.d.ts,258,b9dd5bc18d7d889b283d263c146f5fa514687e606b3b72f195b569bf9b16ee3d
workspace_mirror/work/local_llm_runtime/node_modules/simple-git/dist/src/lib/utils/index.d.ts,260,17c78b1153253531cadebbe54f8735372ef113a0725710c82e49a6867875188d
workspace_mirror/work/local_llm_runtime/node_modules/simple-git/dist/src/lib/utils/line-parser.d.ts,781,d58a0e0df3228775ea8b71124f470711332902f077d81a9c3c953993bc74e47e
workspace_mirror/work/local_llm_runtime/node_modules/simple-git/dist/src/lib/utils/simple-git-options.d.ts,167,c858c8b2fee72a21442167180f5553bd963f6b551efa7d24ec4c7d7ab94dd91f
workspace_mirror/work/local_llm_runtime/node_modules/simple-git/dist/src/lib/utils/task-options.d.ts,817,e73d1f85405b396b9fecbae4249d7ff6af09e9c4c0e088b7b20fdcb60b32917f
workspace_mirror/work/local_llm_runtime/node_modules/simple-git/dist/src/lib/utils/task-parser.d.ts,473,e90ee2a7facbf3ab9b8c7c2495809acfef42e69ebe98c7c186b7cd76dcbc7ee6
workspace_mirror/work/local_llm_runtime/node_modules/simple-git/dist/src/lib/utils/util.d.ts,2690,d79c58a8f53c93442c04eb42fc4a0a7c8b54f73d78508997e69cbd30ed0076d5
workspace_mirror/work/local_llm_runtime/node_modules/simple-git/dist/typings/errors.d.ts,266,048c0ced65fa41fbf4bcc3d5e8e5b6f6c7f27335ceb54d401be654e821adbc08
workspace_mirror/work/local_llm_runtime/node_modules/simple-git/dist/typings/index.d.ts,338,fe54919026a7e4762fc03f58baa8a2bf856af8de0eaae0a0d27265fa122565e5
workspace_mirror/work/local_llm_runtime/node_modules/simple-git/dist/typings/response.d.ts,12904,b48c4e15766170c5003a6273b1d8f17f854ec565ccaaebd9f700fef159b84078
workspace_mirror/work/local_llm_runtime/node_modules/simple-git/dist/typings/simple-git.d.ts,32955,e1126668c194faa56a728eb5bd2dd88dfc19460ced65c38888977a22369e4624
workspace_mirror/work/local_llm_runtime/node_modules/simple-git/dist/typings/types.d.ts,993,dd3e50008131e83844c49f80f7dc8e5a8fd8d1fbe0bc4da26121dda14488e507
workspace_mirror/work/local_llm_runtime/node_modules/simple-git/package.json,1130,ee60854dc283f083ed1910420fe12fd18968090f5e539be686c27773a8118dfd
workspace_mirror/work/local_llm_runtime/node_modules/simple-git/promise.js,570,d7dab03c015596f875a4ab48ad62a8c2afeea27f875d635a335f6a3a8e566c5c
workspace_mirror/work/local_llm_runtime/node_modules/simple-git/readme.md,48207,0d292132254e52e0bd9688553c6b00fa5fec4fdbb6a2eabffe15e8333b84656c
workspace_mirror/work/local_llm_runtime/node_modules/sleep-promise/CHANGELOG.md,8233,5c65a86efcea70dfcffb87413763b8dc847cc638af74b606df54e2aeeba136f5
workspace_mirror/work/local_llm_runtime/node_modules/sleep-promise/LICENSE.md,1080,69ea441a392728546cebf93836e36f3cb3776c36cacb529a9448b7e1a27722c1
workspace_mirror/work/local_llm_runtime/node_modules/sleep-promise/README.md,2442,6d0fb934cc4ad6a00c9a4d43628ecda56c4c2af67e3efb820c80545c1bb9883c
workspace_mirror/work/local_llm_runtime/node_modules/sleep-promise/build/cjs.d.ts,240,dcf39f8dfd8899bd8663756479fe3525dc0fd6f4ba05e825fe2880cf12204c18
workspace_mirror/work/local_llm_runtime/node_modules/sleep-promise/build/cjs.js,422,88747711c3d21a33c1a08fb28a52a9d5314d294dcb0647756e8063aa436c8f07
workspace_mirror/work/local_llm_runtime/node_modules/sleep-promise/build/esm.d.ts,182,b87b31e01ffcc13cf2c21a943f484d56b969a553520c586fd308fcd9c667561b
workspace_mirror/work/local_llm_runtime/node_modules/sleep-promise/build/esm.mjs,412,90971ab6cc137c5309d19b61caf157eea8c28f931483b0474fc92a6e7ad40f1e
workspace_mirror/work/local_llm_runtime/node_modules/sleep-promise/build/shared.d.ts,69,1d57e63df08981b2b781ee7773e93442e7d877b7931672516e4fc121245166b6
workspace_mirror/work/local_llm_runtime/node_modules/sleep-promise/package.json,1924,c48c49bc4dddae3f7fb51a0cd91f529dcfbf4d5c1043fecfe317f36cfffa10f5
workspace_mirror/work/local_llm_runtime/node_modules/sleep-promise/yarn.lock,428900,beec46cf9248733851dd10ec0f63dfb336a60acd561d93438ec172b1d30f5207
workspace_mirror/work/local_llm_runtime/node_modules/slice-ansi/index.d.ts,778,ff1232bd88992c7b89457f00513a4b2fd002ca86c713dd36d2871404549e1888
workspace_mirror/work/local_llm_runtime/node_modules/slice-ansi/index.js,5109,6fae43f8abc65b32061e9df707b15515644979d770246e45b54431b71f03c5be
workspace_mirror/work/local_llm_runtime/node_modules/slice-ansi/license,1158,c91d87c3bca16ab6d96d82da08edc54377d14b679547a331eecc4adef3c353c8
workspace_mirror/work/local_llm_runtime/node_modules/slice-ansi/package.json,990,43f7068d460c56fea23c6972cddf94151b5e854d64687b5ebcccf5c21604aa03
workspace_mirror/work/local_llm_runtime/node_modules/slice-ansi/readme.md,1387,ed4e9c2935b3c6954a91286d18b29202f30a5c40f0ac4e23fbccc769040b72aa
workspace_mirror/work/local_llm_runtime/node_modules/slice-ansi/tokenize-ansi.js,19712,8e4dcbf3c29a828963a6de01e7253b4fbcdcc231df424f779e5308cb27aa7f67
workspace_mirror/work/local_llm_runtime/node_modules/stdin-discarder/index.d.ts,166,609180a7fff99a123898c618b0d5dc93dc2af0858830b2c1af64b50f27a556cb
workspace_mirror/work/local_llm_runtime/node_modules/stdin-discarder/index.js,1642,75b230ceaf456b97816ff2b3b8827cbb2ff6c851a1140e8930b8bcb03c14269f
workspace_mirror/work/local_llm_runtime/node_modules/stdin-discarder/license,1117,5c932d88256b4ab958f64a856fa48e8bd1f55bc1d96b8149c65689e0c61789d3
workspace_mirror/work/local_llm_runtime/node_modules/stdin-discarder/package.json,763,183dd39eb2c46164533b1948fc7fad894c2040eaa8b87e374ffd1c5c606d8c95
workspace_mirror/work/local_llm_runtime/node_modules/stdin-discarder/readme.md,922,87f45bafd739d6bed40573519b91dff821f5c1693180c15320016e64a27c8d8f
workspace_mirror/work/local_llm_runtime/node_modules/stdout-update/CHANGELOG.md,1010,2e07a16c8f9705f96a6ef515f919fdf38e3ad3f4b67117aa7835b0a8ae58b4b6
workspace_mirror/work/local_llm_runtime/node_modules/stdout-update/LICENSE,1093,817ec80d185511e433b926d90fd3de39d8ed4b2f8bc753b6bc06e2772cd256f1
workspace_mirror/work/local_llm_runtime/node_modules/stdout-update/README.md,3297,88f662663e147491a3fccc8c92aa3e4919fabce5b54581d40d7dc747063f2a5a
workspace_mirror/work/local_llm_runtime/node_modules/stdout-update/lib/Hook.d.ts,327,c272061614b10a2ce6fb21460897acb111b82b3f302438023dbf9b903c08c9a0
workspace_mirror/work/local_llm_runtime/node_modules/stdout-update/lib/Hook.js,3169,c7c8505b35598d8bda60ea12e9aa20f27bf61399db523d39d500081980afc912
workspace_mirror/work/local_llm_runtime/node_modules/stdout-update/lib/Terminal.d.ts,331,0f04e65c75d7aca563eb18ba36a76f8edc8b34a6682d3f49bdf706f32a7a4ef4
workspace_mirror/work/local_llm_runtime/node_modules/stdout-update/lib/Terminal.js,1983,b00ce3a7cd1769094a6190c0cb0c99f16be14cdf70c210a3295046f51410d6ee
workspace_mirror/work/local_llm_runtime/node_modules/stdout-update/lib/UpdateManager.d.ts,659,21c86613fa165aa957c43e12fd6a5922a550617ca48a7ed0672a5f18dda4996a
workspace_mirror/work/local_llm_runtime/node_modules/stdout-update/lib/UpdateManager.js,6318,34bd6ae9051c66ad1491007313c1654eb28720d7b533f400bd393c40621da40b
workspace_mirror/work/local_llm_runtime/node_modules/stdout-update/lib/Wrapper.d.ts,161,e882d657c50a8664b38ef03e5be6864b5535f0fb1ddb16a240b1296e8494f4db
workspace_mirror/work/local_llm_runtime/node_modules/stdout-update/lib/Wrapper.js,5100,fb66dfb1037e20809a94d522bd7358c366919747a579a9b19fcb191ce97c98eb
workspace_mirror/work/local_llm_runtime/node_modules/stdout-update/lib/index.d.ts,46,6b0030896ce73c618e96f4017c8d247c2ca55d47c13d458a0420829ce2fec2ea
workspace_mirror/work/local_llm_runtime/node_modules/stdout-update/lib/index.js,46,6b0030896ce73c618e96f4017c8d247c2ca55d47c13d458a0420829ce2fec2ea
workspace_mirror/work/local_llm_runtime/node_modules/stdout-update/node_modules/emoji-regex/LICENSE-MIT.txt,1077,483acb265f182907d1caf6cff9c16c96f31325ed23792832cc5d8b12d5f88c8a
workspace_mirror/work/local_llm_runtime/node_modules/stdout-update/node_modules/emoji-regex/README.md,4038,f8ca51b375b32e0a25a0ca078d9da4265a867e0c7abcdd64a04112d24116282e
workspace_mirror/work/local_llm_runtime/node_modules/stdout-update/node_modules/emoji-regex/index.d.ts,81,d73a4c0a98afa331568302e1ea8db954b11e9a13fb9d1b74e2a3b131076bee30
workspace_mirror/work/local_llm_runtime/node_modules/stdout-update/node_modules/emoji-regex/index.js,14183,a7ba8ae1976f26629989ee4c046e4352cfef0efd34b2401137eddd216d5d9ae2
workspace_mirror/work/local_llm_runtime/node_modules/stdout-update/node_modules/emoji-regex/index.mjs,14181,38bb39b3e644110e87f3bcfe56ee7bd3f23d85b2df002cb6e7376bc5a7bc2819
workspace_mirror/work/local_llm_runtime/node_modules/stdout-update/node_modules/emoji-regex/package.json,984,ad8b9ae5582e5b85ae571a30a733fd8f3fd7951530122efd4f93342fe0995b11
workspace_mirror/work/local_llm_runtime/node_modules/stdout-update/node_modules/string-width/index.d.ts,1345,2386b50ac5929c1a1374725e6b4b9dcbf06a5843c107713fbc54c652bcf59290
workspace_mirror/work/local_llm_runtime/node_modules/stdout-update/node_modules/string-width/index.js,2231,16421893c66e7c45a68251f0708caaa8d49d74e9570ae574371d21356e9d30a6
workspace_mirror/work/local_llm_runtime/node_modules/stdout-update/node_modules/string-width/license,1117,5c932d88256b4ab958f64a856fa48e8bd1f55bc1d96b8149c65689e0c61789d3
workspace_mirror/work/local_llm_runtime/node_modules/stdout-update/node_modules/string-width/package.json,1140,c136bc8e7e23b6de2ad6f083cf99c1c3769fe200224d7575351f29c9f6bed27e
workspace_mirror/work/local_llm_runtime/node_modules/stdout-update/node_modules/string-width/readme.md,1940,9aeeb742159fcc517fb121a54cea5ab4a01c11eec29069d3808590d6c7fa6e4c
workspace_mirror/work/local_llm_runtime/node_modules/stdout-update/package.json,2106,49b743b4032f73e91bf84835a5dd518d88910e845762aa197598e8ebbc604f64
workspace_mirror/work/local_llm_runtime/node_modules/steno/LICENSE,1076,8c723e3edff7119e9fb0ee6b40687b93da0265ef6077f39f2b09b5297082d836
workspace_mirror/work/local_llm_runtime/node_modules/steno/README.md,1231,ec3ce30794799ecd87167b3597f815859dad9dd064df66fe20e1fa1a6e27ac8e
workspace_mirror/work/local_llm_runtime/node_modules/steno/lib/index.d.ts,371,ad56fa814a5d07da4fc74edf66e94e6ac34014860005ab49e4d63195bc80719c
workspace_mirror/work/local_llm_runtime/node_modules/steno/lib/index.js,2833,b3bc8b99f8d5b762ce44a11a1b6c248541e190f1bd84ba440039d3c704058d01
workspace_mirror/work/local_llm_runtime/node_modules/steno/package.json,1571,2db842492cbda6be66821f66627139172c5f2ac5a9541afca288a3912cbda30b
workspace_mirror/work/local_llm_runtime/node_modules/string-width/index.d.ts,1345,2386b50ac5929c1a1374725e6b4b9dcbf06a5843c107713fbc54c652bcf59290
workspace_mirror/work/local_llm_runtime/node_modules/string-width/index.js,6194,60c197f20cc966a2ede2dfec1ad4b764aa4095a43d225792b2652bca6afeb21b
workspace_mirror/work/local_llm_runtime/node_modules/string-width/license,1117,5c932d88256b4ab958f64a856fa48e8bd1f55bc1d96b8149c65689e0c61789d3
workspace_mirror/work/local_llm_runtime/node_modules/string-width/package.json,1138,26e7e6a32cdca3ae61b6cf02eadfcf6cf6f6133ba7779de57f9e99c261393da2
workspace_mirror/work/local_llm_runtime/node_modules/string-width/readme.md,1939,f634d81182a56e7732165e16c49215688911d560d5b738ff6741c51d964b19c6
workspace_mirror/work/local_llm_runtime/node_modules/strip-ansi/index.d.ts,349,d690ec58f57c5fa69cfe088959335c9f12482db67eb1bc1bbba93e3062f69276
workspace_mirror/work/local_llm_runtime/node_modules/strip-ansi/index.js,626,9ff7e1abf2727fbf9854a9dfcc1e69d1f9a0b23ccc0649269fc1c4fa8e44bd79
workspace_mirror/work/local_llm_runtime/node_modules/strip-ansi/license,1117,5c932d88256b4ab958f64a856fa48e8bd1f55bc1d96b8149c65689e0c61789d3
workspace_mirror/work/local_llm_runtime/node_modules/strip-ansi/package.json,961,228b214dd06ca80ab3c36e2b890a8696a39cea65585f6d61498c922c615e18a0
workspace_mirror/work/local_llm_runtime/node_modules/strip-ansi/readme.md,1223,97c8f78e30d8dd4f03a252669110d775f6308674bcdb0280ecea942d191045b1
workspace_mirror/work/local_llm_runtime/node_modules/strip-json-comments/index.js,1700,3fe8c034bfc649c8e80452f4c7052153a49c89a579f3f87a4df6af8bab5ce2b9
workspace_mirror/work/local_llm_runtime/node_modules/strip-json-comments/license,1119,6fb9754611c20f6649f68805e8c990e83261f29316e29de9e6cedae607b8634c
workspace_mirror/work/local_llm_runtime/node_modules/strip-json-comments/package.json,749,52fba89a1d2724dfeafa21ec58f8c4a8a210103cc6b65b4468ab3fb973ad1753
workspace_mirror/work/local_llm_runtime/node_modules/strip-json-comments/readme.md,1493,94092712ac3a26191c967ab828e66cc4c9db56e9e7963fdf37e469488fe4c3e5
workspace_mirror/work/local_llm_runtime/node_modules/tar/LICENSE.md,1552,8a1af140fdfbf5afd3df27f7e662f989c5b963a300020dfafce42033cae9e004
workspace_mirror/work/local_llm_runtime/node_modules/tar/README.md,52349,74be64d36b24666b94a0261bd1b03b789a2c67d189cc02b722b6af161c547365
workspace_mirror/work/local_llm_runtime/node_modules/tar/dist/commonjs/create.d.ts,165,222c838dcf181020b16af6f6239380663843069ddfc3e6f29ea7890bad90fafe
workspace_mirror/work/local_llm_runtime/node_modules/tar/dist/commonjs/create.d.ts.map,192,2e4227f23a78de8cb59a543fd5d2f7278f9a83d556c20fe46bda1493b01b9f27
workspace_mirror/work/local_llm_runtime/node_modules/tar/dist/commonjs/create.js,2588,eff71718fc8424bc6c7cda76d5d2831da98ee1457da1df19bd31b92e563d2336
workspace_mirror/work/local_llm_runtime/node_modules/tar/dist/commonjs/create.js.map,5265,9a29e3ad951d75d833bccd0301c518057deac8c9235390f885e50a0cba2a3443
workspace_mirror/work/local_llm_runtime/node_modules/tar/dist/commonjs/cwd-error.d.ts,214,df844932c70c848cfd1aacfc1492cf5612e67b270fb94c03036f1a040088202e
workspace_mirror/work/local_llm_runtime/node_modules/tar/dist/commonjs/cwd-error.d.ts.map,283,038f16b25e9699e3ff785c43f7145e2e7b6add2ef42064cc81768c7f87229283
workspace_mirror/work/local_llm_runtime/node_modules/tar/dist/commonjs/cwd-error.js,436,faae7f047a57227c0452abb13a36a6ae2bc560d64f01e300440afe392e3d1500
workspace_mirror/work/local_llm_runtime/node_modules/tar/dist/commonjs/cwd-error.js.map,737,1520ad2eb76b2d0ad5549bb0c0100d7d5d3373c76946c32197ffded635744844
workspace_mirror/work/local_llm_runtime/node_modules/tar/dist/commonjs/extract.d.ts,177,0f001fef552edcfb272c6a1e8a8e1d29a651230789a34bd6960025ef6233ae00
workspace_mirror/work/local_llm_runtime/node_modules/tar/dist/commonjs/extract.d.ts.map,194,b282be7770dbdf96e5f96af944a555553df99c3eaab82225d8ac394d01a6e1a7
workspace_mirror/work/local_llm_runtime/node_modules/tar/dist/commonjs/extract.js,3447,a1aa096322772eb0b341c39fc732857f8a3efbbd4934a0c5376a9b3b18129acd
workspace_mirror/work/local_llm_runtime/node_modules/tar/dist/commonjs/extract.js.map,3547,5b4287747156386698968bc59da4f69d4f95833759679336d619ac32f90ff412
workspace_mirror/work/local_llm_runtime/node_modules/tar/dist/commonjs/get-write-flag.d.ts,130,1c55c4d7c6c54a9d3c67a9ca18c640353c20ac2024fd43669173d10de91e30ef
workspace_mirror/work/local_llm_runtime/node_modules/tar/dist/commonjs/get-write-flag.d.ts.map,168,375e486568f2eaea115a29ce866c284adf8dbd74a60369c5af65936efba05d48
workspace_mirror/work/local_llm_runtime/node_modules/tar/dist/commonjs/get-write-flag.js,1491,55302560e2fc123275d0b77549caa6be3a9098bbb2c3622c43c6901626c3ac6c
workspace_mirror/work/local_llm_runtime/node_modules/tar/dist/commonjs/get-write-flag.js.map,2303,88634e1c864feeb43804498f604ada4fc9036be10c7e9be34b29773d5e996bbc
workspace_mirror/work/local_llm_runtime/node_modules/tar/dist/commonjs/header.d.ts,1387,7886b348d616d41f2f90436331610abbda81426de6558f2aa3399846078ce5c8
workspace_mirror/work/local_llm_runtime/node_modules/tar/dist/commonjs/header.d.ts.map,1829,3543c2739ce56ce053d19f3f7e33fdab0e629d8a0bc6bfb0a515f08ddc16e898
workspace_mirror/work/local_llm_runtime/node_modules/tar/dist/commonjs/header.js,14094,2840b352ffdee3ed31cb30b87e51d9b96c6255ea484ced0fe2437ad46f49ad93
workspace_mirror/work/local_llm_runtime/node_modules/tar/dist/commonjs/header.js.map,26995,d9910b1b57994129dd8e3b7e991078c3beb1ead01c9fa6dde53335f78d3db42a
workspace_mirror/work/local_llm_runtime/node_modules/tar/dist/commonjs/index.d.ts,945,3d4067cbcf736efe67cba7bfe232841b45944da843304ca9ea12f5a316a18c5e
workspace_mirror/work/local_llm_runtime/node_modules/tar/dist/commonjs/index.d.ts.map,827,650132d0eacf9e822eb56f69124ae34674661a2bb7258165ee268f7947281b2e
workspace_mirror/work/local_llm_runtime/node_modules/tar/dist/commonjs/index.js,3137,b5c4c31f353da9fe11ed352a95c6c247946549fec4f1326e871a3cd32158f9bf
workspace_mirror/work/local_llm_runtime/node_modules/tar/dist/commonjs/index.js.map,1467,2e9e7eac927b895141073750e0e9731cefbeb00036988407712044fa97787067
workspace_mirror/work/local_llm_runtime/node_modules/tar/dist/commonjs/index.min.js,102753,b9464172723801f6ad013a1a819b5f31838753559d56c879202d7fb3c1326167
workspace_mirror/work/local_llm_runtime/node_modules/tar/dist/commonjs/index.min.js.map,406232,c36a6d83b75922eee9ac696a5c17f0a6c1bfae35144bff3d66a9db2243792e2e
workspace_mirror/work/local_llm_runtime/node_modules/tar/dist/commonjs/large-numbers.d.ts,180,6183b3694cff06b96b4b3fa925098a11a9dd283896de7b4f776ad808fcf3b13c
workspace_mirror/work/local_llm_runtime/node_modules/tar/dist/commonjs/large-numbers.d.ts.map,232,bea8957737608f35d8a11f2e2a41970205c4c804406c239c13607b05473c37d0
workspace_mirror/work/local_llm_runtime/node_modules/tar/dist/commonjs/large-numbers.js,2733,6de856e25f82701b0ab91e1d1e39efbffc4e73530abcf0a66caba0239b4c9472
workspace_mirror/work/local_llm_runtime/node_modules/tar/dist/commonjs/large-numbers.js.map,5915,bc3eb64d548eedb111590cd1fdc2370162f464d4fac215711c8afea5d6cbe50e
workspace_mirror/work/local_llm_runtime/node_modules/tar/dist/commonjs/list.d.ts,302,efa80f586a87dd1a96256b427e075ca773e4068dc6a1821fc11dacf232f0ed0a
workspace_mirror/work/local_llm_runtime/node_modules/tar/dist/commonjs/list.d.ts.map,302,d11056770ead0a18c88612ae2b236bdbed10c78920ef829628ef2fc235a11aaa
workspace_mirror/work/local_llm_runtime/node_modules/tar/dist/commonjs/list.js,5599,9e8c59276c643ceeba7ecf786045dc611150aa440fa98b16f457b9c5aa211093
workspace_mirror/work/local_llm_runtime/node_modules/tar/dist/commonjs/list.js.map,7857,7ae18bdb36c68c4f34f1848cc87115c07d03797eb69edf0a1934eb6f2e3cc435
workspace_mirror/work/local_llm_runtime/node_modules/tar/dist/commonjs/make-command.d.ts,4736,03f6fa1d19b466400465913ffd544117800c595289257e22975c6fefeb6361dc
workspace_mirror/work/local_llm_runtime/node_modules/tar/dist/commonjs/make-command.d.ts.map,4489,b5ae43b95cad996f151628172c28a8397f4a4c1e3d24de875b47d8f04a3e1354
workspace_mirror/work/local_llm_runtime/node_modules/tar/dist/commonjs/make-command.js,1862,c81990a4be4d005c5dcfc30ea1067c790c8eaefe7eb5869474022b28d1899438
workspace_mirror/work/local_llm_runtime/node_modules/tar/dist/commonjs/make-command.js.map,8694,5e067adfea01d9a1dbd3d392653bdbb19fe6c956187caa68cf9e6cf7952bb4cd
workspace_mirror/work/local_llm_runtime/node_modules/tar/dist/commonjs/mkdir.d.ts,952,96e1635948517d09d5bed46a7b299a2eb225e2ab3f7c3f1615c23373ad715a34
workspace_mirror/work/local_llm_runtime/node_modules/tar/dist/commonjs/mkdir.d.ts.map,773,4426f97713209b9cf30c304c98a86b8a0dce96f22a1b65697207055446f28964
workspace_mirror/work/local_llm_runtime/node_modules/tar/dist/commonjs/mkdir.js,6758,e1664d23922cf2db56a8ccd448ca6a576c3514a4b86e55df9587cc64820597bf
workspace_mirror/work/local_llm_runtime/node_modules/tar/dist/commonjs/mkdir.js.map,12891,9c7b88c1f53c6cc3f3d32e452806d02cae5a926782aa9448e60f88c6cd47a7a8
workspace_mirror/work/local_llm_runtime/node_modules/tar/dist/commonjs/mode-fix.d.ts,129,03ba4cf399c3529b4e63aa1d82256ad4431afbc2d20f600bf73e12151eef477d
workspace_mirror/work/local_llm_runtime/node_modules/tar/dist/commonjs/mode-fix.d.ts.map,190,d73aa8d9249bfe2e6d3efe0207959ce6eeafd0c3ad7fd91628d262f3506963e8
workspace_mirror/work/local_llm_runtime/node_modules/tar/dist/commonjs/mode-fix.js,876,1a52161925617f0e0798ddd0df4fb7dc2cc8da52b3b2c60fd7b8756506d5deae
workspace_mirror/work/local_llm_runtime/node_modules/tar/dist/commonjs/mode-fix.js.map,1409,f50012e7da8906e9bef7dbdd23163a36352a345f91f56e076285ce36d2f927cb
workspace_mirror/work/local_llm_runtime/node_modules/tar/dist/commonjs/normalize-unicode.d.ts,109,b77ef98db7744da40ce03a62e8da223488703a5b2220ef2928fb3010eb7ad06d
workspace_mirror/work/local_llm_runtime/node_modules/tar/dist/commonjs/normalize-unicode.d.ts.map,184,50db085bceab5617ca2c533bcb41910ccd40c880d12441afa227a1e218a2b759
workspace_mirror/work/local_llm_runtime/node_modules/tar/dist/commonjs/normalize-unicode.js,1159,012057324bfbac08b14ff36e29fa6d27fc3377c747efc5d43f7861ecb43131e2
workspace_mirror/work/local_llm_runtime/node_modules/tar/dist/commonjs/normalize-unicode.js.map,2041,739b71f19ed0b0039c57355a055157fd7ad13cb0fdcf08fe4b4cc48b97b70b99
workspace_mirror/work/local_llm_runtime/node_modules/tar/dist/commonjs/normalize-windows-path.d.ts,119,a6e8f1015a757e503a2b27db133d4cb8683f956b3c796df1c104be589313badb
workspace_mirror/work/local_llm_runtime/node_modules/tar/dist/commonjs/normalize-windows-path.d.ts.map,202,701ed466202edd4e5d2644d99ab2f162a56c96e4e1edc389fdf0ebf455761428
workspace_mirror/work/local_llm_runtime/node_modules/tar/dist/commonjs/normalize-windows-path.js,615,549d841aa9e43dbc1eae3ca716944b8f7ac9cdfca1638a4c9cb6370beeac97a4
workspace_mirror/work/local_llm_runtime/node_modules/tar/dist/commonjs/normalize-windows-path.js.map,1000,bcd4c600bc19599ae2c658498cdf599fc3170363cdb7d24caff2afb8c8738b81
workspace_mirror/work/local_llm_runtime/node_modules/tar/dist/commonjs/options.d.ts,23959,dee9fd6996d01c65df81c994ed226d4211e5267d76920ee0cb6fb31103cdc5d1
workspace_mirror/work/local_llm_runtime/node_modules/tar/dist/commonjs/options.d.ts.map,6289,46830aa5ec34a4cad60f236307b99f6352d75ced1b067e346b8d5f6ca986a872
workspace_mirror/work/local_llm_runtime/node_modules/tar/dist/commonjs/options.js,2117,0f17e6496cb4b75ec3a4bb25c8fe540cf08b810b1a21f86e27b62d349e9651e2
workspace_mirror/work/local_llm_runtime/node_modules/tar/dist/commonjs/options.js.map,27564,83f36032bcc21de56693bd21896db086fc7d35cdb2a7aa1af315ce8026fd70c6
workspace_mirror/work/local_llm_runtime/node_modules/tar/dist/commonjs/pack.d.ts,3776,d66ebf8b7769b025c4651e027cbfb3d5946d0fb3302b3180829973e610b83b7e
workspace_mirror/work/local_llm_runtime/node_modules/tar/dist/commonjs/pack.d.ts.map,3975,f3b9f6b0328e9b2fcd23f61db93bf97f59294d92c7702cc0218cf9bb790fe741
workspace_mirror/work/local_llm_runtime/node_modules/tar/dist/commonjs/pack.js,17624,2f68f54f8a61c33d26b353bf9311f961b614c85e52b4b0b0521b2a3fc314be6c
workspace_mirror/work/local_llm_runtime/node_modules/tar/dist/commonjs/pack.js.map,32552,29fb4824d5d43e0c9365c95fd869aea413b0f6ed7262f7b01b55faa99dbdbc08
workspace_mirror/work/local_llm_runtime/node_modules/tar/dist/commonjs/package.json,25,8005a3491db7d92f36ac66369861589f9c47123d3a7c71e643fc2c06168cd45a
workspace_mirror/work/local_llm_runtime/node_modules/tar/dist/commonjs/parse.d.ts,3723,b3ff86489487fd9feb1605308b8e9f0c06b20b8a74a22dff0698c583c47c2d3d
workspace_mirror/work/local_llm_runtime/node_modules/tar/dist/commonjs/parse.d.ts.map,3982,f19fa9b06a079fee0282372afe8ba8bfad1ff98158aa618f9fc5f18a5f8dbed1
workspace_mirror/work/local_llm_runtime/node_modules/tar/dist/commonjs/parse.js,24607,c90f3771fa6c839b81c1d24961786463a195dfb8a59a8f190da30d33e7e1f769
workspace_mirror/work/local_llm_runtime/node_modules/tar/dist/commonjs/parse.js.map,44943,21a21876484569acee8663dc6b58bf49685fce033d12e0ffccbb9402e24c9ab9
workspace_mirror/work/local_llm_runtime/node_modules/tar/dist/commonjs/path-reservations.d.ts,314,1f8ad4f93f6942d4a5ffcc242a869bbac079ca75036c45a821acd315b43b4e09
workspace_mirror/work/local_llm_runtime/node_modules/tar/dist/commonjs/path-reservations.d.ts.map,418,2f0e9af9f9f7aa9d57d9e109690e8ee80bf84bbdebf83ed0cbd7e4db7ae70068
workspace_mirror/work/local_llm_runtime/node_modules/tar/dist/commonjs/path-reservations.js,5699,06fe7819ab48dec1c884d0aaeba9ae75bc804e2b1b6cf1bd16436d48ab3af92b
workspace_mirror/work/local_llm_runtime/node_modules/tar/dist/commonjs/path-reservations.js.map,10798,eaadbee3b67adef7dcfb071325298bcd98ebc2e8508512453a1bed2522dff404
workspace_mirror/work/local_llm_runtime/node_modules/tar/dist/commonjs/pax.d.ts,684,60eba4c6cacfadb938bc3d0207db25e6894a52e538cfe86b5dc255c2f351f50d
workspace_mirror/work/local_llm_runtime/node_modules/tar/dist/commonjs/pax.d.ts.map,886,311f4fae4b9d45bc7e179d49902cffe648a89a1b802b8cab0c38a9d57ba827ec
workspace_mirror/work/local_llm_runtime/node_modules/tar/dist/commonjs/pax.js,5397,8b3fc3092056e28a0e137c4b7ddc230465d62d27df7e9d1665df3f3acbb7c0b2
workspace_mirror/work/local_llm_runtime/node_modules/tar/dist/commonjs/pax.js.map,10988,d216ac5042121bda60878626fd4059ec7b9758d65d3bef16f3642c736cbd8a72
workspace_mirror/work/local_llm_runtime/node_modules/tar/dist/commonjs/process-umask.d.ts,85,25e4dd01d0ece2422ca991b1c8ee23d7d561d498b29d2b7d9a8056de39d5eaed
workspace_mirror/work/local_llm_runtime/node_modules/tar/dist/commonjs/process-umask.d.ts.map,153,33656d7d9ac0a4645798f2ed6443901e1eb370cd0b26a16d277fcf60982b7e27
workspace_mirror/work/local_llm_runtime/node_modules/tar/dist/commonjs/process-umask.js,273,4d39e1ae623afaae403476b97495d2ee12d5d9aace509a88b8c92ba8fb9a7886
workspace_mirror/work/local_llm_runtime/node_modules/tar/dist/commonjs/process-umask.js.map,356,09d9d01e64ceef1d12a6ec3be9ecfa080734bfcea4057ffacd707b56ce195ee3
workspace_mirror/work/local_llm_runtime/node_modules/tar/dist/commonjs/read-entry.d.ts,915,55004d2802575818ae94ff61d0ae63106e9a0ae30cf3163df264bd49d165e3ca
workspace_mirror/work/local_llm_runtime/node_modules/tar/dist/commonjs/read-entry.d.ts.map,1194,003f9f1bec7f0186964fb960c74a79f4e0b1f47be05d1bd1b84701a875a88249
workspace_mirror/work/local_llm_runtime/node_modules/tar/dist/commonjs/read-entry.js,4394,3152ca6809643af42d413214fbb268736c5f60285941746a9b9d78086e666062
workspace_mirror/work/local_llm_runtime/node_modules/tar/dist/commonjs/read-entry.js.map,8103,ad058dcf7d6f539d0952c550abb7cd1927de2b90c9bf985f3d0cae5213bf14f5
workspace_mirror/work/local_llm_runtime/node_modules/tar/dist/commonjs/replace.d.ts,121,2591ca272b02dbaae75dbaa65f94e179f2ee315044ef2f70de15957f9982bc79
workspace_mirror/work/local_llm_runtime/node_modules/tar/dist/commonjs/replace.d.ts.map,144,23c450d1cf709ccabb4f69a1cc1b6fa1972983624db8db01e132cb0ac8a2d008
workspace_mirror/work/local_llm_runtime/node_modules/tar/dist/commonjs/replace.js,7737,4aaf077d176067a5ca2e1e79a9f9394fa3cbd1cf7f1d399c86ae0ef35ce29358
workspace_mirror/work/local_llm_runtime/node_modules/tar/dist/commonjs/replace.js.map,14807,a9476f0efe1473334706e2d0a97188e4d00fe7bf8f08e89e7b824ff101a48253
workspace_mirror/work/local_llm_runtime/node_modules/tar/dist/commonjs/strip-absolute-path.d.ts,125,014c3c80707c5b9db361a411127d80cf4a03e00979058ed2e4f8541de1c97273
workspace_mirror/work/local_llm_runtime/node_modules/tar/dist/commonjs/strip-absolute-path.d.ts.map,208,ff639fb127ae7f1c1bdb7005bed46b6c1f95d8c80e9754fdc4861e2e188592d2
workspace_mirror/work/local_llm_runtime/node_modules/tar/dist/commonjs/strip-absolute-path.js,1232,9b92e2de39dcddfc6ad4d4755ecf308013eace0bc5d0f71fdaebf6b56bdaa2aa
workspace_mirror/work/local_llm_runtime/node_modules/tar/dist/commonjs/strip-absolute-path.js.map,1934,f134c4db400d9bfacda903a49ab9478bb243d1c92a130e9e5509513b13df2e29
workspace_mirror/work/local_llm_runtime/node_modules/tar/dist/commonjs/strip-trailing-slashes.d.ts,120,7d237c7e02b4139928f0e6811a4131868b13161e8fa2d05d82f6bbbca461bca5
workspace_mirror/work/local_llm_runtime/node_modules/tar/dist/commonjs/strip-trailing-slashes.d.ts.map,188,3effbfbb9e274f2b23df22948041678e42143459dbd49002c42b2ce839b54d66
workspace_mirror/work/local_llm_runtime/node_modules/tar/dist/commonjs/strip-trailing-slashes.js,651,9fba838d409865ec9a63def2e6fa6bb8439689ab95e46df36e3ef38cdc52324b
workspace_mirror/work/local_llm_runtime/node_modules/tar/dist/commonjs/strip-trailing-slashes.js.map,1073,d4caa1fe894879d7e53e313582b70bf11b4a7c1500cba193bd0ade0eafe3c764
workspace_mirror/work/local_llm_runtime/node_modules/tar/dist/commonjs/symlink-error.d.ts,261,9d06ab7cc724589e9e921c5fa9d23bf8d3b89dbf401680b29bd72a4dfca8fb15
workspace_mirror/work/local_llm_runtime/node_modules/tar/dist/commonjs/symlink-error.d.ts.map,320,e9c7789f9ee3bb9836eb112c9a53abeccbeae388d5a858ea45eeba9002edaa00
workspace_mirror/work/local_llm_runtime/node_modules/tar/dist/commonjs/symlink-error.js,528,2d8e680987edb0a1a372391776e6514054f5575663823a5ef335c258d2b3eea1
workspace_mirror/work/local_llm_runtime/node_modules/tar/dist/commonjs/symlink-error.js.map,832,fc1fe499c8e4e4fa6663fb692bba4ffc34bc469f2e0f9802ff6cd19df1829262
workspace_mirror/work/local_llm_runtime/node_modules/tar/dist/commonjs/types.d.ts,1159,9c904c8a921ee9fdd962ca59d417f1be8f4ca7be36407dbf8e3bd50aeee66ca5
workspace_mirror/work/local_llm_runtime/node_modules/tar/dist/commonjs/types.d.ts.map,853,84abd267a7dca8c6d0c593cc3876859417fc65a5b665b8ec5a8cf07f7973c9c8
workspace_mirror/work/local_llm_runtime/node_modules/tar/dist/commonjs/types.js,1889,c07cef6564bcef1f93b7a18a3e22c97b57f18229e31a3f66d15127c43b182b5c
workspace_mirror/work/local_llm_runtime/node_modules/tar/dist/commonjs/types.js.map,4084,6c89a88280a8efa42a2740cebe8e712cc21321ce369e1e373e2227a5075cb929
workspace_mirror/work/local_llm_runtime/node_modules/tar/dist/commonjs/unpack.d.ts,4114,f693c6f25dce53fa25a798b1d5a159ebf05832e30f035517d6fc7055c3b6e306
workspace_mirror/work/local_llm_runtime/node_modules/tar/dist/commonjs/unpack.d.ts.map,4386,6c127098b7410a3c6150003bc3d443e94ee049c020ebacad2e0703c92953ff40
workspace_mirror/work/local_llm_runtime/node_modules/tar/dist/commonjs/unpack.js,36414,03515ed98f5df6ec0f23177b7016274f8cdc91b038d0dcd036f438a70e614eed
workspace_mirror/work/local_llm_runtime/node_modules/tar/dist/commonjs/unpack.js.map,64326,d326aeb3d24ce1b6426c1d6963bad591376758efaa5b0418297912ced30adbbf
workspace_mirror/work/local_llm_runtime/node_modules/tar/dist/commonjs/update.d.ts,119,dbbe9246a51b37902aa24e27418c7ad090100035e0ab8ab226cece2db704fb3e
workspace_mirror/work/local_llm_runtime/node_modules/tar/dist/commonjs/update.d.ts.map,140,a79c32f6a3b48ab5434625ee8bc83273e990d8a2bbfb45cbe26511455efe0e0d
workspace_mirror/work/local_llm_runtime/node_modules/tar/dist/commonjs/update.js,1229,9e01f728164cea547b955b6e78d4f544ae480a6a8ffeda8bfaf63b9dbbf07d12
workspace_mirror/work/local_llm_runtime/node_modules/tar/dist/commonjs/update.js.map,2260,e3da17e32fb4a64503a7107b8eb603e2e72bc182e6ca06175b98821a06781d14
workspace_mirror/work/local_llm_runtime/node_modules/tar/dist/commonjs/warn-method.d.ts,825,ee2fb2f486a39bc5f5425d140d7e599306fb94ddaa3f21dc639b4d55caa6902c
workspace_mirror/work/local_llm_runtime/node_modules/tar/dist/commonjs/warn-method.d.ts.map,1133,95ec328b9c9689d46a9081fbdccc230f4e7a071da0d7f4e4b89b23db27dcc1e0
workspace_mirror/work/local_llm_runtime/node_modules/tar/dist/commonjs/warn-method.js,927,eace06acccb8ab8a6372b3b7635da64e8dc7ff4577937a5d5714b61abf1c6589
workspace_mirror/work/local_llm_runtime/node_modules/tar/dist/commonjs/warn-method.js.map,2591,1426d4d8e592725f5a8a04bddb12c36d02b1b6cbd4329a61c5c7f3232ccbd8e1
workspace_mirror/work/local_llm_runtime/node_modules/tar/dist/commonjs/winchars.d.ts,142,e9522e56714f9135385d9ccf481f505e5d4654e937024e28868086b4c92eed10
workspace_mirror/work/local_llm_runtime/node_modules/tar/dist/commonjs/winchars.d.ts.map,205,2136b871cf1a98f1c3f8f5ea1360f037c361ae80c6d1f159412fbe27ecdb69da
workspace_mirror/work/local_llm_runtime/node_modules/tar/dist/commonjs/winchars.js,714,05a3e6a1dee09aa7ed7040cdf84be24c624bb935b751f4a7fc5760818e5697d3
workspace_mirror/work/local_llm_runtime/node_modules/tar/dist/commonjs/winchars.js.map,1694,62f65c5d4d1a5364190c7c59e29951c87788e348c4353b9b08ad25ab43040456
workspace_mirror/work/local_llm_runtime/node_modules/tar/dist/commonjs/write-entry.d.ts,4419,f6acca31f563c9db75e6de6c7ce45bd1f37643918f80aee08350df6e91b279e4
workspace_mirror/work/local_llm_runtime/node_modules/tar/dist/commonjs/write-entry.d.ts.map,4851,e6c3d6aafa5545fba216056d12f9ca054ac73dff04d2aceff0c6c72c56edda9a
workspace_mirror/work/local_llm_runtime/node_modules/tar/dist/commonjs/write-entry.js,25354,4c62f3a5b860d40be8f075b3e9ed9aea4c274f73af5ea5accfa9e04565139d37
workspace_mirror/work/local_llm_runtime/node_modules/tar/dist/commonjs/write-entry.js.map,48178,02d7dafc652e148c91bc24f8d64d729f531c0e62bb5d2f16696a4c832edd63a2
workspace_mirror/work/local_llm_runtime/node_modules/tar/dist/esm/create.d.ts,165,222c838dcf181020b16af6f6239380663843069ddfc3e6f29ea7890bad90fafe
workspace_mirror/work/local_llm_runtime/node_modules/tar/dist/esm/create.d.ts.map,192,2e4227f23a78de8cb59a543fd5d2f7278f9a83d556c20fe46bda1493b01b9f27
workspace_mirror/work/local_llm_runtime/node_modules/tar/dist/esm/create.js,2177,ede714930e3e35d67374b6b18d98669a11f5d98cbabd2684e01e33e773ff7226
workspace_mirror/work/local_llm_runtime/node_modules/tar/dist/esm/create.js.map,5401,1689909c745229c621249500ee7854da6a7e4c6338963d96f5aa497179411089
workspace_mirror/work/local_llm_runtime/node_modules/tar/dist/esm/cwd-error.d.ts,214,df844932c70c848cfd1aacfc1492cf5612e67b270fb94c03036f1a040088202e
workspace_mirror/work/local_llm_runtime/node_modules/tar/dist/esm/cwd-error.d.ts.map,283,038f16b25e9699e3ff785c43f7145e2e7b6add2ef42064cc81768c7f87229283
workspace_mirror/work/local_llm_runtime/node_modules/tar/dist/esm/cwd-error.js,310,34acd57feffcf46ad860d29f7ae94f89db149e3eea90ee7ca01c52be17fa5787
workspace_mirror/work/local_llm_runtime/node_modules/tar/dist/esm/cwd-error.js.map,728,935c972229ba99bb12f9d7c0a60d13911bcf318714c4fe0bd2513a59750526f7
workspace_mirror/work/local_llm_runtime/node_modules/tar/dist/esm/extract.d.ts,177,0f001fef552edcfb272c6a1e8a8e1d29a651230789a34bd6960025ef6233ae00
workspace_mirror/work/local_llm_runtime/node_modules/tar/dist/esm/extract.d.ts.map,194,b282be7770dbdf96e5f96af944a555553df99c3eaab82225d8ac394d01a6e1a7
workspace_mirror/work/local_llm_runtime/node_modules/tar/dist/esm/extract.js,1692,c2781e3e025fb52495812fbaba10a35a06f19a6cb55874373b1dd14d163446ed
workspace_mirror/work/local_llm_runtime/node_modules/tar/dist/esm/extract.js.map,3639,7e5e9b7b4ca80651132f171b4d9047fa287c808a876b4eab558b827340f0818e
workspace_mirror/work/local_llm_runtime/node_modules/tar/dist/esm/get-write-flag.d.ts,130,1c55c4d7c6c54a9d3c67a9ca18c640353c20ac2024fd43669173d10de91e30ef
workspace_mirror/work/local_llm_runtime/node_modules/tar/dist/esm/get-write-flag.d.ts.map,168,375e486568f2eaea115a29ce866c284adf8dbd74a60369c5af65936efba05d48
workspace_mirror/work/local_llm_runtime/node_modules/tar/dist/esm/get-write-flag.js,1205,24b3460458f841db9d1a47becf59940a112060f4208b049fa5cff350837e8e8d
workspace_mirror/work/local_llm_runtime/node_modules/tar/dist/esm/get-write-flag.js.map,2325,d4eee9bc13dfa25f37139f0b92616aad6c2a879b1e7230d534d72b03a274d948
workspace_mirror/work/local_llm_runtime/node_modules/tar/dist/esm/header.d.ts,1387,7886b348d616d41f2f90436331610abbda81426de6558f2aa3399846078ce5c8
workspace_mirror/work/local_llm_runtime/node_modules/tar/dist/esm/header.d.ts.map,1829,3543c2739ce56ce053d19f3f7e33fdab0e629d8a0bc6bfb0a515f08ddc16e898
workspace_mirror/work/local_llm_runtime/node_modules/tar/dist/esm/header.js,12552,8af8946db14f867fa1f1d7bb887554e31002721907b167d8bcfde5f38aaba3c7
workspace_mirror/work/local_llm_runtime/node_modules/tar/dist/esm/header.js.map,27031,f221b59b6b586557a50de427d0f606105d03a47a6307175c5c0e9a63fc7402e8
workspace_mirror/work/local_llm_runtime/node_modules/tar/dist/esm/index.d.ts,945,3d4067cbcf736efe67cba7bfe232841b45944da843304ca9ea12f5a316a18c5e
workspace_mirror/work/local_llm_runtime/node_modules/tar/dist/esm/index.d.ts.map,827,650132d0eacf9e822eb56f69124ae34674661a2bb7258165ee268f7947281b2e
workspace_mirror/work/local_llm_runtime/node_modules/tar/dist/esm/index.js,647,3f6eee754a43f2154124af1db2251ec0edd427367dd2a6edb1e4a3dc76efe3e2
workspace_mirror/work/local_llm_runtime/node_modules/tar/dist/esm/index.js.map,1631,0269b82f3a91d45f663fd500e4035210b5eb911e3ca905d11db318b6fb10da4f
workspace_mirror/work/local_llm_runtime/node_modules/tar/dist/esm/index.min.js,84473,1902a2a0b8cc2771f7e2aa0a855e9215a2d1023b1345fd504d28eb9c420c958c
workspace_mirror/work/local_llm_runtime/node_modules/tar/dist/esm/index.min.js.map,398953,78d570d37dc19a858f33eb8fea9b9f457d4d2438fab6c7a779eadf0bcbcae567
workspace_mirror/work/local_llm_runtime/node_modules/tar/dist/esm/large-numbers.d.ts,180,6183b3694cff06b96b4b3fa925098a11a9dd283896de7b4f776ad808fcf3b13c
workspace_mirror/work/local_llm_runtime/node_modules/tar/dist/esm/large-numbers.d.ts.map,232,bea8957737608f35d8a11f2e2a41970205c4c804406c239c13607b05473c37d0
workspace_mirror/work/local_llm_runtime/node_modules/tar/dist/esm/large-numbers.js,2581,b50ed568260de6ba28af885adf8bb8e8d68d459e18576941fb6cc6ffdc54fc83
workspace_mirror/work/local_llm_runtime/node_modules/tar/dist/esm/large-numbers.js.map,5888,d68ff4d3548db0aad8ccfd8bb2adc823dc298c0681cef48b2e9725afc138a4b6
workspace_mirror/work/local_llm_runtime/node_modules/tar/dist/esm/list.d.ts,302,efa80f586a87dd1a96256b427e075ca773e4068dc6a1821fc11dacf232f0ed0a
workspace_mirror/work/local_llm_runtime/node_modules/tar/dist/esm/list.d.ts.map,302,d11056770ead0a18c88612ae2b236bdbed10c78920ef829628ef2fc235a11aaa
workspace_mirror/work/local_llm_runtime/node_modules/tar/dist/esm/list.js,3607,386be389ed1d1765c37252013cfcaf8f1c06d2af5b9e9960492d555e8310382e
workspace_mirror/work/local_llm_runtime/node_modules/tar/dist/esm/list.js.map,7939,fff32b73ce88635720b1e7b384cf0689983b6d0942b472e9e438bf2eed37348a
workspace_mirror/work/local_llm_runtime/node_modules/tar/dist/esm/make-command.d.ts,4736,03f6fa1d19b466400465913ffd544117800c595289257e22975c6fefeb6361dc
workspace_mirror/work/local_llm_runtime/node_modules/tar/dist/esm/make-command.d.ts.map,4489,b5ae43b95cad996f151628172c28a8397f4a4c1e3d24de875b47d8f04a3e1354
workspace_mirror/work/local_llm_runtime/node_modules/tar/dist/esm/make-command.js,1686,87a0facf60b127ec94a07fe86d6e7115129057186598c9d07fe25c5519bbc9c7
workspace_mirror/work/local_llm_runtime/node_modules/tar/dist/esm/make-command.js.map,8717,1db46acbd21d2e0d2735b0ebb16dd8fa747321812a240dd857363897f3cb4cf3
workspace_mirror/work/local_llm_runtime/node_modules/tar/dist/esm/mkdir.d.ts,952,96e1635948517d09d5bed46a7b299a2eb225e2ab3f7c3f1615c23373ad715a34
workspace_mirror/work/local_llm_runtime/node_modules/tar/dist/esm/mkdir.d.ts.map,773,4426f97713209b9cf30c304c98a86b8a0dce96f22a1b65697207055446f28964
workspace_mirror/work/local_llm_runtime/node_modules/tar/dist/esm/mkdir.js,5695,2233ec5f5dfee8edd2e67190ce0d8dc87c5a6e16b6841bf38f077b4808432caa
workspace_mirror/work/local_llm_runtime/node_modules/tar/dist/esm/mkdir.js.map,12967,e12ece9ba264835b3444ba12c1e28a012d31bd3341a1f6b47db93e06fa74e2a6
workspace_mirror/work/local_llm_runtime/node_modules/tar/dist/esm/mode-fix.d.ts,129,03ba4cf399c3529b4e63aa1d82256ad4431afbc2d20f600bf73e12151eef477d
workspace_mirror/work/local_llm_runtime/node_modules/tar/dist/esm/mode-fix.d.ts.map,190,d73aa8d9249bfe2e6d3efe0207959ce6eeafd0c3ad7fd91628d262f3506963e8
workspace_mirror/work/local_llm_runtime/node_modules/tar/dist/esm/mode-fix.js,753,bb3e54bdf1b4c8a023ba2881baa3383c60100400cc5fa381f198bee00c969002
workspace_mirror/work/local_llm_runtime/node_modules/tar/dist/esm/mode-fix.js.map,1393,eea6eec1f1385e28f382dcfc5b72ea91862104f31ee286e1d132cccd7ff878ee
workspace_mirror/work/local_llm_runtime/node_modules/tar/dist/esm/normalize-unicode.d.ts,109,b77ef98db7744da40ce03a62e8da223488703a5b2220ef2928fb3010eb7ad06d
workspace_mirror/work/local_llm_runtime/node_modules/tar/dist/esm/normalize-unicode.d.ts.map,184,50db085bceab5617ca2c533bcb41910ccd40c880d12441afa227a1e218a2b759
workspace_mirror/work/local_llm_runtime/node_modules/tar/dist/esm/normalize-unicode.js,1009,ebdbddce1e999d86d7790e2e6d912e7688ecc64c2a229e93058336283f68e44f
workspace_mirror/work/local_llm_runtime/node_modules/tar/dist/esm/normalize-unicode.js.map,2022,18f7b37ffa03f49f1d9bab9c5b00cce33c038268bd09d64dd731ac86f166d12a
workspace_mirror/work/local_llm_runtime/node_modules/tar/dist/esm/normalize-windows-path.d.ts,119,a6e8f1015a757e503a2b27db133d4cb8683f956b3c796df1c104be589313badb
workspace_mirror/work/local_llm_runtime/node_modules/tar/dist/esm/normalize-windows-path.d.ts.map,202,701ed466202edd4e5d2644d99ab2f162a56c96e4e1edc389fdf0ebf455761428
workspace_mirror/work/local_llm_runtime/node_modules/tar/dist/esm/normalize-windows-path.js,504,5d0e4a5e9da9f04bce100205d19ba2a45ccf699d2ab5377d467f43a5a86d1453
workspace_mirror/work/local_llm_runtime/node_modules/tar/dist/esm/normalize-windows-path.js.map,1007,defbf7cb653ef3a290c852ebec6ec638b5a6812233e6f5d2c76ae5f78cff5d7a
workspace_mirror/work/local_llm_runtime/node_modules/tar/dist/esm/options.d.ts,23959,dee9fd6996d01c65df81c994ed226d4211e5267d76920ee0cb6fb31103cdc5d1
workspace_mirror/work/local_llm_runtime/node_modules/tar/dist/esm/options.d.ts.map,6289,46830aa5ec34a4cad60f236307b99f6352d75ced1b067e346b8d5f6ca986a872
workspace_mirror/work/local_llm_runtime/node_modules/tar/dist/esm/options.js,1639,f44b5a92c02fe6a9f751427c243e9221a33b1c224d0135a72594897b695971c2
workspace_mirror/work/local_llm_runtime/node_modules/tar/dist/esm/options.js.map,27450,e71a88d62ceeda43681806fba13335864ccb41d3305d4006754c65704c8dbcaf
workspace_mirror/work/local_llm_runtime/node_modules/tar/dist/esm/pack.d.ts,3776,d66ebf8b7769b025c4651e027cbfb3d5946d0fb3302b3180829973e610b83b7e
workspace_mirror/work/local_llm_runtime/node_modules/tar/dist/esm/pack.d.ts.map,3975,f3b9f6b0328e9b2fcd23f61db93bf97f59294d92c7702cc0218cf9bb790fe741
workspace_mirror/work/local_llm_runtime/node_modules/tar/dist/esm/pack.js,15622,fdab2a58e536e2541edc212c6faa67406d62fd0764585448b5b5f85495f4da3a
workspace_mirror/work/local_llm_runtime/node_modules/tar/dist/esm/pack.js.map,32694,6f8f485ef8228445b18e51c11a39d6f0ae94685c4c0493e390de0019dd94b410
workspace_mirror/work/local_llm_runtime/node_modules/tar/dist/esm/package.json,23,3ca9d4afd21425087cf31893b8f9f63c81b0b8408db5e343ca76e5f8aa26ab9a
workspace_mirror/work/local_llm_runtime/node_modules/tar/dist/esm/parse.d.ts,3723,b3ff86489487fd9feb1605308b8e9f0c06b20b8a74a22dff0698c583c47c2d3d
workspace_mirror/work/local_llm_runtime/node_modules/tar/dist/esm/parse.d.ts.map,3982,f19fa9b06a079fee0282372afe8ba8bfad1ff98158aa618f9fc5f18a5f8dbed1
workspace_mirror/work/local_llm_runtime/node_modules/tar/dist/esm/parse.js,24366,6528a15bef7787adca4920eacc3131263c3d4114448a60522923fdfe37a584f6
workspace_mirror/work/local_llm_runtime/node_modules/tar/dist/esm/parse.js.map,45123,e87f30710e4dac11069e7ca625b3979ff5499d015d9c46f2cedeb17a0e473a89
workspace_mirror/work/local_llm_runtime/node_modules/tar/dist/esm/path-reservations.d.ts,314,1f8ad4f93f6942d4a5ffcc242a869bbac079ca75036c45a821acd315b43b4e09
workspace_mirror/work/local_llm_runtime/node_modules/tar/dist/esm/path-reservations.d.ts.map,418,2f0e9af9f9f7aa9d57d9e109690e8ee80bf84bbdebf83ed0cbd7e4db7ae70068
workspace_mirror/work/local_llm_runtime/node_modules/tar/dist/esm/path-reservations.js,5431,40171e54eb27f9f0136e1a660257c7e2047d71ee04d8ba111f50892c30a5bf9d
workspace_mirror/work/local_llm_runtime/node_modules/tar/dist/esm/path-reservations.js.map,10857,3bf47280847b4de2bdfd0129459417223aa5ab3feac26b7d536f56f2006bee34
workspace_mirror/work/local_llm_runtime/node_modules/tar/dist/esm/pax.d.ts,684,60eba4c6cacfadb938bc3d0207db25e6894a52e538cfe86b5dc255c2f351f50d
workspace_mirror/work/local_llm_runtime/node_modules/tar/dist/esm/pax.d.ts.map,886,311f4fae4b9d45bc7e179d49902cffe648a89a1b802b8cab0c38a9d57ba827ec
workspace_mirror/work/local_llm_runtime/node_modules/tar/dist/esm/pax.js,5247,de39d126f4641b18ab3558921817a0a52ec0dfbfc429a2148a6dc9d53926b0c8
workspace_mirror/work/local_llm_runtime/node_modules/tar/dist/esm/pax.js.map,11026,8f77067e3ae4e833f2d6de6055a41a415c1eba7c7e06e6624dbf7b5703f29d82
workspace_mirror/work/local_llm_runtime/node_modules/tar/dist/esm/process-umask.d.ts,85,25e4dd01d0ece2422ca991b1c8ee23d7d561d498b29d2b7d9a8056de39d5eaed
workspace_mirror/work/local_llm_runtime/node_modules/tar/dist/esm/process-umask.d.ts.map,153,33656d7d9ac0a4645798f2ed6443901e1eb370cd0b26a16d277fcf60982b7e27
workspace_mirror/work/local_llm_runtime/node_modules/tar/dist/esm/process-umask.js,156,585ba6ff23a5943e563d260e34968ee6869a448b892a3c153e99ccb26ee160e5
workspace_mirror/work/local_llm_runtime/node_modules/tar/dist/esm/process-umask.js.map,341,fa5b1598cd444df27d42e8657dbc11a23810906d2faf4d82eefac6e18f6f99ad
workspace_mirror/work/local_llm_runtime/node_modules/tar/dist/esm/read-entry.d.ts,915,55004d2802575818ae94ff61d0ae63106e9a0ae30cf3163df264bd49d165e3ca
workspace_mirror/work/local_llm_runtime/node_modules/tar/dist/esm/read-entry.d.ts.map,1194,003f9f1bec7f0186964fb960c74a79f4e0b1f47be05d1bd1b84701a875a88249
workspace_mirror/work/local_llm_runtime/node_modules/tar/dist/esm/read-entry.js,4111,f6633626a5ea499bd83701aeab9b5f6b813f9ed0e4b26027bf49060ab6b59edd
workspace_mirror/work/local_llm_runtime/node_modules/tar/dist/esm/read-entry.js.map,8131,9b87b9614ad9eb168ba6dff6415cb60b1aebaccaffd08dff3c885767824d089f
workspace_mirror/work/local_llm_runtime/node_modules/tar/dist/esm/replace.d.ts,121,2591ca272b02dbaae75dbaa65f94e179f2ee315044ef2f70de15957f9982bc79
workspace_mirror/work/local_llm_runtime/node_modules/tar/dist/esm/replace.d.ts.map,144,23c450d1cf709ccabb4f69a1cc1b6fa1972983624db8db01e132cb0ac8a2d008
workspace_mirror/work/local_llm_runtime/node_modules/tar/dist/esm/replace.js,7066,4f005a92f6883e3841e7e60a563387ccb5744b61c96b0e43a6e80bf668b2b602
workspace_mirror/work/local_llm_runtime/node_modules/tar/dist/esm/replace.js.map,14997,44a7ac6c82dcf97dcd6328854f28ffd38d51269056fae94e897fe095675c0c7e
workspace_mirror/work/local_llm_runtime/node_modules/tar/dist/esm/strip-absolute-path.d.ts,125,014c3c80707c5b9db361a411127d80cf4a03e00979058ed2e4f8541de1c97273
workspace_mirror/work/local_llm_runtime/node_modules/tar/dist/esm/strip-absolute-path.d.ts.map,208,ff639fb127ae7f1c1bdb7005bed46b6c1f95d8c80e9754fdc4861e2e188592d2
workspace_mirror/work/local_llm_runtime/node_modules/tar/dist/esm/strip-absolute-path.js,1060,23d2cf99644ab42b4802391fe0a9315c1ffe55ae81cb3dcd1cbf63494a47db3e
workspace_mirror/work/local_llm_runtime/node_modules/tar/dist/esm/strip-absolute-path.js.map,1942,7c5a4c4c10c83552e22bd57828b785f6fd773dbd41c53a8fe433a9e7909cefdb
workspace_mirror/work/local_llm_runtime/node_modules/tar/dist/esm/strip-trailing-slashes.d.ts,120,7d237c7e02b4139928f0e6811a4131868b13161e8fa2d05d82f6bbbca461bca5
workspace_mirror/work/local_llm_runtime/node_modules/tar/dist/esm/strip-trailing-slashes.d.ts.map,188,3effbfbb9e274f2b23df22948041678e42143459dbd49002c42b2ce839b54d66
workspace_mirror/work/local_llm_runtime/node_modules/tar/dist/esm/strip-trailing-slashes.js,489,b834c1e75829a195ab94fb902d5c2d71e8b1dd899e83953be7873e756bdf0f3c
workspace_mirror/work/local_llm_runtime/node_modules/tar/dist/esm/strip-trailing-slashes.js.map,1056,36e2b8c1d3b1c8dd7c26b979d27729cda0f38beb602e7d41bf9c41a830e212bf
workspace_mirror/work/local_llm_runtime/node_modules/tar/dist/esm/symlink-error.d.ts,261,9d06ab7cc724589e9e921c5fa9d23bf8d3b89dbf401680b29bd72a4dfca8fb15
workspace_mirror/work/local_llm_runtime/node_modules/tar/dist/esm/symlink-error.d.ts.map,320,e9c7789f9ee3bb9836eb112c9a53abeccbeae388d5a858ea45eeba9002edaa00
workspace_mirror/work/local_llm_runtime/node_modules/tar/dist/esm/symlink-error.js,390,397c77c7391c0e4cda53bec71f860ac96806d0c70fbe3e743ae4848d0866b7f7
workspace_mirror/work/local_llm_runtime/node_modules/tar/dist/esm/symlink-error.js.map,823,d88e44245efe487848444f9845ce5023e45e31bdf3c97ba5bdf55fdc242e3dd9
workspace_mirror/work/local_llm_runtime/node_modules/tar/dist/esm/types.d.ts,1159,9c904c8a921ee9fdd962ca59d417f1be8f4ca7be36407dbf8e3bd50aeee66ca5
workspace_mirror/work/local_llm_runtime/node_modules/tar/dist/esm/types.d.ts.map,853,84abd267a7dca8c6d0c593cc3876859417fc65a5b665b8ec5a8cf07f7973c9c8
workspace_mirror/work/local_llm_runtime/node_modules/tar/dist/esm/types.js,1671,91a4d5ea812aae1440a53e32fee635aa8627da9d8d7b3df84fbd3d9b39f51320
workspace_mirror/work/local_llm_runtime/node_modules/tar/dist/esm/types.js.map,4090,d484da1d912ccc1a601367e7d2080bf6b7bb00a461191b82c04738d0482f7665
workspace_mirror/work/local_llm_runtime/node_modules/tar/dist/esm/unpack.d.ts,4114,f693c6f25dce53fa25a798b1d5a159ebf05832e30f035517d6fc7055c3b6e306
workspace_mirror/work/local_llm_runtime/node_modules/tar/dist/esm/unpack.d.ts.map,4386,6c127098b7410a3c6150003bc3d443e94ee049c020ebacad2e0703c92953ff40
workspace_mirror/work/local_llm_runtime/node_modules/tar/dist/esm/unpack.js,33094,d95795464b13cfa4b5a9da8497d189ca946749951b73b22f4d017c4eace7dfbe
workspace_mirror/work/local_llm_runtime/node_modules/tar/dist/esm/unpack.js.map,64483,8c35fea1140d117b96f8d77fe8bae46c853f970133259010c9e8e8aae33fe218
workspace_mirror/work/local_llm_runtime/node_modules/tar/dist/esm/update.d.ts,119,dbbe9246a51b37902aa24e27418c7ad090100035e0ab8ab226cece2db704fb3e
workspace_mirror/work/local_llm_runtime/node_modules/tar/dist/esm/update.d.ts.map,140,a79c32f6a3b48ab5434625ee8bc83273e990d8a2bbfb45cbe26511455efe0e0d
workspace_mirror/work/local_llm_runtime/node_modules/tar/dist/esm/update.js,1006,e7379bb9d34d223208ba2f6540d007b4820c761adb13dfe317cdca34a10caecd
workspace_mirror/work/local_llm_runtime/node_modules/tar/dist/esm/update.js.map,2324,01ec7971ced0646ecb58f6575f7e474a6470048cd77640e634fa92c07c86875c
workspace_mirror/work/local_llm_runtime/node_modules/tar/dist/esm/warn-method.d.ts,825,ee2fb2f486a39bc5f5425d140d7e599306fb94ddaa3f21dc639b4d55caa6902c
workspace_mirror/work/local_llm_runtime/node_modules/tar/dist/esm/warn-method.d.ts.map,1133,95ec328b9c9689d46a9081fbdccc230f4e7a071da0d7f4e4b89b23db27dcc1e0
workspace_mirror/work/local_llm_runtime/node_modules/tar/dist/esm/warn-method.js,795,c3246912795352d8610dc66a94bc2802b56bd90c0638a089c053ffa9eede0b56
workspace_mirror/work/local_llm_runtime/node_modules/tar/dist/esm/warn-method.js.map,2575,af59cc4d16b81ed9ce0e48e096ddd77935ab4fcdc519c0f7cee313c8dcd27ac8
workspace_mirror/work/local_llm_runtime/node_modules/tar/dist/esm/winchars.d.ts,142,e9522e56714f9135385d9ccf481f505e5d4654e937024e28868086b4c92eed10
workspace_mirror/work/local_llm_runtime/node_modules/tar/dist/esm/winchars.d.ts.map,205,2136b871cf1a98f1c3f8f5ea1360f037c361ae80c6d1f159412fbe27ecdb69da
workspace_mirror/work/local_llm_runtime/node_modules/tar/dist/esm/winchars.js,559,424214f5fd77dc70ecd64bf0c1c9b5480e0a9bfb0ed20abe0f62640182de384f
workspace_mirror/work/local_llm_runtime/node_modules/tar/dist/esm/winchars.js.map,1667,8a6f558c311fdeb6d27c1877ff52dda913212add11e3484b2dd7089f67cfdd7f
workspace_mirror/work/local_llm_runtime/node_modules/tar/dist/esm/write-entry.d.ts,4419,f6acca31f563c9db75e6de6c7ce45bd1f37643918f80aee08350df6e91b279e4
workspace_mirror/work/local_llm_runtime/node_modules/tar/dist/esm/write-entry.d.ts.map,4851,e6c3d6aafa5545fba216056d12f9ca054ac73dff04d2aceff0c6c72c56edda9a
workspace_mirror/work/local_llm_runtime/node_modules/tar/dist/esm/write-entry.js,22763,97e5699a8ac9afdf58d1863622397acb444c424675a4b2c63d586f5afe844315
workspace_mirror/work/local_llm_runtime/node_modules/tar/dist/esm/write-entry.js.map,48336,e68426b0ab09e3ac027dee0dbac0e25c9aee1b094a86c266b5579fe79d0726f5
workspace_mirror/work/local_llm_runtime/node_modules/tar/package.json,7839,31b18f4fb83ba7183f54fa9e2cdca610897108c37ba80570c2c6fa7ccf112d97
workspace_mirror/work/local_llm_runtime/node_modules/universalify/LICENSE,1100,3fda5977c0904e226190b4e21d64340c1731e2142d6fe5f3dee0090a216b8b63
workspace_mirror/work/local_llm_runtime/node_modules/universalify/README.md,2012,7419741d5da2717421309a02ca4fa565e2026508bf24338a53bfe5d4a1b340d7
workspace_mirror/work/local_llm_runtime/node_modules/universalify/index.js,706,83b02adb3872f6c482db4e57c300fa39b5cad65e317fc2f70b9de7d305c035a1
workspace_mirror/work/local_llm_runtime/node_modules/universalify/package.json,857,10e53f10939bb8a4a73af6e06829b670bbf9da66a36edcc644441852806b87ee
workspace_mirror/work/local_llm_runtime/node_modules/url-join/.travis.yml,55,68c1f29154e87106abaeb058f134e84cb2fe974f335e262acb8b831feb99b2d7
workspace_mirror/work/local_llm_runtime/node_modules/url-join/CHANGELOG.md,6279,2ad9471cc1acfe8331a96d15060707d970bfb22d60738ff38731925393312ebf
workspace_mirror/work/local_llm_runtime/node_modules/url-join/LICENSE,1076,08e017f066892c56857a93c2168b37222091ad080ca9384972fd5040daf174f4
workspace_mirror/work/local_llm_runtime/node_modules/url-join/README.md,745,d7cd97d6ae2b5974f3a7760279078ace9f9ceae72644082c9da2eaa25e7a2df8
workspace_mirror/work/local_llm_runtime/node_modules/url-join/bin/changelog,1419,0ed2a127d2a1c1c4130c6132eb69045b60b791be7ff1785a1f0f17d134a576b7
workspace_mirror/work/local_llm_runtime/node_modules/url-join/lib/url-join.js,2437,64c8a439220f69faecb6be4360b19357973f3551b8d5277435d0dd9705f19eda
workspace_mirror/work/local_llm_runtime/node_modules/url-join/package.json,554,6f3ffd4eb86e8810cac470a1fcdd625b5d786d27bf6de6acbbb09ca86e2fe0d1
workspace_mirror/work/local_llm_runtime/node_modules/url-join/test/tests.js,5745,bfdaf3e5bfe3c0062375bbabe5c5ab2a6d7ec887ccc0299ac5be582d2157f8e6
workspace_mirror/work/local_llm_runtime/node_modules/validate-npm-package-name/LICENSE,728,f3e1645267f7dd77ee6545283cc1766e5883e8fb3b5088fe2cfb995defbb3dde
workspace_mirror/work/local_llm_runtime/node_modules/validate-npm-package-name/README.md,2933,0d5c798361c472f33283ae8ec2a0c2641410769a00f5448579832b29424761d7
workspace_mirror/work/local_llm_runtime/node_modules/validate-npm-package-name/lib/builtin-modules.json,883,748abff83531219c79f949608c39dbc2078fa7a6f48672af0a68835db8e5ff60
workspace_mirror/work/local_llm_runtime/node_modules/validate-npm-package-name/lib/index.js,2778,192644713adf00fa530905f1bd598b14c83644b4e4819a809e472cf6c6eb12f3
workspace_mirror/work/local_llm_runtime/node_modules/validate-npm-package-name/package.json,1924,f99a0874b70ee91c258e0dd49278db7bea941e97a95e36437e02a5588fe953af
workspace_mirror/work/local_llm_runtime/node_modules/which/LICENSE,765,4ec3d4c66cd87f5c8d8ad911b10f99bf27cb00cdfcff82621956e379186b016b
workspace_mirror/work/local_llm_runtime/node_modules/which/README.md,1378,6fb4ed7dceebccb0e0ec1cf2ac83e1025d5cf9bb0b918bc65ff98c11b8f02777
workspace_mirror/work/local_llm_runtime/node_modules/which/bin/which.js,960,7c37493fcac8af6526f51f4d83606a733ca7ca3c7b943d1e9239bb30346b019d
workspace_mirror/work/local_llm_runtime/node_modules/which/lib/index.js,3129,d9d32d45a01826692a1a0c70d40c6182aa0405713166ecd4a3bd3df68d3b90bf
workspace_mirror/work/local_llm_runtime/node_modules/which/package.json,1245,a587811d0c730bfc8be6a78adc62c8ca4d55f80a253c88d5d827fd5b3e97703d
workspace_mirror/work/local_llm_runtime/node_modules/wrap-ansi/index.js,5772,a958f56f7d15e97092bcb7cad7acc180245f212bc5ef12c6565d4679dc7fd383
workspace_mirror/work/local_llm_runtime/node_modules/wrap-ansi/license,1117,5c932d88256b4ab958f64a856fa48e8bd1f55bc1d96b8149c65689e0c61789d3
workspace_mirror/work/local_llm_runtime/node_modules/wrap-ansi/node_modules/ansi-regex/index.d.ts,744,a902326b04490db2b99a85e58e0acb14a437ca7e2231e9adfb2fa91acdcc365c
workspace_mirror/work/local_llm_runtime/node_modules/wrap-ansi/node_modules/ansi-regex/index.js,350,c92312790eb1f246b7c4c1fe9c1247b15441bbca3c6cb64d167beefc45302753
workspace_mirror/work/local_llm_runtime/node_modules/wrap-ansi/node_modules/ansi-regex/license,1109,48da2f39e100d4085767e94966b43f4fa95ff6a0698fba57ed460914e35f94a0
workspace_mirror/work/local_llm_runtime/node_modules/wrap-ansi/node_modules/ansi-regex/package.json,841,8b2dc166f2b74d5098bad38bdd3dd2f4d4775c626199872f5e36dbb48c40931d
workspace_mirror/work/local_llm_runtime/node_modules/wrap-ansi/node_modules/ansi-regex/readme.md,2565,3ebc0f845b1bab50600f823716040fbec355d3c356a3a76b8eb9eb593b6c7a3a
workspace_mirror/work/local_llm_runtime/node_modules/wrap-ansi/node_modules/ansi-styles/index.d.ts,6349,6b5a49a699ffbccce553dead6c39d3b10a896f78869ef5507d30dfcdbf6f0977
workspace_mirror/work/local_llm_runtime/node_modules/wrap-ansi/node_modules/ansi-styles/index.js,4139,d3f197d370760ddd8753c1355b4bdb585a787f1baa92bb8ed217f170c138b594
workspace_mirror/work/local_llm_runtime/node_modules/wrap-ansi/node_modules/ansi-styles/license,1109,48da2f39e100d4085767e94966b43f4fa95ff6a0698fba57ed460914e35f94a0
workspace_mirror/work/local_llm_runtime/node_modules/wrap-ansi/node_modules/ansi-styles/package.json,1054,d405f010681d53f77691015e98461f8484b2afe6a9edfdd2ddb27b1e8a8e883d
workspace_mirror/work/local_llm_runtime/node_modules/wrap-ansi/node_modules/ansi-styles/readme.md,4327,5331953ca5464ee026f09bd413dfe0949049ce9a8bf2b01aad5c41b2712e66ac
workspace_mirror/work/local_llm_runtime/node_modules/wrap-ansi/node_modules/is-fullwidth-code-point/index.d.ts,549,9a3e6bdffd8335b7d29c1d578ef7411703c57d07aff959bda92b27110f868532
workspace_mirror/work/local_llm_runtime/node_modules/wrap-ansi/node_modules/is-fullwidth-code-point/index.js,1756,7db24c9c5d58273ba32eee1bec3dfebd393fdeddd0b5879ef01dc595476e6979
workspace_mirror/work/local_llm_runtime/node_modules/wrap-ansi/node_modules/is-fullwidth-code-point/license,1109,48da2f39e100d4085767e94966b43f4fa95ff6a0698fba57ed460914e35f94a0
workspace_mirror/work/local_llm_runtime/node_modules/wrap-ansi/node_modules/is-fullwidth-code-point/package.json,737,5b48496ca129073ed44a677b777ea3b91366c8bc228bc75fe858749a78ac1a32
workspace_mirror/work/local_llm_runtime/node_modules/wrap-ansi/node_modules/is-fullwidth-code-point/readme.md,843,17df4cd59773b379650f1d15fb4e4333a1c7ff9e391a91b99961f65eed39384a
workspace_mirror/work/local_llm_runtime/node_modules/wrap-ansi/node_modules/string-width/index.d.ts,792,08f234e8871dacf59e1f194fd83c11d002d8d4d488f7be138900755e3e637a24
workspace_mirror/work/local_llm_runtime/node_modules/wrap-ansi/node_modules/string-width/index.js,923,ed69ea4f757130e46dc48a0cc31beb6257e61a31c70936d82b8a3f02ffd64df5
workspace_mirror/work/local_llm_runtime/node_modules/wrap-ansi/node_modules/string-width/license,1109,48da2f39e100d4085767e94966b43f4fa95ff6a0698fba57ed460914e35f94a0
workspace_mirror/work/local_llm_runtime/node_modules/wrap-ansi/node_modules/string-width/package.json,941,6457a02418f004fe5d3fbbb19c7cbcc1450a8b887ff9a471dc6985ac83a48d36
workspace_mirror/work/local_llm_runtime/node_modules/wrap-ansi/node_modules/string-width/readme.md,1396,cd4aaf53cc7df4210595512d1fdfcd78b671da703a7e695673fcecc167ec66a3
workspace_mirror/work/local_llm_runtime/node_modules/wrap-ansi/node_modules/strip-ansi/index.d.ts,369,4b0f7f88fc46a672cb59eeb2782af271c203600d602f57a717ef07f96092caf8
workspace_mirror/work/local_llm_runtime/node_modules/wrap-ansi/node_modules/strip-ansi/index.js,154,bf37cd692bf030c2ec270945bc26aa8b19ad379fa5916f12304758f709ab0978
workspace_mirror/work/local_llm_runtime/node_modules/wrap-ansi/node_modules/strip-ansi/license,1109,48da2f39e100d4085767e94966b43f4fa95ff6a0698fba57ed460914e35f94a0
workspace_mirror/work/local_llm_runtime/node_modules/wrap-ansi/node_modules/strip-ansi/package.json,798,0130850b9da0584f54cc20d3dab6365c807e9436ac78e016d5009efa99bd0530
workspace_mirror/work/local_llm_runtime/node_modules/wrap-ansi/node_modules/strip-ansi/readme.md,1599,cb384db30337ecec75919b4c69aab67358b4f4e384406956687894b6d777413b
workspace_mirror/work/local_llm_runtime/node_modules/wrap-ansi/package.json,1014,0b0cf0bf62bd0cc71da2128e3269e63edd566feffdd501aa3692acd6db93c3c9
workspace_mirror/work/local_llm_runtime/node_modules/wrap-ansi/readme.md,2745,c51ea359cdb90d1bf80558cc49ac41f8ded7a4a22c8eded3eb86bca4ccf7e4b4
workspace_mirror/work/local_llm_runtime/node_modules/y18n/CHANGELOG.md,3911,2883e0d19ac949cac817cf44cef03df5c00372daeab5f9ad61c1d33c9f975f7a
workspace_mirror/work/local_llm_runtime/node_modules/y18n/LICENSE,731,2034cce3b6fafcddd642c4175e01d3ddfc332a53b9f20fdc46b1466dc89ac469
workspace_mirror/work/local_llm_runtime/node_modules/y18n/README.md,3215,c647f48e8a11be41ac41553a16c281c7b3a06fb252db03968fd6e652df50baf2
workspace_mirror/work/local_llm_runtime/node_modules/y18n/build/index.cjs,6783,6270f7d3129bc8891340b0f8405e252b7f8073bc5c912aa70377a5f292f21568
workspace_mirror/work/local_llm_runtime/node_modules/y18n/build/lib/cjs.js,192,f3266c84526f3110236d58ee82660b39001142b59920f694bac0485dcf87de60
workspace_mirror/work/local_llm_runtime/node_modules/y18n/build/lib/index.js,6268,6d1e9719542e35baa034477f26f2482d35bbffe6a67e154cfe37b324dc440ab7
workspace_mirror/work/local_llm_runtime/node_modules/y18n/build/lib/platform-shims/node.js,377,4c41efa5eda535e00b6b68446fe808445abb0165499a14a60608bc719fc600b3
workspace_mirror/work/local_llm_runtime/node_modules/y18n/index.mjs,183,b3c6619e21959dd2c211f91be91294ace2238094b7f04d87f6f4ef417f660287
workspace_mirror/work/local_llm_runtime/node_modules/y18n/package.json,1775,f65855d14daaf57947e398e132caa246f93bbf045ff3f8f9627114714729ad29
workspace_mirror/work/local_llm_runtime/node_modules/yallist/LICENSE.md,1764,a49c9ba464796f65b59fca3f1e6ca40912df1e859f575383223f7ec6c5baae09
workspace_mirror/work/local_llm_runtime/node_modules/yallist/README.md,4528,6c65b8751f634565491381192cf5a4f05cf4b26fb955b79eb5988fa8bbe3cb13
workspace_mirror/work/local_llm_runtime/node_modules/yallist/dist/commonjs/index.d.ts,1737,f484fb7cbc384bc305e27cecb0f7524bcfbebcba1dcd889779fd8d2bb700c2f5
workspace_mirror/work/local_llm_runtime/node_modules/yallist/dist/commonjs/index.d.ts.map,2413,506be25bd091b4ab8435714e0d8870af5672a6909cccb5548e1d158c92df2ef7
workspace_mirror/work/local_llm_runtime/node_modules/yallist/dist/commonjs/index.js,9914,ba0199785e5dd531ee9fe5b8a8f9903f85d3787de85e9c8ba358ea38fb367e44
workspace_mirror/work/local_llm_runtime/node_modules/yallist/dist/commonjs/index.js.map,22191,4640c75687e44e7d9dc5f36f54e6459926078a2b96be97da4e0c5153bd922ca7
workspace_mirror/work/local_llm_runtime/node_modules/yallist/dist/commonjs/package.json,25,8005a3491db7d92f36ac66369861589f9c47123d3a7c71e643fc2c06168cd45a
workspace_mirror/work/local_llm_runtime/node_modules/yallist/dist/esm/index.d.ts,1737,f484fb7cbc384bc305e27cecb0f7524bcfbebcba1dcd889779fd8d2bb700c2f5
workspace_mirror/work/local_llm_runtime/node_modules/yallist/dist/esm/index.d.ts.map,2413,506be25bd091b4ab8435714e0d8870af5672a6909cccb5548e1d158c92df2ef7
workspace_mirror/work/local_llm_runtime/node_modules/yallist/dist/esm/index.js,9762,ddc4c2d4f599190677c553dfa9e4db28338283645508cb3db35aa2c6282b7af7
workspace_mirror/work/local_llm_runtime/node_modules/yallist/dist/esm/index.js.map,22172,a1ec8e1ed48b54deca7a08f454107352817b41b1e11ca5008ae63b62d2546d7a
workspace_mirror/work/local_llm_runtime/node_modules/yallist/dist/esm/package.json,23,3ca9d4afd21425087cf31893b8f9f63c81b0b8408db5e343ca76e5f8aa26ab9a
workspace_mirror/work/local_llm_runtime/node_modules/yallist/package.json,1618,1b9d47057ce39814531ff93f668823b4fa03e7d23945449c274a1ff6d4cc297f
workspace_mirror/work/local_llm_runtime/node_modules/yargs/CHANGELOG.md,25158,93dcdb5609ab8d4d052389fd74e9521e387f616fb20d8d3214fad5307b24bf1b
workspace_mirror/work/local_llm_runtime/node_modules/yargs/LICENSE,1146,2f1a503bfab84b3ba7393627308b3274501e459e3b5185bbb56bbf16cb1602d4
workspace_mirror/work/local_llm_runtime/node_modules/yargs/README.md,5974,54d7c7461d14a0800b2e88f8ae47b081e451204a2257237d08f291c5a1479bb4
workspace_mirror/work/local_llm_runtime/node_modules/yargs/browser.mjs,232,a0528d3010ec7ee527a41f288403bc769ff0df6e5002785be086f20903762981
workspace_mirror/work/local_llm_runtime/node_modules/yargs/build/index.cjs,61906,f1615fa3e03a5175b356a50c37ede07b40fa5a4baef9021631419e70630b5abd
workspace_mirror/work/local_llm_runtime/node_modules/yargs/build/lib/argsert.js,2477,eb085555452eac3ff300935994a42f35d16e04cf698cb775cb5ad4f5653c0627
workspace_mirror/work/local_llm_runtime/node_modules/yargs/build/lib/command.js,19368,6249ffd299e16a1e531ccff13a23aed7b7eef37e20b6e6ab7f254413aece6ca6
workspace_mirror/work/local_llm_runtime/node_modules/yargs/build/lib/completion-templates.js,1452,d9bbed244af4394b786f8abce9efbbdc3777a73458ebd7b6bf23b2495ac11027
workspace_mirror/work/local_llm_runtime/node_modules/yargs/build/lib/completion.js,10495,62e41220b5baa7c082f72638c7eab23a69fff46a78011f2c448e2a2f1fcfd05a
workspace_mirror/work/local_llm_runtime/node_modules/yargs/build/lib/middleware.js,3221,6ab9c953a83264739aa50d7fa6b1ab693500336dfd593b9958865e12beb8bdeb
workspace_mirror/work/local_llm_runtime/node_modules/yargs/build/lib/parse-command.js,1060,327242c0afae207b7aefa13133439e3b321d7db4229febc5b7bd5285770ac7f7
workspace_mirror/work/local_llm_runtime/node_modules/yargs/build/lib/typings/common-types.js,308,9618b81a86acb88a61fd9988e9bc3ec21c5250d94fc2231ba7d898e71500789d
workspace_mirror/work/local_llm_runtime/node_modules/yargs/build/lib/typings/yargs-parser-types.js,11,8e609bb71c20b858c77f0e9f90bb1319db8477b13f9f965f1a1e18524bf50881
workspace_mirror/work/local_llm_runtime/node_modules/yargs/build/lib/usage.js,21402,31faaa7aa61e5a57a2cac5a269b773aa8b1fcab2db7cac2f8252396f3ccc2f5e
workspace_mirror/work/local_llm_runtime/node_modules/yargs/build/lib/utils/apply-extends.js,2049,64640dce92669705abead3bdbe2c46c8318c8623843a55e4726fb3c55ff9dd1d
workspace_mirror/work/local_llm_runtime/node_modules/yargs/build/lib/utils/is-promise.js,155,be45baa3090c5106dd4e442cceef6b357a268783a2ee28ec10fe131a8cd8db72
workspace_mirror/work/local_llm_runtime/node_modules/yargs/build/lib/utils/levenshtein.js,1031,d8638efc3376b5f794b1c8df6ef4f3d484b29d919127c7fdc242400e3cfded91
workspace_mirror/work/local_llm_runtime/node_modules/yargs/build/lib/utils/maybe-async-result.js,496,31cf4026279e14c87d16faa14ac758f35c8cc5795d29393c5ce07120f5a3caf6
workspace_mirror/work/local_llm_runtime/node_modules/yargs/build/lib/utils/obj-filter.js,299,5523fb2288d1e86ed48c460e176770b49587554df4ae2405b468c093786b040b
workspace_mirror/work/local_llm_runtime/node_modules/yargs/build/lib/utils/process-argv.js,436,f429237ebe955987db568c36acf32507127c15341b00a603a26becb797068df1
workspace_mirror/work/local_llm_runtime/node_modules/yargs/build/lib/utils/set-blocking.js,386,6fa8ffc3299f456e42902736bae35fbc1f2dc96b3905a02ba9629f5bd9f80af1
workspace_mirror/work/local_llm_runtime/node_modules/yargs/build/lib/utils/which-module.js,321,9267633b2c9f8990b2c699101b641e59ae59932e0dee5270613c0508bfa13c5d
workspace_mirror/work/local_llm_runtime/node_modules/yargs/build/lib/validation.js,12653,af040834cb9201d4238bbeb8f673eb2ebaff9611857270524a7c86dfcf2ca51b
workspace_mirror/work/local_llm_runtime/node_modules/yargs/build/lib/yargs-factory.js,77635,05326932b431801d7459d5b14b21f73f13ebd74a8a74e9b7b8cec5f99ba14819
workspace_mirror/work/local_llm_runtime/node_modules/yargs/build/lib/yerror.js,234,9729aaa8bce1a0d00c57f470efb2ad76ad2988661bb48f3769e496a3435b4462
workspace_mirror/work/local_llm_runtime/node_modules/yargs/helpers/helpers.mjs,384,56d75619d9959cabdd0b79e97bcfe7476369321f8ddfd723862bdae9ffeddc27
workspace_mirror/work/local_llm_runtime/node_modules/yargs/helpers/index.js,291,073fc8dc10f93c3cb6563d7aa1c3512903c88107de9abe9408e15189e8f84ae0
workspace_mirror/work/local_llm_runtime/node_modules/yargs/helpers/package.json,25,8005a3491db7d92f36ac66369861589f9c47123d3a7c71e643fc2c06168cd45a
workspace_mirror/work/local_llm_runtime/node_modules/yargs/index.cjs,1455,473da31d026034993f1a1a7a930513872c500c037306a20f1b98cb03d9d38fd1
workspace_mirror/work/local_llm_runtime/node_modules/yargs/index.mjs,231,fd2aefd1b3f63590505375fd2ff6409a86d95529690d9ff1515adefca686311b
workspace_mirror/work/local_llm_runtime/node_modules/yargs/lib/platform-shims/browser.mjs,2301,0753be85c76b299420a7bd5bc9b925c6c7ed1fb15e872e2f547819490dfca697
workspace_mirror/work/local_llm_runtime/node_modules/yargs/lib/platform-shims/esm.mjs,1876,0bf6133c39fff113943fd0bc1bb06492c05babb8b754ef85b5567d6591719302
workspace_mirror/work/local_llm_runtime/node_modules/yargs/locales/be.json,2602,134235e6c034c2ff51eeef9f00032cd47cbd4f836744fae0821143207c857edf
workspace_mirror/work/local_llm_runtime/node_modules/yargs/locales/cs.json,2024,2d24eff79017a67adb53960407de4598750abdabc65d50c3e7c1ef76b9022dbc
workspace_mirror/work/local_llm_runtime/node_modules/yargs/locales/de.json,1805,dd49fd237f42a5c3da5140730ff81dbfa543bd8eb9a529331b876e00d46902e1
workspace_mirror/work/local_llm_runtime/node_modules/yargs/locales/en.json,2019,c393afceaa956142d614ba1cf504813faa03afdbe583d24bf843b2b77dd5f40a
workspace_mirror/work/local_llm_runtime/node_modules/yargs/locales/es.json,1885,5e9eab1fbfdde64463e1cae36fbbafe035d0a80fbfe13ec99557d38e5ac9e020
workspace_mirror/work/local_llm_runtime/node_modules/yargs/locales/fi.json,2113,9708614b65a8afe075e0d9724f4121017258ffd339986a033e69c53f96e5e94c
workspace_mirror/work/local_llm_runtime/node_modules/yargs/locales/fr.json,2117,12fcfb7c6d0f59c378db746bbf018a1fc3b662b9a4fcc7caa6a037e0f5c375f0
workspace_mirror/work/local_llm_runtime/node_modules/yargs/locales/hi.json,3074,66aed85c3d7e2b6564e401c32d12d406983b69f5b965f01aab1b7cbb1c3ba2cf
workspace_mirror/work/local_llm_runtime/node_modules/yargs/locales/hu.json,1883,5149e6aaec4cd1facd504efbae03a5cc2d5f6d24cd6c6418c818740b8abd72a2
workspace_mirror/work/local_llm_runtime/node_modules/yargs/locales/id.json,1821,3745df73a41c026c2ef8fff048c56afd4e1e362deacc43c04be260fb0d3df93c
workspace_mirror/work/local_llm_runtime/node_modules/yargs/locales/it.json,1855,2eed3f6e2f402a7a5c1049ef323d6670e427e9905233ce66b38fbfa8cef282f2
workspace_mirror/work/local_llm_runtime/node_modules/yargs/locales/ja.json,2411,b63a4a4d7b7dfbbcd25a5359197171a783c824e7d408c3b2ccc2e360810e3a15
workspace_mirror/work/local_llm_runtime/node_modules/yargs/locales/ko.json,2257,6ab9d089a822553311230633acee9e701ea0f7eeb93d2e969a7fcd21a1d2d7af
workspace_mirror/work/local_llm_runtime/node_modules/yargs/locales/nb.json,1680,8de6f5381e45e448536b0143a6cc6130b7d87ea495881e5bebc4e9569238ebe6
workspace_mirror/work/local_llm_runtime/node_modules/yargs/locales/nl.json,1958,638c26e2d638bc08023e4e9924237c2c0f67130eb4d454c824b15cd4da916671
workspace_mirror/work/local_llm_runtime/node_modules/yargs/locales/nn.json,1661,466b2d749e6115b0bc8fe0fce420f4e049f3c7e69831ae4ab0e66b402230a627
workspace_mirror/work/local_llm_runtime/node_modules/yargs/locales/pirate.json,569,0e66add12f48117254852ebac22250ad18bbc859b5de40301dd047800be40e36
workspace_mirror/work/local_llm_runtime/node_modules/yargs/locales/pl.json,2075,64d84f86e74e9b14e6cb8159e65cb2a2b0302e848d61fdd25f8710e70446665c
workspace_mirror/work/local_llm_runtime/node_modules/yargs/locales/pt.json,1917,d36c160b1f4757b6275cb5dd4135d2d8262d8d1b79147e3c3fcf9acecc1b89d2
workspace_mirror/work/local_llm_runtime/node_modules/yargs/locales/pt_BR.json,1932,503075049239e50e8fe82b7d06d062f5a1d69f26346d05af487dc8b3e090596e
workspace_mirror/work/local_llm_runtime/node_modules/yargs/locales/ru.json,2972,3505a2e258e83fdf33bf31cc8e53aedb2018add60c3df70f4818dbf791ee9a84
workspace_mirror/work/local_llm_runtime/node_modules/yargs/locales/th.json,3278,3ff78ad6e861403ff1c94707d6e13dd87e948424008156debc0e7d3a4f4500d3
workspace_mirror/work/local_llm_runtime/node_modules/yargs/locales/tr.json,1912,4744c36d2531029ed93d593a25c595f4ea1f9c2f4f037867aa8f36161f959886
workspace_mirror/work/local_llm_runtime/node_modules/yargs/locales/uk_UA.json,2748,70baca396d1387b30a163b03561ff1177088b579de53b89359158eed847fc273
workspace_mirror/work/local_llm_runtime/node_modules/yargs/locales/uz.json,2157,27f6a0144dd21321b2ca160c174a8622bc4d86af3e64c27bc6f06bad44b59aa0
workspace_mirror/work/local_llm_runtime/node_modules/yargs/locales/zh_CN.json,1907,bacf8a4dcdd23146ff5834e7853536a7d97a1baca15a8ad5939c719e583a3f59
workspace_mirror/work/local_llm_runtime/node_modules/yargs/locales/zh_TW.json,2055,9f191189f2b4551c9c04c02fb75db1c111beca65fae5be7e7f032ae07dc3dc76
workspace_mirror/work/local_llm_runtime/node_modules/yargs/node_modules/ansi-regex/index.d.ts,744,a902326b04490db2b99a85e58e0acb14a437ca7e2231e9adfb2fa91acdcc365c
workspace_mirror/work/local_llm_runtime/node_modules/yargs/node_modules/ansi-regex/index.js,350,c92312790eb1f246b7c4c1fe9c1247b15441bbca3c6cb64d167beefc45302753
workspace_mirror/work/local_llm_runtime/node_modules/yargs/node_modules/ansi-regex/license,1109,48da2f39e100d4085767e94966b43f4fa95ff6a0698fba57ed460914e35f94a0
workspace_mirror/work/local_llm_runtime/node_modules/yargs/node_modules/ansi-regex/package.json,841,8b2dc166f2b74d5098bad38bdd3dd2f4d4775c626199872f5e36dbb48c40931d
workspace_mirror/work/local_llm_runtime/node_modules/yargs/node_modules/ansi-regex/readme.md,2565,3ebc0f845b1bab50600f823716040fbec355d3c356a3a76b8eb9eb593b6c7a3a
workspace_mirror/work/local_llm_runtime/node_modules/yargs/node_modules/is-fullwidth-code-point/index.d.ts,549,9a3e6bdffd8335b7d29c1d578ef7411703c57d07aff959bda92b27110f868532
workspace_mirror/work/local_llm_runtime/node_modules/yargs/node_modules/is-fullwidth-code-point/index.js,1756,7db24c9c5d58273ba32eee1bec3dfebd393fdeddd0b5879ef01dc595476e6979
workspace_mirror/work/local_llm_runtime/node_modules/yargs/node_modules/is-fullwidth-code-point/license,1109,48da2f39e100d4085767e94966b43f4fa95ff6a0698fba57ed460914e35f94a0
workspace_mirror/work/local_llm_runtime/node_modules/yargs/node_modules/is-fullwidth-code-point/package.json,737,5b48496ca129073ed44a677b777ea3b91366c8bc228bc75fe858749a78ac1a32
workspace_mirror/work/local_llm_runtime/node_modules/yargs/node_modules/is-fullwidth-code-point/readme.md,843,17df4cd59773b379650f1d15fb4e4333a1c7ff9e391a91b99961f65eed39384a
workspace_mirror/work/local_llm_runtime/node_modules/yargs/node_modules/string-width/index.d.ts,792,08f234e8871dacf59e1f194fd83c11d002d8d4d488f7be138900755e3e637a24
workspace_mirror/work/local_llm_runtime/node_modules/yargs/node_modules/string-width/index.js,923,ed69ea4f757130e46dc48a0cc31beb6257e61a31c70936d82b8a3f02ffd64df5
workspace_mirror/work/local_llm_runtime/node_modules/yargs/node_modules/string-width/license,1109,48da2f39e100d4085767e94966b43f4fa95ff6a0698fba57ed460914e35f94a0
workspace_mirror/work/local_llm_runtime/node_modules/yargs/node_modules/string-width/package.json,941,6457a02418f004fe5d3fbbb19c7cbcc1450a8b887ff9a471dc6985ac83a48d36
workspace_mirror/work/local_llm_runtime/node_modules/yargs/node_modules/string-width/readme.md,1396,cd4aaf53cc7df4210595512d1fdfcd78b671da703a7e695673fcecc167ec66a3
workspace_mirror/work/local_llm_runtime/node_modules/yargs/node_modules/strip-ansi/index.d.ts,369,4b0f7f88fc46a672cb59eeb2782af271c203600d602f57a717ef07f96092caf8
workspace_mirror/work/local_llm_runtime/node_modules/yargs/node_modules/strip-ansi/index.js,154,bf37cd692bf030c2ec270945bc26aa8b19ad379fa5916f12304758f709ab0978
workspace_mirror/work/local_llm_runtime/node_modules/yargs/node_modules/strip-ansi/license,1109,48da2f39e100d4085767e94966b43f4fa95ff6a0698fba57ed460914e35f94a0
workspace_mirror/work/local_llm_runtime/node_modules/yargs/node_modules/strip-ansi/package.json,798,0130850b9da0584f54cc20d3dab6365c807e9436ac78e016d5009efa99bd0530
workspace_mirror/work/local_llm_runtime/node_modules/yargs/node_modules/strip-ansi/readme.md,1599,cb384db30337ecec75919b4c69aab67358b4f4e384406956687894b6d777413b
workspace_mirror/work/local_llm_runtime/node_modules/yargs/package.json,3136,357c9c2e7725d86a137de13fa68441f88a750b5083313cc1482a7969bcb81584
workspace_mirror/work/local_llm_runtime/node_modules/yargs/yargs,220,92f8754029e24807ffc97ad723945f7e206444a2f30c4cba40870f8e1296395c
workspace_mirror/work/local_llm_runtime/node_modules/yargs/yargs.cjs,476,ef1e69a89d7b5b611ffb00996b80aeb45320561e3d4871b5ac0090346541f491
workspace_mirror/work/local_llm_runtime/node_modules/yargs/yargs.mjs,473,559d52aa26a9c9af5fdfdb4c1db6280373752871bf1d43e0a4e8bf9c7b572186
workspace_mirror/work/local_llm_runtime/node_modules/yargs-parser/CHANGELOG.md,16462,ad3e83dc57332c5c0bc434ca7f241e69c11d44c3f213c1711ee41fdc5e3e7974
workspace_mirror/work/local_llm_runtime/node_modules/yargs-parser/LICENSE.txt,731,365496ca1f56da40b23c9815fc40fa9005847b2f8f8fd1c1a4929ef25ec8cd1d
workspace_mirror/work/local_llm_runtime/node_modules/yargs-parser/README.md,11916,3a295cc50b185c69ff3c6dd449c86c40a299c6d5254d302c209979600b17698b
workspace_mirror/work/local_llm_runtime/node_modules/yargs-parser/browser.js,1016,54d8920e8cb494b078ad57afff5634ad7f7b017f9191262819f0da3ca0572eff
workspace_mirror/work/local_llm_runtime/node_modules/yargs-parser/build/index.cjs,42891,90524bb194d98914fb13d777c768ce737da46f8e35ce185a6ce82e933402dce4
workspace_mirror/work/local_llm_runtime/node_modules/yargs-parser/build/lib/index.js,2508,e7e92f404ae8bc59e05b8ab9a9f7522c9e26278940df08dd75f3325ba8461ebf
workspace_mirror/work/local_llm_runtime/node_modules/yargs-parser/build/lib/string-utils.js,2084,0d14d7a4b273d34c12379abdd369088ad09555d7c1cf6f2619c06ba0bafbf552
workspace_mirror/work/local_llm_runtime/node_modules/yargs-parser/build/lib/tokenize-arg-string.js,1092,b407a546e2bc210cdfa2685e6802743fadbbb11cdb646e1c489d8f507cf53acc
workspace_mirror/work/local_llm_runtime/node_modules/yargs-parser/build/lib/yargs-parser-types.js,425,2ad2a7cd5bc7fde9e28f71525599fc8196ac9aec00f84d285f53c484c64300b9
workspace_mirror/work/local_llm_runtime/node_modules/yargs-parser/build/lib/yargs-parser.js,46827,4864e5d4520e72489cd492e70401387ea3db2a2b710831c513dd08700e6d8e22
workspace_mirror/work/local_llm_runtime/node_modules/yargs-parser/package.json,2518,b6ee1fa4e1881d6f5388a3a52e34c2499a4c01d81615b69f08f12ca35289880b
workspace_mirror/work/local_llm_runtime/node_modules/yoctocolors/base.d.ts,2112,c87b38fc9478d60cb5d5641a676ea696501603acf308ff19fe5abc70e3c3641e
workspace_mirror/work/local_llm_runtime/node_modules/yoctocolors/base.js,4401,29f91f909f7c83a1d3020045647b7fccdb0d1b647692f43f4c86c5b3fc28f187
workspace_mirror/work/local_llm_runtime/node_modules/yoctocolors/index.d.ts,65,d1cc9289766f3874cb06fbc04c8292262e608db3b2ea3d78d8b797bf5965446a
workspace_mirror/work/local_llm_runtime/node_modules/yoctocolors/index.js,65,d1cc9289766f3874cb06fbc04c8292262e608db3b2ea3d78d8b797bf5965446a
workspace_mirror/work/local_llm_runtime/node_modules/yoctocolors/license,1117,5c932d88256b4ab958f64a856fa48e8bd1f55bc1d96b8149c65689e0c61789d3
workspace_mirror/work/local_llm_runtime/node_modules/yoctocolors/package.json,1234,ea6854f768a173d117089cbddc6e8df97c9f82dca599852231cafa6dc2dbabc4
workspace_mirror/work/local_llm_runtime/node_modules/yoctocolors/readme.md,4525,bc66cefefac4692c68f0df86c814c7af6be743ba1ed4208b25f7485368a0e199
workspace_mirror/work/local_llm_runtime/package-lock.json,63355,88427133d1771f8fc761ac4152e353720d8d08163e52ff5488f61a6d4e4cc747
workspace_mirror/work/local_llm_runtime/package.json,146,6c8740d48b008febf1832c29613170247800191780d0439f087a8bc25135f090
workspace_mirror/work/local_llm_runtime/run_hamba_local_llm.mjs,11576,390ad5c15a118bc3bee988a1a030b22fc3f40e00b80254be41ac14cc7772c036
workspace_mirror/work/smoke/normalized_actions.jsonl,7163,73812d874ad264b7002e709cbe76b6d95c1c76700e879aedcb44f593d2feeb54
workspace_mirror/work/smoke/profiles/reddit_profiles.json,17240,1603e31fd06c199bd62ce0e74043788cf9451338ee1207073816b9f9958ccdfc
workspace_mirror/work/smoke/profiles/twitter_profiles.json,17963,656776eff563df720631b354aee9eaeb114c87ad0d8857483187c36fade881c6
workspace_mirror/work/smoke/propagation.json,2094,07cf238b931ac7c12ca11a85de7f2313399d36af515e7c68bcf9350841e51480
workspace_mirror/work/smoke/raw_oasis_actions.jsonl,2938,e9f6a228dede070607b4780e5bae07eb4aba6b4b2ada13d3a9692b7bb0542317
workspace_mirror/work/smoke/result.json,3159,27d5e42e1797dcd820a61d8a6b303e89b037e11ec73bb1c78841d9e241843f3b
workspace_mirror/work/synthesis/THE_SPRING_LOADED_DOOR_MASTER_SYNTHESIS_V34_2_4_MIROFISH_BRIDGE_EXECUTION_AUGUST_2026.md,1566425,92cd02eb90a1330ec0443c01648bab990ef06dc8d9925851ed43eea07b596b50
